trading_date,split,universe_rows,tradable_count,feature_ready_count,return_1d_count,return_1d_coverage_pct,return_1d_mean_pct,return_1d_median_pct,positive_1d_pct,return_5d_count,return_5d_coverage_pct,return_5d_mean_pct,return_5d_median_pct,positive_5d_pct,return_20d_count,return_20d_coverage_pct,return_20d_mean_pct,return_20d_median_pct,positive_20d_pct,cross_sectional_volatility_1d_pct,close_above_ma20_count,close_above_ma20_pct,ma5_above_ma20_count,ma5_above_ma20_pct,volume_above_ma20_count,volume_above_ma20_pct,volume_ma5_above_ma20_count,volume_ma5_above_ma20_pct,direction,volatility_past_median_pct,volatility_regime,joint_regime
2024-01-02,2024,574,523,0,0,0,,,,0,0,,,,0,0,,,,,0,,0,,0,,0,,UNKNOWN,,UNKNOWN,UNKNOWN_UNKNOWN
2024-01-03,2024,574,522,0,522,90.940766550522639,-0.73988659642311361,-0.85397158775998294,31.03448275862069,0,0,,,,0,0,,,,2.782623848355875,0,,0,,0,,0,,UNKNOWN,,UNKNOWN,UNKNOWN_UNKNOWN
2024-01-04,2024,574,523,0,522,90.940766550522639,-0.60218299230593031,-0.83790585642997684,31.992337164750957,0,0,,,,0,0,,,,3.9499623153492847,0,,0,,0,,0,,UNKNOWN,,UNKNOWN,UNKNOWN_UNKNOWN
2024-01-05,2024,574,523,0,523,91.114982578397203,0.12154566449762511,-0.196850393700787,41.873804971319309,0,0,,,,0,0,,,,2.8967110654279469,0,,0,,0,,0,,UNKNOWN,,UNKNOWN,UNKNOWN_UNKNOWN
2024-01-08,2024,574,523,0,523,91.114982578397203,0.28737561371389053,-0.29821073558647931,38.814531548757166,0,0,,,,0,0,,,,3.2733233873430132,0,,0,,0,,0,,UNKNOWN,,UNKNOWN,UNKNOWN_UNKNOWN
2024-01-09,2024,574,523,0,523,91.114982578397203,1.0082138394107991,0.47885075818037132,64.05353728489483,522,90.940766550522639,-0.08923080845037594,-1.214297750442328,38.505747126436781,0,0,,,,3.2948941163121401,0,,0,,0,,0,,UNKNOWN,,UNKNOWN,UNKNOWN_UNKNOWN
2024-01-10,2024,574,523,0,523,91.114982578397203,-0.45297484526534959,-0.56224899598393818,35.372848948374767,522,90.940766550522639,0.12291244291443199,-1.088932806324111,40.996168582375482,0,0,,,,3.3934517362954502,0,,0,,0,,0,,UNKNOWN,,UNKNOWN,UNKNOWN_UNKNOWN
2024-01-11,2024,574,523,0,523,91.114982578397203,0.4536440347898541,0,47.609942638623323,523,91.114982578397203,1.4854907928522267,-0.1333333333333297,47.609942638623323,0,0,,,,3.5667212188211121,0,,0,,0,,0,,UNKNOWN,,UNKNOWN,UNKNOWN_UNKNOWN
2024-01-12,2024,574,523,0,523,91.114982578397203,-0.98969417086840605,-1.207349081364828,25.430210325047803,523,91.114982578397203,0.32439260099331391,-0.81743869209809361,39.196940726577438,0,0,,,,3.3954059186359768,0,,0,,0,,0,,UNKNOWN,,UNKNOWN,UNKNOWN_UNKNOWN
2024-01-15,2024,574,523,0,523,91.114982578397203,-0.075677044361342982,-0.39630118890356941,38.049713193116638,523,91.114982578397203,-0.060113217410110623,-1.2135922330097082,38.623326959847034,0,0,,,,3.5903982490067516,0,,0,,0,,0,,UNKNOWN,,UNKNOWN,UNKNOWN_UNKNOWN
2024-01-16,2024,574,523,0,523,91.114982578397203,-0.73703173892010931,-0.94086021505376261,26.003824091778206,523,91.114982578397203,-1.8068656925124063,-2.6570048309178751,25.047801147227531,0,0,,,,3.0423963647198611,0,,0,,0,,0,,UNKNOWN,,UNKNOWN,UNKNOWN_UNKNOWN
2024-01-17,2024,574,523,0,523,91.114982578397203,-2.430925921609373,-2.42622950819672,8.2217973231357551,523,91.114982578397203,-3.7368354706817399,-4.9180327868852514,17.01720841300191,0,0,,,,2.2956338930511047,0,,0,,0,,0,,UNKNOWN,,UNKNOWN,UNKNOWN_UNKNOWN
2024-01-18,2024,574,523,0,523,91.114982578397203,0.46140350601879837,0,48.948374760994263,523,91.114982578397203,-3.7226290673885649,-4.2031523642732003,17.01720841300191,0,0,,,,2.8611140782466378,0,,0,,0,,0,,UNKNOWN,,UNKNOWN,UNKNOWN_UNKNOWN
2024-01-19,2024,574,523,0,523,91.114982578397203,0.84452461094983444,0.54054054054053502,60.038240917782026,523,91.114982578397203,-1.9529124270841827,-2.4271844660194164,29.827915869980881,0,0,,,,3.3585157200411602,0,,0,,0,,0,,UNKNOWN,,UNKNOWN,UNKNOWN_UNKNOWN
2024-01-22,2024,574,523,0,523,91.114982578397203,0.72982323791595349,0.18050541516245741,51.816443594646266,523,91.114982578397203,-1.120815935465854,-1.9786910197869161,36.520076481835559,0,0,,,,4.2265246677976167,0,,0,,0,,0,,UNKNOWN,,UNKNOWN,UNKNOWN_UNKNOWN
2024-01-23,2024,574,523,0,523,91.114982578397203,0.42420291940866173,0.30721966205837781,54.875717017208416,523,91.114982578397203,0.0025425274938353191,-0.4983388704318914,44.550669216061181,0,0,,,,3.1671924148011938,0,,0,,0,,0,,UNKNOWN,,UNKNOWN,UNKNOWN_UNKNOWN
2024-01-24,2024,574,523,0,523,91.114982578397203,-0.090888858451125765,-0.45941807044410637,37.476099426386234,523,91.114982578397203,2.4497001736945543,1.2012012012011963,59.655831739961762,0,0,,,,3.2246720713853447,0,,0,,0,,0,,UNKNOWN,,UNKNOWN,UNKNOWN_UNKNOWN
2024-01-25,2024,574,523,0,523,91.114982578397203,-0.17293520165435791,-0.37926675094817058,43.59464627151052,523,91.114982578397203,1.8180637642391977,1.4692522164092561,57.361376673040155,0,0,,,,4.0633129260468062,0,,0,,0,,0,,UNKNOWN,,UNKNOWN,UNKNOWN_UNKNOWN
2024-01-26,2024,574,524,0,523,91.114982578397203,0.50629126458908646,0.2341920374707262,55.25812619502868,523,91.114982578397203,1.3894798827170733,0.96308186195825918,57.170172084130023,0,0,,,,3.3756302811484917,0,,0,,0,,0,,UNKNOWN,,UNKNOWN,UNKNOWN_UNKNOWN
2024-01-29,2024,574,524,0,524,91.289198606271782,-0.51024212476822206,-0.59410209026116145,40.648854961832058,523,91.114982578397203,0.25475799607194571,-0.18734388009992159,47.801147227533455,0,0,,,,4.1871024722135859,522,39.463601532567047,522,40.996168582375482,522,41.762452107279699,522,40.996168582375482,UNKNOWN,,UNKNOWN,UNKNOWN_UNKNOWN
2024-01-30,2024,574,524,0,524,91.289198606271782,-0.1085896016991716,-0.28480407876367297,42.748091603053432,523,91.114982578397203,-0.2757035930450189,-0.98901098901098561,43.59464627151052,522,90.940766550522639,-2.2219773682360424,-3.5418947692747835,35.249042145593869,3.363992696460107,522,40.229885057471265,522,43.103448275862064,522,38.122605363984675,522,44.444444444444443,BEAR,,UNKNOWN,BEAR_UNKNOWN
2024-01-31,2024,574,524,0,524,91.289198606271782,-1.3479573059514989,-1.3122294372294396,29.770992366412212,523,91.114982578397203,-1.4499255507839661,-1.9503546099290725,38.049713193116638,522,90.940766550522639,-2.8667248467295701,-3.6277368181731107,36.206896551724135,3.299219253402661,523,35.755258126195031,523,40.152963671128106,523,38.432122370936902,523,48.183556405353727,BEAR,,UNKNOWN,BEAR_UNKNOWN
2024-02-01,2024,574,524,0,524,91.289198606271782,0.50399651923376065,0.28008385525036811,54.580152671755719,523,91.114982578397203,-0.69971203249497815,-1.4492753623188359,40.152963671128106,523,91.114982578397203,-1.638770610095615,-3.4523809523809512,38.814531548757166,3.7670976076071407,523,36.328871892925427,523,39.005736137667299,523,53.537284894837477,523,49.713193116634798,BEAR,,UNKNOWN,BEAR_UNKNOWN
2024-02-02,2024,574,525,0,524,91.289198606271782,1.8168527116652375,1.5165890403082027,78.435114503816791,524,91.289198606271782,0.49130676677407292,-0.9355923544080712,45.038167938931295,523,91.114982578397203,0.089516108580778603,-2.4590163934426257,42.638623326959845,2.9241919848646085,523,43.785850860420652,523,39.38814531548757,523,45.506692160611856,523,51.625239005736134,NEUTRAL,,UNKNOWN,NEUTRAL_UNKNOWN
2024-02-05,2024,574,524,0,524,91.289198606271782,-0.77495909063534096,-0.8346084456941405,31.106870229007633,523,91.114982578397203,0.1600096953718331,-0.4777070063694322,45.697896749521988,522,90.940766550522639,-0.95661243546551145,-2.8343268832286661,40.229885057471265,3.066963665925901,522,41.187739463601531,522,38.888888888888893,522,34.674329501915707,522,46.743295019157088,NEUTRAL,,UNKNOWN,NEUTRAL_UNKNOWN
2024-02-06,2024,574,524,0,524,91.289198606271782,-0.0043912684089948634,-0.40228645383951211,40.076335877862597,523,91.114982578397203,0.16158765266246661,-0.47505938242280438,46.080305927342259,522,90.940766550522639,-1.973633300317899,-3.4047973437142165,35.82375478927203,3.6572562258088324,522,41.187739463601531,522,38.505747126436781,522,31.417624521072796,522,47.701149425287355,BEAR,,UNKNOWN,BEAR_UNKNOWN
2024-02-07,2024,574,524,0,524,91.289198606271782,0.53496393600263226,0.28943802528708085,57.633587786259547,523,91.114982578397203,2.0831579680493033,1.3869625520110953,62.141491395793501,522,90.940766550522639,-0.90446374149186703,-3.0565082174773548,37.931034482758619,3.2157675034318673,522,43.869731800766282,522,41.187739463601531,522,30.268199233716476,522,48.084291187739467,BEAR,,UNKNOWN,BEAR_UNKNOWN
2024-02-08,2024,574,524,0,524,91.289198606271782,0.76593123643123906,0.262152017247752,55.916030534351144,523,91.114982578397203,2.3043423123736346,1.3879250520471895,63.479923518164441,522,90.940766550522639,-0.54830880753691247,-3.6633212674680058,39.846743295019152,3.1482903129374176,522,47.701149425287355,522,43.678160919540232,522,35.05747126436782,522,44.636015325670499,BEAR,,UNKNOWN,BEAR_UNKNOWN
2024-02-13,2024,574,524,0,524,91.289198606271782,1.6666137679475146,1.1221962584129774,69.656488549618317,524,91.289198606271782,2.1483136459782881,0.79630982827914032,58.015267175572518,522,90.940766550522639,2.1122124481325395,-1.3017683153373594,46.551724137931032,3.8695109756092414,522,58.812260536398462,522,46.551724137931032,522,44.252873563218394,522,44.444444444444443,NEUTRAL,,UNKNOWN,NEUTRAL_UNKNOWN
2024-02-14,2024,574,524,0,524,91.289198606271782,0.57847507279869748,0,49.42748091603054,524,91.289198606271782,3.5956793089588155,1.9153953650867583,64.122137404580144,522,90.940766550522639,2.7082017339863782,-0.071428571428572243,49.616858237547895,3.3745369929617728,522,63.984674329501914,522,52.68199233716475,522,34.482758620689658,522,42.911877394636015,NEUTRAL,,UNKNOWN,NEUTRAL_UNKNOWN
2024-02-15,2024,574,525,0,524,91.289198606271782,0.25995514751570248,-0.1282793861652087,43.702290076335878,524,91.289198606271782,3.8597500384894001,2.4768732315902158,69.465648854961842,522,90.940766550522639,3.6552502945581109,0.91520170256524924,55.172413793103445,3.243379447096812,522,64.367816091954026,522,58.429118773946364,522,31.03448275862069,522,41.762452107279699,NEUTRAL,,UNKNOWN,NEUTRAL_UNKNOWN
2024-02-16,2024,574,525,0,525,91.463414634146346,0.6391007503433872,0.31712473572937933,57.142857142857139,524,91.289198606271782,3.930669617389499,2.3301058727716928,72.51908396946564,522,90.940766550522639,6.8046408129202982,4.0635089690708721,65.708812260536405,3.338525917188353,522,67.241379310344826,522,63.984674329501914,522,29.501915708812259,522,41.762452107279699,BULL,,UNKNOWN,BULL_UNKNOWN
2024-02-19,2024,574,525,0,525,91.463414634146346,0.75570001525409602,0.2304147465437722,55.238095238095241,524,91.289198606271782,3.8261012302035851,2.4697975943701378,74.809160305343511,522,90.940766550522639,7.1885345049013525,4.2438914569573161,66.091954022988503,3.5091313970222684,522,70.689655172413794,522,67.432950191570882,522,33.524904214559385,522,40.996168582375482,BULL,,UNKNOWN,BULL_UNKNOWN
2024-02-20,2024,574,525,0,525,91.463414634146346,-0.20409885860849861,-0.69252077562327308,32.38095238095238,524,91.289198606271782,1.954095554969193,0.62973191186290745,57.061068702290072,522,90.940766550522639,6.2350048021880475,2.8960215260426692,61.877394636015325,3.5425292316473618,522,63.793103448275865,522,68.582375478927204,522,25.478927203065133,522,37.73946360153257,BULL,,UNKNOWN,BULL_UNKNOWN
2024-02-21,2024,574,525,0,525,91.463414634146346,-0.068035735046136941,-0.36706869428421163,39.61904761904762,524,91.289198606271782,1.2806500050112277,0.2610555064926578,51.908396946564885,522,90.940766550522639,5.3783488529706993,2.3210525254445784,59.961685823754785,3.5693523412624701,522,63.40996168582376,522,69.157088122605359,522,29.310344827586203,522,37.547892720306514,NEUTRAL,,UNKNOWN,NEUTRAL_UNKNOWN
2024-02-22,2024,574,525,0,525,91.463414634146346,0.50606555361570926,0,47.619047619047613,525,91.463414634146346,1.5740543020929714,0.60975609756097615,54.857142857142861,522,90.940766550522639,5.336575394236581,2.158341603080427,58.812260536398462,3.3403673773266918,522,62.835249042145591,522,70.498084291187737,522,29.118773946360154,522,36.206896551724135,NEUTRAL,,UNKNOWN,NEUTRAL_UNKNOWN
2024-02-23,2024,574,526,0,525,91.463414634146346,-0.30534214735976201,-0.62929061784896545,34.476190476190474,525,91.463414634146346,0.65839633207578496,-0.66545674531155452,43.428571428571431,522,90.940766550522639,5.1725502520828037,2.1711991711991674,58.045977011494251,2.8824771039542889,522,61.877394636015325,522,67.241379310344826,522,34.865900383141764,522,36.781609195402297,NEUTRAL,,UNKNOWN,NEUTRAL_UNKNOWN
2024-02-26,2024,574,525,0,525,91.463414634146346,-0.60813028906975164,-0.82853654282225575,28.19047619047619,525,91.463414634146346,-0.66168303925578731,-1.9746121297602224,31.238095238095237,522,90.940766550522639,4.7602909153549922,1.9942886061307119,58.429118773946364,3.368527650620321,523,52.007648183556412,523,61.376673040152966,523,26.768642447418738,523,36.711281070745699,NEUTRAL,,UNKNOWN,NEUTRAL_UNKNOWN
2024-02-27,2024,574,526,0,525,91.463414634146346,-1.1861477344529314,-1.462317210348707,19.80952380952381,525,91.463414634146346,-1.641110462190297,-2.7083333333333348,25.333333333333336,523,91.114982578397203,2.9288379343838806,0.25332488917035872,50.478011472275327,3.4039675820153334,523,42.256214149139581,523,55.640535372848952,523,33.652007648183556,523,36.137667304015295,NEUTRAL,,UNKNOWN,NEUTRAL_UNKNOWN
2024-02-28,2024,574,527,0,526,91.637630662020911,0.91419501791540159,0.64885690957338094,61.977186311787072,525,91.463414634146346,-0.66381093644206246,-2.0373800303081331,31.61904761904762,523,91.114982578397203,4.2883703959951474,1.212440695835526,55.640535372848952,2.9931803982911078,523,47.227533460803059,523,54.110898661567873,523,30.592734225621417,523,36.902485659655831,NEUTRAL,,UNKNOWN,NEUTRAL_UNKNOWN
2024-02-29,2024,574,527,0,527,91.811846689895475,-0.40848016640917106,-0.71428571428571175,33.586337760910816,525,91.463414634146346,-1.6065036151012551,-2.7814569536423805,28.000000000000004,523,91.114982578397203,3.8967863720068623,1.1815077773562388,56.214149139579348,3.0834350458094062,523,43.59464627151052,523,49.139579349904402,523,36.137667304015295,523,36.711281070745699,NEUTRAL,,UNKNOWN,NEUTRAL_UNKNOWN
2024-03-04,2024,574,527,0,527,91.811846689895475,1.0759720123637475,0.14265335235377199,51.612903225806448,525,91.463414634146346,-0.24728448403151115,-1.2820512820512775,37.523809523809526,523,91.114982578397203,6.4700192631597346,2.4282560706401668,61.75908221797323,4.3882793270382647,523,46.080305927342259,523,44.74187380497132,523,36.711281070745699,523,38.24091778202677,BULL,,UNKNOWN,BULL_UNKNOWN
2024-03-05,2024,574,527,0,527,91.811846689895475,-0.16874932423992542,-0.76335877862595536,32.068311195445922,525,91.463414634146346,0.28851527213258588,-1.1595803423522957,40.38095238095238,523,91.114982578397203,5.9626861594134359,1.5170670037926604,56.40535372848948,3.5016554210966597,524,42.55725190839695,524,42.366412213740453,524,31.87022900763359,524,40.458015267175576,NEUTRAL,,UNKNOWN,NEUTRAL_UNKNOWN
2024-03-06,2024,574,527,0,527,91.811846689895475,0.47880465323035037,-0.112612612612617,45.730550284629977,526,91.637630662020911,2.0135415924193145,0,48.859315589353614,524,91.289198606271782,4.5621726118097738,-0.37601522699289286,48.282442748091604,3.6494004967709155,524,41.603053435114504,524,42.55725190839695,524,29.770992366412212,524,43.702290076335878,NEUTRAL,,UNKNOWN,NEUTRAL_UNKNOWN
2024-03-07,2024,574,528,0,527,91.811846689895475,-0.66250243846567825,-0.85333333333332806,32.447817836812142,527,91.811846689895475,0.40212853359944778,-1.2544802867383464,39.658444022770404,524,91.289198606271782,4.667579720046751,-0.25297046298250464,49.42748091603054,3.0626285971456628,524,39.694656488549619,524,41.221374045801525,524,37.213740458015266,524,44.465648854961835,NEUTRAL,,UNKNOWN,NEUTRAL_UNKNOWN
2024-03-08,2024,574,528,0,528,91.986062717770039,0.8142572375920939,0.30848488019750153,55.871212121212125,527,91.811846689895475,1.6019214924138891,-0.33783783783783988,46.489563567362431,524,91.289198606271782,5.4799222490322332,1.1540099266809434,52.099236641221367,3.2218575564049927,524,42.748091603053432,524,40.076335877862597,524,33.587786259541986,524,41.030534351145036,NEUTRAL,,UNKNOWN,NEUTRAL_UNKNOWN
2024-03-11,2024,574,528,0,528,91.986062717770039,-0.089703573852605745,-0.34988540870893869,40.530303030303031,527,91.811846689895475,0.35521405074043333,-1.0937500000000044,40.417457305502843,524,91.289198606271782,4.9106308601350097,0.22740071263166456,50.381679389312971,3.2434499846824858,524,40.458015267175576,524,39.503816793893129,524,27.671755725190838,524,37.595419847328245,NEUTRAL,,UNKNOWN,NEUTRAL_UNKNOWN
2024-03-12,2024,574,528,0,528,91.986062717770039,0.54720512312081548,0,48.863636363636367,527,91.811846689895475,1.1095048268752448,-0.0683060109289646,47.628083491461098,524,91.289198606271782,4.7803729770219245,0.25241023909698956,50.381679389312971,3.4896769742508895,524,42.938931297709928,524,39.885496183206108,524,27.862595419847331,524,37.977099236641223,NEUTRAL,,UNKNOWN,NEUTRAL_UNKNOWN
2024-03-13,2024,574,528,0,528,91.986062717770039,0.45365658855759067,0,48.295454545454547,527,91.811846689895475,1.0898335852590337,0,48.197343453510442,524,91.289198606271782,3.3935521523968588,-0.87606939120075111,46.374045801526719,3.4854170215388449,524,45.229007633587784,524,40.458015267175576,524,32.824427480916029,524,40.076335877862597,NEUTRAL,,UNKNOWN,NEUTRAL_UNKNOWN
2024-03-14,2024,574,527,0,527,91.811846689895475,0.44855029562441034,0,48.387096774193552,527,91.811846689895475,2.1609861383588274,1.1056511056511065,60.531309297912713,523,91.114982578397203,3.0964611194008365,-0.37831021437578771,48.75717017208413,3.7131101934454227,524,47.328244274809158,524,42.175572519083971,524,46.946564885496187,524,42.748091603053432,NEUTRAL,,UNKNOWN,NEUTRAL_UNKNOWN
2024-03-15,2024,574,528,0,527,91.811846689895475,-0.62274288826833035,-0.91714104996837276,28.842504743833018,527,91.811846689895475,0.69488838001323583,-0.19379844961240339,47.248576850094878,524,91.289198606271782,2.2796675111849432,-1.4034518641870939,44.083969465648856,3.6154517664414736,524,43.702290076335878,524,42.55725190839695,524,40.267175572519079,524,42.938931297709928,NEUTRAL,,UNKNOWN,NEUTRAL_UNKNOWN
2024-03-18,2024,574,528,0,528,91.986062717770039,1.1302837322265866,0.33092422251423947,56.439393939393945,527,91.811846689895475,1.9200172372733197,0.35906642728904531,53.320683111954459,524,91.289198606271782,2.9509392773756717,-1.4936889090588878,44.083969465648856,3.5664361699018685,524,46.374045801526719,524,44.656488549618324,524,24.427480916030532,524,43.511450381679388,NEUTRAL,,UNKNOWN,NEUTRAL_UNKNOWN
2024-03-19,2024,574,528,0,528,91.986062717770039,-0.83736412796941639,-0.81039193023011435,29.356060606060609,527,91.811846689895475,0.50765169099033491,-0.53533190578158862,44.212523719165084,524,91.289198606271782,1.2930743535376086,-3.0884896473314774,41.030534351145036,2.7541842882137821,524,43.12977099236641,524,46.374045801526719,524,26.908396946564885,524,45.419847328244273,NEUTRAL,,UNKNOWN,NEUTRAL_UNKNOWN
2024-03-20,2024,574,529,0,528,91.986062717770039,0.40828090030529285,0.033898305084745201,50,527,91.811846689895475,0.43470460811102202,-0.33167495854062862,46.299810246679321,524,91.289198606271782,1.8638118382681645,-1.8818048175428426,43.12977099236641,2.8743205875601365,524,46.18320610687023,524,47.519083969465647,524,28.625954198473281,524,43.320610687022906,NEUTRAL,,UNKNOWN,NEUTRAL_UNKNOWN
2024-03-21,2024,574,529,0,528,91.986062717770039,1.3702799806325427,0.69824669716940235,68.75,527,91.811846689895475,1.380325144966742,0.23980815347721671,52.371916508538895,524,91.289198606271782,3.314229746003317,-0.88005571374122349,47.709923664122137,3.3283264858685131,524,53.81679389312977,524,46.946564885496187,524,33.015267175572518,524,40.648854961832058,NEUTRAL,,UNKNOWN,NEUTRAL_UNKNOWN
2024-03-22,2024,574,530,0,529,92.160278745644604,0.11449040525634958,-0.14792899408283541,44.045368620037806,528,91.986062717770039,2.1402209207894471,1.1731782997464246,62.310606060606055,524,91.289198606271782,2.8068282113047518,-0.75473509689653606,46.374045801526719,3.177957841353467,524,56.87022900763359,524,50.190839694656489,524,28.244274809160309,524,34.160305343511446,NEUTRAL,,UNKNOWN,NEUTRAL_UNKNOWN
2024-03-25,2024,574,529,0,529,92.160278745644604,-0.08673700435876,-0.50301810865190921,36.105860113421549,528,91.986062717770039,0.94021591338036259,0.34224517519205733,53.409090909090907,524,91.289198606271782,3.0445306350672845,-0.51573078454799071,47.709923664122137,3.3028953273577493,524,55.725190839694662,524,52.290076335877863,524,24.045801526717558,524,34.160305343511446,NEUTRAL,,UNKNOWN,NEUTRAL_UNKNOWN
2024-03-26,2024,574,529,0,529,92.160278745644604,0.40523851268900757,0,49.527410207939511,528,91.986062717770039,2.2189645029082028,1.2509398687231998,62.5,524,91.289198606271782,4.1098769477237385,0.31397628678173639,50.954198473282439,2.9939263653865367,525,58.666666666666664,525,58.095238095238102,525,30.095238095238098,525,36,NEUTRAL,,UNKNOWN,NEUTRAL_UNKNOWN
2024-03-27,2024,574,529,0,529,92.160278745644604,0.078229294365829399,-0.075187969924816994,45.179584120982987,528,91.986062717770039,1.8876435925043058,0.69938598263874485,59.848484848484851,525,91.463414634146346,5.4355067642307819,1.292596944770863,56.19047619047619,3.1959255126595036,526,55.323193916349808,526,60.266159695817493,526,28.707224334600763,526,37.642585551330797,NEUTRAL,,UNKNOWN,NEUTRAL_UNKNOWN
2024-03-28,2024,574,529,520,529,92.160278745644604,0.12623156317729911,-0.21669411458784529,40.642722117202268,529,92.160278745644604,0.6498678508189949,-0.35460992907800909,45.179584120982987,526,91.637630662020911,4.6229925933047751,0.4258392872254268,51.330798479087449,3.7989864293193558,526,54.752851711026615,526,57.22433460076045,526,33.460076045627375,526,36.311787072243348,NEUTRAL,,UNKNOWN,NEUTRAL_UNKNOWN
2024-03-29,2024,574,531,520,529,92.160278745644604,-0.20009762876856052,-0.62893081761006275,33.081285444234403,529,92.160278745644604,0.33836997397461493,-0.90380890897353561,40.831758034026464,526,91.637630662020911,4.8134282348554276,0.58997070682319519,53.041825095057035,3.245897770480537,526,50.570342205323193,526,56.463878326996195,526,29.277566539923956,526,37.832699619771866,NEUTRAL,,UNKNOWN,NEUTRAL_UNKNOWN
2024-04-01,2024,574,531,521,531,92.508710801393718,1.277014702448197,0.88383838383838675,67.984934086628996,529,92.160278745644604,1.6556126263953403,0.61633281972264253,53.875236294896034,526,91.637630662020911,4.8550118694319018,1.487810849015625,56.27376425855514,3.3923338600423247,526,58.745247148288968,526,56.844106463878333,526,30.418250950570343,526,38.973384030418252,NEUTRAL,3.3394466472575224,HIGH,NEUTRAL_HIGH
2024-04-02,2024,574,531,521,530,92.334494773519154,-1.1039302753481981,-1.362407935376575,23.584905660377359,529,92.160278745644604,0.062487610758506403,-0.85910652920961894,43.478260869565219,526,91.637630662020911,3.7785542162113832,0.75689301449769486,52.471482889733842,3.8750337680152427,526,49.049429657794676,526,54.372623574144484,526,37.072243346007603,526,42.01520912547528,NEUTRAL,3.3403673773266918,HIGH,NEUTRAL_HIGH
2024-04-03,2024,574,531,521,531,92.508710801393718,-0.91462671275494967,-1.1290322580645109,26.365348399246702,529,92.160278745644604,-0.91435182909790436,-1.9157088122605412,32.892249527410208,526,91.637630662020911,2.3252324118473977,-0.6302304624146936,46.197718631178709,3.1515571566906999,527,41.17647058823529,527,50.853889943074002,527,32.258064516129032,527,41.555977229601524,NEUTRAL,3.349441548683926,LOW,NEUTRAL_LOW
2024-04-04,2024,574,531,521,531,92.508710801393718,0.92883449199242851,0.1953125,54.237288135593218,529,92.160278745644604,-0.17863027017158464,-1.379310344827589,39.69754253308129,527,91.811846689895475,4.0114857054391075,0.92592592592593004,53.700189753320679,3.6813259742437774,527,44.971537001897531,527,47.817836812144208,527,32.637571157495252,527,40.60721062618596,NEUTRAL,3.3403673773266918,HIGH,NEUTRAL_HIGH
2024-04-05,2024,574,531,521,531,92.508710801393718,-0.70659095827854068,-0.84175084175084336,29.566854990583803,530,92.334494773519154,-0.45707612685115573,-1.4767798294077705,36.226415094339622,527,91.811846689895475,2.4986973376553072,-0.70721357850070943,45.730550284629977,3.2252667071346042,527,37.571157495256166,527,45.351043643263758,527,24.098671726755221,527,39.08918406072106,NEUTRAL,3.349441548683926,LOW,NEUTRAL_LOW
2024-04-08,2024,574,531,521,531,92.508710801393718,-1.2795749372659198,-1.1570247933884279,28.8135593220339,530,92.334494773519154,-2.9685456696850521,-3.7982977763999672,21.132075471698116,527,91.811846689895475,1.2633145194616122,-1.5424164524421635,41.17647058823529,3.4472316140302972,527,31.688804554079695,527,40.227703984819733,527,25.426944971537001,527,38.140417457305503,NEUTRAL,3.3403673773266918,HIGH,NEUTRAL_HIGH
2024-04-09,2024,574,531,520,530,92.334494773519154,-0.058759141707909017,-0.15865399109628026,43.39622641509434,530,92.334494773519154,-2.0022898449090492,-2.4816507330233772,24.716981132075471,526,91.637630662020911,0.74977487406816745,-2.2248717289697408,38.593155893536121,2.9295354346341735,526,29.087452471482887,526,36.311787072243348,526,17.490494296577946,526,29.277566539923956,BEAR,3.349441548683926,LOW,BEAR_LOW
2024-04-11,2024,574,530,520,530,92.334494773519154,-0.27427751465312461,-0.54750706678297067,35.849056603773583,530,92.334494773519154,-1.3640055091699028,-2.3063949206401757,29.245283018867923,526,91.637630662020911,0.10588773291064955,-3.1118936824833909,37.072243346007603,2.682123049244487,526,29.467680608365022,526,32.50950570342205,526,32.50950570342205,526,27.566539923954377,BEAR,3.3403673773266918,LOW,BEAR_LOW
2024-04-12,2024,574,530,520,530,92.334494773519154,0.14867403749290242,-0.2932186217436849,42.452830188679243,530,92.334494773519154,-2.1428449966772631,-2.9389035366851557,23.39622641509434,526,91.637630662020911,-0.068837330917107309,-3.5592210303807157,35.361216730038024,3.5074144799940465,527,28.273244781783681,527,29.601518026565465,527,28.273244781783681,527,28.652751423149901,BEAR,3.3394466472575224,HIGH,BEAR_HIGH
2024-04-15,2024,574,530,520,530,92.334494773519154,-0.42804143785182325,-0.86583266865370989,34.716981132075468,530,92.334494773519154,-1.8671642795894343,-2.9389461839935738,26.037735849056602,527,91.811846689895475,0.31037940373138628,-3.2895707331464847,36.242884250474383,3.7754010575952539,527,28.842504743833018,527,26.944971537001898,527,25.426944971537001,527,29.981024667931688,BEAR,3.3403673773266918,HIGH,BEAR_HIGH
2024-04-16,2024,574,530,520,530,92.334494773519154,-2.3710628773675899,-2.431215942115367,13.773584905660377,530,92.334494773519154,-2.991470063474889,-3.9802144970414233,22.452830188679247,527,91.811846689895475,-3.2765121949072098,-6.1783439490445851,28.462998102466791,2.9826572819642454,527,20.30360531309298,527,26.565464895635671,527,34.155597722960152,527,31.309297912713475,BEAR,3.349441548683926,LOW,BEAR_LOW
2024-04-17,2024,574,530,520,530,92.334494773519154,0.35580733244702767,0,48.490566037735846,530,92.334494773519154,-2.5678269528686481,-3.5797386771733386,24.150943396226417,527,91.811846689895475,-2.0457161050161643,-5.2391799544419086,30.550284629981022,2.967760744483126,527,22.770398481973434,527,25.237191650853891,527,23.339658444022771,527,31.688804554079695,BEAR,3.3403673773266918,LOW,BEAR_LOW
2024-04-18,2024,574,530,520,530,92.334494773519154,2.5221446852525591,1.9610776393932383,86.603773584905667,530,92.334494773519154,0.14393381473715042,-1.0564532777044389,40.754716981132077,527,91.811846689895475,0.021172788811611016,-3.690685413005268,34.155597722960152,3.2334318180786767,528,30.492424242424242,528,23.863636363636363,528,24.242424242424242,528,28.40909090909091,BEAR,3.3394466472575224,LOW,BEAR_LOW
2024-04-19,2024,574,530,520,530,92.334494773519154,-1.5865590967350138,-1.6401322734465817,21.886792452830189,530,92.334494773519154,-1.6011644153730871,-2.004815505600821,29.056603773584904,528,91.986062717770039,-2.8922840517423705,-6.2095794280521641,26.325757575757574,2.9976917552755982,528,23.484848484848484,528,22.537878787878789,528,36.174242424242422,528,31.818181818181817,BEAR,3.338525917188353,LOW,BEAR_LOW
2024-04-22,2024,574,531,520,530,92.334494773519154,0.8457787245876992,1.0520709404310713,63.39622641509434,530,92.334494773519154,-0.35487635071872781,0,49.245283018867923,528,91.986062717770039,-2.4320872166775396,-5.591529246153808,28.787878787878789,4.1336892656918387,528,29.545454545454547,528,22.348484848484848,528,25.946969696969695,528,31.439393939393938,BEAR,3.3334262015284333,HIGH,BEAR_HIGH
2024-04-23,2024,574,529,519,529,92.160278745644604,0.13221326332340522,-0.13351134846462101,43.667296786389414,529,92.160278745644604,2.1979823816477739,1.9723865877712128,68.052930056710764,527,91.811846689895475,-2.1706755750460678,-5.0669216061185454,29.411764705882355,2.4948843987273017,527,32.258064516129032,527,24.667931688804554,527,20.49335863377609,527,29.791271347248578,BEAR,3.338525917188353,LOW,BEAR_LOW
2024-04-24,2024,574,529,520,529,92.160278745644604,1.7281019238789879,1.1288805268109048,72.967863894139882,529,92.160278745644604,3.5731710244454744,2.9976019184652314,75.992438563327042,527,91.811846689895475,-0.92158748108578536,-4.3850267379679124,32.258064516129032,3.2126770107423748,527,40.417457305502843,527,29.032258064516132,527,22.011385199240987,527,27.134724857685011,BEAR,3.3334262015284333,LOW,BEAR_LOW
2024-04-25,2024,574,531,520,529,92.160278745644604,-0.78351506628795908,-0.71258907363420665,33.648393194706991,529,92.160278745644604,0.23045049185308289,0.37243947858474058,53.875236294896034,527,91.811846689895475,-1.8734807466584456,-4.4496487119437989,29.601518026565465,2.6707144848060134,527,37.571157495256166,527,31.309297912713475,527,20.113851992409867,527,27.324478178368121,BEAR,3.3283264858685131,LOW,BEAR_LOW
2024-04-26,2024,574,531,520,531,92.508710801393718,1.0133925937089789,0.34090909090909172,57.062146892655363,529,92.160278745644604,2.8683511878144117,2.3093072078376409,72.211720226843099,527,91.811846689895475,-0.93167490630922445,-4.1474654377880231,31.878557874762809,3.6021974640271788,528,42.234848484848484,528,37.5,528,21.212121212121211,528,24.431818181818183,BEAR,3.3156109066131312,HIGH,BEAR_HIGH
2024-04-29,2024,574,531,520,531,92.508710801393718,1.9740633707123421,1.5880609914192156,79.284369114877578,529,92.160278745644604,4.0251879815927225,2.9537875178656581,83.742911153119096,528,91.986062717770039,1.2376780492730595,-2.0379520229144301,40.340909090909086,3.2431619579099626,528,64.393939393939391,528,42.992424242424242,528,29.924242424242426,528,26.515151515151516,NEUTRAL,3.3283264858685131,LOW,NEUTRAL_LOW
2024-04-30,2024,574,530,520,530,92.334494773519154,0.013985118609165875,-0.17378766717741073,40.754716981132077,529,92.160278745644604,3.9463452932646135,2.7267902162855462,80.907372400756145,528,91.986062717770039,-0.024260739524111067,-3.2717076235993403,35.795454545454547,2.8314916696336359,529,65.973534971644611,529,54.442344045368621,529,29.678638941398866,529,27.977315689981097,BEAR,3.3156109066131312,LOW,BEAR_LOW
2024-05-02,2024,574,532,521,530,92.334494773519154,0.056018924915440339,-0.1999004993016972,42.830188679245282,529,92.160278745644604,2.2547082517799497,1.2135922330097193,64.083175803402654,529,92.160278745644604,1.1125022661150445,-1.6686531585220488,38.18525519848771,2.858701742448805,529,65.973534971644611,529,62.003780718336486,529,23.251417769376182,529,30.056710775047257,BEAR,3.3028953273577493,LOW,BEAR_LOW
2024-05-03,2024,574,533,521,532,92.682926829268297,0.11299634952636518,-0.14286588350465035,44.172932330827066,530,92.334494773519154,3.1880202687838368,2.0402886046570368,73.396226415094333,529,92.160278745644604,2.1408695008599063,-0.62893081761006275,42.911153119092624,3.1823442362641217,529,69.75425330812854,529,70.132325141776946,529,23.440453686200378,529,31.758034026465026,NEUTRAL,3.3010572903802053,LOW,NEUTRAL_LOW
2024-05-07,2024,574,533,521,532,92.682926829268297,1.4770727425205803,0.93302216720693165,73.308270676691734,530,92.334494773519154,3.7682822479714368,2.5365341547656017,74.71698113207546,529,92.160278745644604,2.8144727977221704,-0.1578781180928357,48.771266540642721,3.7088793124182748,529,80.529300567107754,529,76.937618147448021,529,33.837429111531193,529,35.160680529300571,NEUTRAL,3.299219253402661,HIGH,NEUTRAL_HIGH
2024-05-08,2024,574,534,521,533,92.857142857142861,0.4182997161327433,0.28089887640450062,56.660412757973731,530,92.334494773519154,2.3042759370012433,1.068438368672775,64.339622641509436,529,92.160278745644604,3.9867386290545532,1.4745308310991856,59.546313799621927,3.0753439851477231,529,82.608695652173907,529,78.638941398865782,529,27.221172022684311,529,34.593572778827976,NEUTRAL,3.3010572903802053,LOW,NEUTRAL_LOW
2024-05-09,2024,574,532,519,532,92.682926829268297,-0.50294548707942377,-0.87414991976770828,29.323308270676691,528,91.986062717770039,1.3528573646755453,0.49836076268653384,53.787878787878782,527,91.811846689895475,4.4177585381639135,1.6150740242261152,59.013282732447813,2.9050873209557477,527,75.332068311195442,527,80.455407969639467,527,37.950664136622393,527,37.191650853889939,NEUTRAL,3.299219253402661,LOW,NEUTRAL_LOW
2024-05-10,2024,574,533,519,532,92.682926829268297,0.18027733115703748,0,48.120300751879697,530,92.334494773519154,1.5539794440268833,0.40180872875605894,54.528301886792448,527,91.811846689895475,4.7089732239958719,2.128124453766822,62.239089184060724,3.6322647364682155,527,70.398481973434528,527,79.696394686907027,527,36.432637571157493,527,39.08918406072106,BULL,3.2970566848574006,HIGH,BULL_HIGH
2024-05-13,2024,574,534,519,533,92.857142857142861,-0.0074224842258767331,-0.3238341968911928,38.649155722326455,530,92.334494773519154,1.5378894372997176,0,49.622641509433961,527,91.811846689895475,5.0933182793371659,2.2604951560817987,61.100569259962043,3.8542327715689004,527,64.326375711574954,527,78.747628083491463,527,33.017077798861486,527,42.69449715370019,BULL,3.299219253402661,HIGH,BULL_HIGH
2024-05-14,2024,574,533,520,533,92.857142857142861,0.71835522969208598,0.22624434389140191,55.722326454033762,531,92.508710801393718,0.73090046594633629,-0.26954177897574588,46.327683615819211,527,91.811846689895475,5.6412823031242487,2.7379400260756137,66.034155597722972,3.2447583891289495,527,68.121442125237195,527,74.383301707779879,527,31.119544592030362,527,42.69449715370019,BULL,3.3010572903802053,LOW,BULL_LOW
2024-05-16,2024,574,534,520,533,92.857142857142861,1.1692651330325963,0.52631578947368585,63.03939962476548,532,92.682926829268297,1.5377970009979718,0.1173665367938614,50.751879699248128,527,91.811846689895475,7.2854737479438283,4.6380885453267684,73.244781783681219,3.6844582246126936,527,73.624288425047439,527,72.106261859582546,527,47.628083491461098,527,47.628083491461098,BULL,3.299219253402661,HIGH,BULL_HIGH
2024-05-17,2024,574,535,520,534,93.031358885017426,-1.1239783380763206,-1.0411428709076187,26.40449438202247,532,92.682926829268297,0.79705981214513366,0.097351303715176252,50.187969924812023,527,91.811846689895475,8.6135887989284363,6.0301507537688481,77.41935483870968,4.0958305474317172,527,64.516129032258064,527,69.449715370018978,527,34.914611005692599,527,50.474383301707782,BULL,3.3010572903802053,HIGH,BULL_HIGH
2024-05-20,2024,574,535,520,535,93.20557491289199,0.089392689994004862,-0.1420454545454585,44.672897196261687,533,92.857142857142861,0.84907255043705088,-0.21762785636560969,47.091932457786115,527,91.811846689895475,8.5142961965150086,5.5464926590538255,74.762808349146113,3.685660678328146,527,59.582542694497157,527,66.034155597722972,527,31.878557874762809,527,46.869070208728651,BULL,3.3028953273577493,HIGH,BULL_HIGH
2024-05-21,2024,574,535,520,535,93.20557491289199,-0.14160360327712254,-0.41407867494823719,36.44859813084112,533,92.857142857142861,0.76031816499662608,-0.43706293706293747,45.40337711069418,527,91.811846689895475,5.6977348032638462,2.7068832173240631,64.326375711574954,2.9383476454745878,527,54.079696394686906,527,63.757115749525617,527,33.586337760910816,527,47.058823529411761,BULL,3.3156109066131312,LOW,BULL_LOW
2024-05-22,2024,574,535,520,535,93.20557491289199,-0.032924555282855504,-0.32751091703057122,40.934579439252339,533,92.857142857142861,-0.029926030178742055,-1.0752688172042999,40.150093808630395,527,91.811846689895475,7.4958819448193577,4.0974529346622379,71.726755218216326,3.505650761507924,527,51.043643263757112,527,60.531309297912713,527,33.396584440227706,527,49.715370018975328,BULL,3.3028953273577493,HIGH,BULL_HIGH
2024-05-23,2024,574,535,520,535,93.20557491289199,0.10491566260107381,-0.31347962382445299,39.252336448598129,534,93.031358885017426,-1.078200232763888,-1.837168758716873,32.209737827715358,527,91.811846689895475,6.7633345140388723,2.8169014084507005,63.946869070208734,3.249260387737555,527,46.869070208728651,527,52.371916508538895,527,29.791271347248578,527,41.555977229601524,BULL,3.3156109066131312,LOW,BULL_LOW
2024-05-24,2024,574,535,520,535,93.20557491289199,-0.68783173756047278,-0.97431355181576396,29.345794392523366,535,93.20557491289199,-0.65706969741559296,-1.9016393442622961,32.523364485981311,527,91.811846689895475,5.9923060755042075,1.5490533562822817,57.874762808349146,3.035432213604802,527,41.366223908918407,527,46.110056925996204,527,34.345351043643262,527,41.366223908918407,NEUTRAL,3.3028953273577493,LOW,NEUTRAL_LOW
2024-05-27,2024,574,535,521,535,93.20557491289199,0.88564165391234939,0.38610038610038527,54.953271028037385,535,93.20557491289199,0.14336936953409879,-1.3445378151260456,37.383177570093459,527,91.811846689895475,5.1642106475015179,0.87014725568943507,52.941176470588239,3.2810493168035433,528,40.530303030303031,528,45.454545454545453,528,41.856060606060609,528,43.939393939393938,NEUTRAL,3.3010572903802053,LOW,NEUTRAL_LOW
2024-05-28,2024,574,535,522,535,93.20557491289199,0.23803265422892875,-0.22727272727273151,41.121495327102799,535,93.20557491289199,0.56000744255730572,-1.0128913443830601,40,528,91.986062717770039,6.3550881111850543,1.4216492883332488,56.439393939393945,3.2828439856113656,528,40.719696969696969,528,41.477272727272727,528,30.113636363636363,528,39.583333333333329,NEUTRAL,3.299219253402661,LOW,NEUTRAL_LOW
2024-05-29,2024,574,535,522,535,93.20557491289199,-1.1541243864221054,-1.2455516014234893,24.299065420560748,535,93.20557491289199,-0.59735297718313762,-1.6971279373368175,32.710280373831772,528,91.986062717770039,4.0169639929796883,-0.37156869094552281,47.537878787878789,2.9712109310376609,528,34.848484848484851,528,38.636363636363633,528,39.962121212121211,528,40.340909090909086,NEUTRAL,3.2970566848574006,LOW,NEUTRAL_LOW
2024-05-30,2024,574,534,521,534,93.031358885017426,-0.70212419686108452,-0.96155268569061425,29.588014981273407,534,93.031358885017426,-1.4406821668517573,-2.3898620393635439,26.591760299625467,527,91.811846689895475,1.2387454182224857,-2.4719101123595544,39.08918406072106,3.070087981995528,527,30.929791271347252,527,36.432637571157493,527,26.375711574952561,527,42.8842504743833,BEAR,3.2948941163121401,LOW,BEAR_LOW
2024-05-31,2024,574,535,521,534,93.031358885017426,0.74432583748708958,0.28001598971642,54.68164794007491,534,93.031358885017426,-0.0095739825061461632,-1.1074070121016577,39.138576779026216,527,91.811846689895475,1.9589608902070512,-1.690391459074736,41.935483870967744,3.194820525216143,529,34.026465028355382,529,35.160680529300571,529,44.045368620037806,529,48.393194706994329,NEUTRAL,3.2888690509617531,LOW,NEUTRAL_LOW
2024-06-03,2024,574,535,521,535,93.20557491289199,1.1911975775505936,0.61804697156984112,64.485981308411212,534,93.031358885017426,0.29851406921319801,-0.69595594801672434,41.011235955056179,529,92.160278745644604,3.0409926919544255,-0.24752475247524769,47.258979206049148,4.2897593158093708,529,41.398865784499058,529,35.349716446124759,529,30.056710775047257,529,45.368620037807183,NEUTRAL,3.2828439856113656,HIGH,NEUTRAL_HIGH
2024-06-04,2024,574,535,522,535,93.20557491289199,-0.87015231364539625,-1.2631578947368438,25.046728971962619,534,93.031358885017426,-0.75027243813719791,-1.4933250081764937,32.209737827715358,529,92.160278745644604,2.0420574257055657,-1.6877637130801704,41.398865784499058,3.8397484228914189,530,32.075471698113205,530,33.584905660377359,530,29.245283018867923,530,43.773584905660378,NEUTRAL,3.2888690509617531,HIGH,NEUTRAL_HIGH
2024-06-05,2024,574,535,522,535,93.20557491289199,0.16671207980990047,-0.060060060060063099,43.738317757009348,534,93.031358885017426,0.54841650728209357,-0.69980477071687752,42.883895131086142,530,92.334494773519154,0.6066348553969978,-2.7082476128611033,38.490566037735853,3.6978652915094434,531,35.216572504708097,531,33.52165725047081,531,31.26177024482109,531,41.242937853107343,BEAR,3.2948941163121401,HIGH,BEAR_HIGH
2024-06-07,2024,574,535,522,535,93.20557491289199,0.70252792697967015,0.2196193265007417,55.514018691588788,534,93.031358885017426,1.9373945972532292,0.5490943899663091,55.430711610486895,531,92.508710801393718,0.98154294226348393,-2.4213075060532718,38.794726930320152,3.6727885032427032,531,37.288135593220339,531,36.346516007532955,531,27.118644067796609,531,40.866290018832387,BEAR,3.2970566848574006,HIGH,BEAR_HIGH
2024-06-10,2024,574,535,522,535,93.20557491289199,0.46126716894267261,-0.39126181936746102,41.495327102803735,535,93.20557491289199,1.6241843966186651,0,49.345794392523359,531,92.508710801393718,1.9135161785761734,-1.9931662870159459,41.807909604519772,3.7559176728528221,532,37.218045112781958,532,36.090225563909769,532,25.751879699248121,532,34.210526315789473,NEUTRAL,3.299219253402661,HIGH,NEUTRAL_HIGH
2024-06-11,2024,574,535,522,535,93.20557491289199,-0.064750310388631577,-0.36368359527211291,37.943925233644862,535,93.20557491289199,0.39497634767324341,-1.3661202185792365,36.261682242990659,532,92.682926829268297,1.7054746356068353,-1.8364036655217961,40.789473684210527,3.3445533758904888,532,36.090225563909769,532,34.398496240601503,532,30.075187969924812,532,35.338345864661655,NEUTRAL,3.3010572903802053,HIGH,NEUTRAL_HIGH
2024-06-12,2024,574,534,522,534,93.031358885017426,0.6464481599362204,0.2391106740834314,55.056179775280903,534,93.031358885017426,1.9516918142154573,0.3215177795260703,53.370786516853933,532,92.682926829268297,2.5196099472718632,-1.5881569847856158,44.924812030075188,3.2454881122732511,532,41.353383458646611,532,36.654135338345867,532,27.631578947368425,532,35.150375939849624,NEUTRAL,3.3028953273577493,LOW,NEUTRAL_LOW
2024-06-13,2024,574,535,523,534,93.031358885017426,0.16068624061183462,-0.22363818090954665,40.823970037453186,534,93.031358885017426,1.9342822828670978,0,49.063670411985015,532,92.682926829268297,1.9316606546227928,-2.5833357721911696,40.977443609022558,3.0021569078479646,533,40.712945590994373,533,39.9624765478424,533,52.345215759849907,533,42.401500938086308,NEUTRAL,3.3010572903802053,LOW,NEUTRAL_LOW
2024-06-14,2024,574,535,523,535,93.20557491289199,-0.71043450346140613,-0.68728522336769515,35.140186915887853,534,93.031358885017426,0.48647734195233772,-0.97704166865543729,39.325842696629216,533,92.857142857142861,-0.013315308078065639,-3.4764826175869068,35.647279549718576,2.9572953242120557,534,39.138576779026216,534,40.074906367041194,534,41.385767790262172,534,46.254681647940075,BEAR,3.299219253402661,LOW,BEAR_LOW
2024-06-17,2024,574,535,523,535,93.20557491289199,-0.2841816329620005,-0.47892720306513809,37.943925233644862,534,93.031358885017426,-0.28501596454961314,-1.1631410650596474,35.955056179775283,534,93.031358885017426,0.70537894550114066,-2.8397442318608297,38.576779026217231,2.7962414133656508,534,38.014981273408239,534,40.262172284644194,534,26.966292134831459,534,46.81647940074906,BEAR,3.2970566848574006,LOW,BEAR_LOW
2024-06-18,2024,574,534,523,534,93.031358885017426,0.26311610181153527,-0.33530303437223069,41.573033707865171,534,93.031358885017426,0.090923744082619579,-1.1086931086931096,40.823970037453186,534,93.031358885017426,1.0057632682207307,-3.167743570583148,38.389513108614231,3.3933864583550162,534,40.262172284644194,534,42.883895131086142,534,29.775280898876407,534,45.692883895131089,BEAR,3.2948941163121401,HIGH,BEAR_HIGH
2024-06-19,2024,574,536,524,534,93.031358885017426,0.38014768498107476,0.081839691982721299,50.561797752808992,534,93.031358885017426,-0.23573085109419897,-0.98741919550179846,40.262172284644194,534,93.031358885017426,1.5242637621726698,-2.3529773622047223,39.700374531835209,3.4895463456410432,534,43.445692883895134,534,41.573033707865171,534,37.453183520599254,534,50.561797752808992,BEAR,3.2970566848574006,HIGH,BEAR_HIGH
2024-06-20,2024,574,537,524,536,93.379790940766554,0.15836972381622708,0,46.455223880597011,534,93.031358885017426,-0.19796926416068808,-0.83308031518831704,42.134831460674157,534,93.031358885017426,1.6840565118830895,-1.9243971570596372,41.947565543071164,3.2286491776531516,534,45.692883895131089,534,41.011235955056179,534,22.659176029962545,534,39.325842696629216,NEUTRAL,3.299219253402661,LOW,NEUTRAL_LOW
2024-06-21,2024,574,536,524,536,93.379790940766554,-0.45271130441556084,-0.78951448303706817,31.156716417910445,534,93.031358885017426,0.054995555902058083,-0.70484986753017731,43.071161048689142,534,93.031358885017426,1.1491871097062418,-2.4749289172366074,40.074906367041194,3.2133407423707179,534,40.262172284644194,534,41.760299625468164,534,35.580524344569284,534,35.205992509363298,NEUTRAL,3.2970566848574006,LOW,NEUTRAL_LOW
2024-06-24,2024,574,536,524,536,93.379790940766554,-1.3039925832915964,-1.1840909617991668,27.238805970149254,534,93.031358885017426,-0.98699594892488429,-1.4603047669820957,37.827715355805239,534,93.031358885017426,0.52828368748205445,-2.1969520120127708,41.011235955056179,3.3091211587023639,534,35.393258426966291,534,39.887640449438202,534,23.970037453183522,534,34.831460674157306,NEUTRAL,3.2948941163121401,HIGH,NEUTRAL_HIGH
2024-06-25,2024,574,536,524,536,93.379790940766554,0.24648176957289902,0.12187694958557535,51.305970149253731,534,93.031358885017426,-1.0246475980626788,-1.4485290969040387,35.767790262172284,534,93.031358885017426,-0.15958937290984759,-2.6217238679973445,37.827715355805239,3.0770110081012856,534,38.389513108614231,534,40.262172284644194,534,20.973782771535582,534,31.647940074906366,BEAR,3.2970566848574006,LOW,BEAR_LOW
2024-06-26,2024,574,535,524,535,93.20557491289199,0.3431953267742473,-0.095877277085332197,46.915887850467293,535,93.20557491289199,-1.0945813473255577,-1.4925373134328399,35.32710280373832,534,93.031358885017426,-0.0578614563144184,-2.7690395151018841,38.389513108614231,3.0929794310642502,534,38.951310861423224,534,40.074906367041194,534,21.910112359550563,534,28.464419475655429,BEAR,3.2948941163121401,LOW,BEAR_LOW
2024-06-27,2024,574,537,524,534,93.031358885017426,-0.58779482819945794,-0.79181796807649141,29.962546816479403,534,93.031358885017426,-1.8282116431320996,-2.7507565931690459,29.026217228464418,533,92.857142857142861,0.42058582390900456,-2.5117739403453743,40.337711069418383,3.2644249971366617,533,35.459662288930581,533,37.898686679174482,533,21.575984990619137,533,27.579737335834899,NEUTRAL,3.2888690509617531,LOW,NEUTRAL_LOW
2024-06-28,2024,574,536,524,535,93.20557491289199,0.75163064014446812,0.57012542759407026,61.86915887850467,534,93.031358885017426,-0.63360414367800821,-1.1085583879979988,38.951310861423224,533,92.857142857142861,1.7914327162236161,-0.73529411764705621,46.153846153846153,3.2883548853157571,533,41.088180112570356,533,37.148217636022515,533,23.452157598499063,533,23.452157598499063,NEUTRAL,3.2828439856113656,HIGH,NEUTRAL_HIGH
2024-07-01,2024,574,536,525,536,93.379790940766554,0.14307096641711961,0.21108467447290555,52.985074626865668,534,93.031358885017426,0.84326724078803816,0.55524951771518394,56.36704119850188,533,92.857142857142861,1.1062280507300442,-0.89606726035732487,45.028142589118197,3.4350355652163356,533,42.964352720450286,533,37.148217636022515,533,22.70168855534709,533,27.016885553470921,NEUTRAL,3.2855994354635616,HIGH,NEUTRAL_HIGH
2024-07-02,2024,574,537,525,536,93.379790940766554,-1.6466696284435902,-1.7566712163471998,19.962686567164177,534,93.031358885017426,-0.98125188405144603,-1.185557789287178,37.265917602996254,533,92.857142857142861,-1.7618942565823776,-3.3312382149591424,35.647279549718576,2.9650522615174388,533,32.270168855534706,533,36.585365853658537,533,29.831144465290805,533,31.144465290806757,BEAR,3.2883548853157571,LOW,BEAR_LOW
2024-07-03,2024,574,537,525,537,93.554006968641119,-0.41884799650395138,-0.73145245559038674,33.333333333333329,534,93.031358885017426,-1.6716984343210399,-2.0259535213178967,31.086142322097377,533,92.857142857142861,-1.2030932071025096,-3.0169704588309254,37.898686679174482,3.5180630652308178,533,28.893058161350844,533,34.333958724202631,533,28.893058161350844,533,32.645403377110696,BEAR,3.2855994354635616,HIGH,BEAR_HIGH
2024-07-04,2024,574,537,525,537,93.554006968641119,0.61963616317933989,0.33259423503326768,57.169459962756051,535,93.20557491289199,-0.49561231358331453,-1.0956175298804771,41.121495327102799,533,92.857142857142861,-0.74329933814754745,-2.3224043715846965,38.83677298311445,2.993367226555371,533,34.333958724202631,533,32.645403377110696,533,27.392120075046904,533,34.521575984990619,BEAR,3.2883548853157571,LOW,BEAR_LOW
2024-07-05,2024,574,536,525,536,93.379790940766554,-0.042733188604577706,-0.16646092844050381,43.097014925373131,536,93.379790940766554,-1.3161958437335364,-1.9758140067452246,32.276119402985074,533,92.857142857142861,-1.4702851469175542,-3.0831099195710481,35.272045028142593,2.8989946063700889,533,33.771106941838646,533,33.208255159474668,533,34.146341463414636,533,35.084427767354597,BEAR,3.2855994354635616,LOW,BEAR_LOW
2024-07-08,2024,574,537,525,536,93.379790940766554,1.0292728901686017,0.60696480758368754,62.68656716417911,536,93.379790940766554,-0.48044717193346465,-1.177626256789549,37.686567164179102,533,92.857142857142861,-0.86535551768384789,-2.2956841138659367,38.461538461538467,3.077075778545296,533,40.337711069418383,533,33.02063789868668,533,21.575984990619137,533,34.521575984990619,BEAR,3.2828439856113656,LOW,BEAR_LOW
2024-07-09,2024,574,537,525,537,93.554006968641119,0.63386194919466765,0.117096018735352,51.955307262569825,536,93.379790940766554,1.8314401123657285,0.71243013794346499,57.649253731343286,533,92.857142857142861,-0.09187172848422398,-1.8421052631578891,42.776735459662291,3.3971502563531004,533,43.527204502814257,533,34.333958724202631,533,23.264540337711072,533,34.146341463414636,NEUTRAL,3.2819466512074547,HIGH,NEUTRAL_HIGH
2024-07-10,2024,574,537,525,537,93.554006968641119,0.079969580846265667,-0.2525252525252486,41.899441340782126,536,93.379790940766554,2.3090623323882644,1.1232765328080929,60.820895522388064,533,92.857142857142861,-0.6415317253705255,-2.3492063492063453,39.587242026266416,2.9853519932974582,533,42.213883677298313,533,40.337711069418383,533,24.953095684802999,533,31.51969981238274,BEAR,3.2828439856113656,LOW,BEAR_LOW
2024-07-11,2024,574,536,525,536,93.379790940766554,0.08274507690052095,0,47.761194029850742,536,93.379790940766554,1.7974849161183071,0.96052324206071793,59.328358208955223,533,92.857142857142861,-0.71253143093035953,-1.9108280254777064,40.525328330206378,2.6824070738208396,533,47.27954971857411,533,43.339587242026269,533,37.711069418386487,533,35.459662288930581,NEUTRAL,3.2819466512074547,LOW,NEUTRAL_LOW
2024-07-12,2024,574,537,525,536,93.379790940766554,-0.16094016809711092,-0.16925786278410565,44.402985074626869,536,93.379790940766554,1.6560178096241362,0.85607889300616247,58.022388059701491,533,92.857142857142861,-0.16904331277410645,-1.7612524461839585,42.964352720450286,3.5597968267602944,533,47.27954971857411,533,46.341463414634148,533,31.51969981238274,533,34.146341463414636,NEUTRAL,3.2810493168035433,HIGH,NEUTRAL_HIGH
2024-07-15,2024,574,537,525,537,93.554006968641119,0.36717304626723235,-0.053155504010826603,47.113594040968344,536,93.379790940766554,0.98535112950818238,0,49.813432835820898,533,92.857142857142861,0.48716380140852278,-0.89955022488755754,46.153846153846153,3.072712988042781,533,50.844277673545967,533,48.405253283302066,533,23.639774859287055,533,36.585365853658537,NEUTRAL,3.2819466512074547,LOW,NEUTRAL_LOW
2024-07-16,2024,574,537,525,537,93.554006968641119,-0.57923684760930905,-0.71144937127729513,33.891992551210429,536,93.379790940766554,-0.23074568612053101,-0.44379086683647972,45.522388059701491,533,92.857142857142861,-0.34918726276846634,-1.7462165308498201,42.589118198874296,3.0826619873978154,534,45.50561797752809,534,49.438202247191008,534,32.209737827715358,534,36.891385767790261,NEUTRAL,3.2810493168035433,LOW,NEUTRAL_LOW
2024-07-17,2024,574,537,525,537,93.554006968641119,-0.86544678273693876,-0.73995771670190003,34.63687150837989,536,93.379790940766554,-1.1282043570375688,-1.1375928255061452,39.365671641791046,534,93.031358885017426,-1.578870314402965,-2.5360530076653234,39.138576779026216,3.3985004969753247,534,42.134831460674157,534,49.625468164794007,534,38.014981273408239,534,40.074906367041194,BEAR,3.2771863520732785,HIGH,BEAR_HIGH
2024-07-18,2024,574,537,525,537,93.554006968641119,-0.71677363682509398,-0.70140280561121748,33.70577281191806,536,93.379790940766554,-1.9247991732218714,-1.8457207207207174,33.955223880597011,534,93.031358885017426,-2.5215312533250875,-3.4060000811918951,36.329588014981276,2.7874278184701731,534,40.449438202247187,534,47.940074906367045,534,41.011235955056179,534,41.573033707865171,BEAR,3.2810493168035433,LOW,BEAR_LOW
2024-07-19,2024,574,537,525,537,93.554006968641119,-0.13638896698827002,-0.53859964093356805,38.175046554934823,537,93.554006968641119,-1.9556612136706855,-2.3170731707317094,27.932960893854748,534,93.031358885017426,-2.2558930628126874,-3.3006574084879556,36.516853932584269,3.4951833066238369,534,36.891385767790261,534,43.632958801498127,534,24.157303370786519,534,39.325842696629216,BEAR,3.2771863520732785,HIGH,BEAR_HIGH
2024-07-22,2024,574,537,525,537,93.554006968641119,-1.5881398425362272,-1.6406890894175574,23.09124767225326,537,93.554006968641119,-3.8058701457419355,-4.1666666666666634,22.346368715083798,534,93.031358885017426,-2.3755111352997225,-3.7441588785046718,36.891385767790261,3.5388947872864946,534,30.898876404494381,534,40.449438202247187,534,34.082397003745321,534,43.445692883895134,BEAR,3.2810493168035433,HIGH,BEAR_HIGH
2024-07-23,2024,574,537,526,537,93.554006968641119,0.090855828372535613,-0.38684719535783108,40.22346368715084,537,93.554006968641119,-3.1767635009789208,-3.6113499570077368,24.767225325884542,534,93.031358885017426,-2.5116745131804779,-4.2556721653194627,35.018726591760299,3.2136443144380591,534,30.711610486891384,534,36.704119850187269,534,26.40449438202247,534,41.385767790262172,BEAR,3.2819466512074547,LOW,BEAR_LOW
2024-07-24,2024,574,536,526,536,93.379790940766554,0.1153145143999177,-0.14632840933418984,44.776119402985074,536,93.379790940766554,-2.2381559595363592,-3.1349538960555754,25.932835820895523,534,93.031358885017426,-2.6332556817572024,-4.15921265308421,33.895131086142321,2.7596374345081056,535,30.654205607476637,535,33.644859813084111,535,24.299065420560748,535,37.383177570093459,BEAR,3.2810493168035433,LOW,BEAR_LOW
2024-07-25,2024,574,537,526,536,93.379790940766554,-2.051295482060981,-1.7472341395507849,16.977611940298505,536,93.379790940766554,-3.5514585402115757,-4.1387512087664335,19.776119402985074,535,93.20557491289199,-4.1100063904408106,-5.8177826564215103,33.45794392523365,3.3109189251532349,536,23.134328358208954,536,29.477611940298509,536,35.074626865671647,536,30.037313432835823,BEAR,3.2771863520732785,HIGH,BEAR_HIGH
2024-07-26,2024,574,537,526,537,93.554006968641119,0.63241500910068427,0.28129395218001718,54.376163873370572,536,93.379790940766554,-2.7590862411257788,-2.9511847663126973,28.35820895522388,536,93.379790940766554,-4.1286969969956715,-5.6096255928192287,32.276119402985074,3.2863517269897868,536,28.35820895522388,536,27.611940298507463,536,26.492537313432834,536,33.582089552238806,BEAR,3.2810493168035433,HIGH,BEAR_HIGH
2024-07-29,2024,574,539,528,537,93.554006968641119,1.089140291019246,0.83472454090149906,66.480446927374302,536,93.379790940766554,-0.1962230060769323,-0.79375134132242386,41.791044776119399,536,93.379790940766554,-3.3336143096782478,-4.5989738709224799,33.208955223880601,2.9999188180648764,536,32.462686567164177,536,28.35820895522388,536,22.014925373134329,536,30.783582089552237,BEAR,3.2819466512074547,LOW,BEAR_LOW
2024-07-30,2024,574,539,528,539,93.902439024390233,-1.2606450822561615,-1.2461059190031154,22.820037105751393,536,93.379790940766554,-1.5352599710079342,-1.6424953210923023,37.686567164179102,536,93.379790940766554,-2.9447623388147006,-4.3741330654804624,32.649253731343286,2.6887642171030559,536,30.037313432835823,536,27.985074626865668,536,19.962686567164177,536,30.970149253731343,BEAR,3.2810493168035433,LOW,BEAR_LOW
2024-07-31,2024,574,539,529,539,93.902439024390233,0.84656727203792448,0.71392146863844541,61.595547309833023,536,93.379790940766554,-0.78208260305223298,-0.8134920634920606,40.85820895522388,536,93.379790940766554,-1.8011343437574578,-2.8658261614234242,38.059701492537314,3.3975933392753532,536,33.208955223880601,536,28.544776119402986,536,29.477611940298509,536,32.835820895522389,BEAR,3.2771863520732785,HIGH,BEAR_HIGH
2024-08-01,2024,574,539,530,539,93.902439024390233,1.171980409340061,0.78299776286352418,65.306122448979593,537,93.554006968641119,2.4495063528781489,1.7591339648173276,69.087523277467412,536,93.379790940766554,-1.1805389816295833,-1.9959064614177846,40.671641791044777,2.8910966810038854,536,38.805970149253731,536,32.276119402985074,536,24.626865671641792,536,29.477611940298509,NEUTRAL,3.2810493168035433,LOW,NEUTRAL_LOW
2024-08-02,2024,574,539,530,539,93.902439024390233,-4.1047247250914873,-4.0435458786936218,7.6066790352504636,537,93.554006968641119,-2.3445803114448851,-2.5641025641025661,25.884543761638735,536,93.379790940766554,-5.1422174108321999,-6.0748869847656701,28.35820895522388,3.3461198344628107,536,21.268656716417912,536,30.783582089552237,536,50.18656716417911,536,33.768656716417908,BEAR,3.2771863520732785,HIGH,BEAR_HIGH
2024-08-05,2024,574,539,531,539,93.902439024390233,-11.162560995977243,-11.055694098088107,0.927643784786642,539,93.902439024390233,-14.102649614278601,-14.390691977954685,2.5974025974025974,536,93.379790940766554,-16.448845370558882,-17.301768658737998,9.5149253731343286,4.3774190164472788,536,3.544776119402985,536,17.537313432835823,536,84.701492537313428,536,58.768656716417908,BEAR,3.2810493168035433,HIGH,BEAR_HIGH
2024-08-06,2024,574,538,531,538,93.728222996515669,5.0933765109431999,4.5935365650508047,93.866171003717469,538,93.728222996515669,-8.7111287393109471,-9.202311966067267,6.3197026022304827,536,93.379790940766554,-12.805234640875094,-13.452077611215902,12.126865671641792,3.7381508446738603,536,6.9029850746268657,536,13.246268656716417,536,67.350746268656707,536,67.910447761194021,BEAR,3.2819466512074547,HIGH,BEAR_HIGH
2024-08-07,2024,574,539,531,538,93.728222996515669,2.0527290490056145,1.8124458590046855,76.394052044609666,538,93.728222996515669,-7.616170425361978,-7.9896373056994818,10.594795539033457,536,93.379790940766554,-11.038542777900918,-11.582629066865174,16.417910447761194,3.5773028116338685,536,14.17910447761194,536,10.634328358208956,536,33.955223880597011,536,71.082089552238799,BEAR,3.2828439856113656,HIGH,BEAR_HIGH
2024-08-08,2024,574,539,532,539,93.902439024390233,-0.070892485588200965,-0.37316427253029077,43.970315398886825,538,93.728222996515669,-8.7415144547840882,-8.8831715210355995,10.966542750929369,536,93.379790940766554,-11.062582825286624,-11.791444268088231,18.470149253731343,3.4855073284332372,536,18.843283582089551,536,8.9552238805970141,536,29.850746268656714,536,72.574626865671647,BEAR,3.284597856300576,HIGH,BEAR_HIGH
2024-08-09,2024,574,539,533,539,93.902439024390233,1.9918966984010817,1.8305084745762643,77.365491651205943,538,93.728222996515669,-3.0370006744535263,-3.3654211338160991,25.8364312267658,536,93.379790940766554,-9.3409407746692548,-10.425760439938131,18.097014925373134,3.2438573738122281,536,21.828358208955223,536,7.8358208955223887,536,25.559701492537311,536,70.708955223880594,BEAR,3.2863517269897868,LOW,BEAR_LOW
2024-08-12,2024,574,540,533,539,93.902439024390233,1.614607566590291,1.2820512820512775,78.664192949907232,538,93.728222996515669,11.060201397392687,10.230477701392559,96.096654275092945,536,93.379790940766554,-8.3338158702457861,-9.6449221208307101,20.149253731343283,3.0549301025430768,536,27.425373134328357,536,14.17910447761194,536,16.417910447761194,536,40.85820895522388,BEAR,3.284597856300576,LOW,BEAR_LOW
2024-08-13,2024,574,539,533,539,93.902439024390233,-0.8341177993694725,-0.94117647058823395,31.725417439703151,538,93.728222996515669,4.7441515493822575,4.3539893841098678,82.527881040892197,536,93.379790940766554,-8.637809322063795,-9.8300978195015745,20.522388059701495,2.852193365356309,536,26.865671641791046,536,20.335820895522389,536,19.776119402985074,536,27.238805970149254,BEAR,3.2828439856113656,LOW,BEAR_LOW
2024-08-14,2024,574,539,533,539,93.902439024390233,1.7522548063338763,1.3729977116704759,78.107606679035243,539,93.902439024390233,4.4845784535607347,3.5480859010270871,81.818181818181827,536,93.379790940766554,-6.3471233422544886,-8.1903469430281604,23.32089552238806,3.4134540719239306,536,35.074626865671647,536,25,536,27.798507462686565,536,27.052238805970148,BEAR,3.2819466512074547,HIGH,BEAR_HIGH
2024-08-16,2024,574,539,533,539,93.902439024390233,0.96471177418293552,0.34013605442175793,56.957328385899821,539,93.902439024390233,5.6410330117033549,4.0971168437025751,82.560296846011127,536,93.379790940766554,-4.8265200247091151,-7.1896359952555278,25.932835820895523,4.0716940749462136,536,44.589552238805972,536,31.343283582089555,536,30.410447761194032,536,27.611940298507463,BEAR,3.2828439856113656,HIGH,BEAR_HIGH
2024-08-19,2024,574,541,533,539,93.902439024390233,-0.79495021150265699,-0.69605568445475485,34.508348794063082,539,93.902439024390233,2.7404359508662366,1.9206145966709445,66.604823747680882,536,93.379790940766554,-5.3935573091867797,-7.381566159040875,27.798507462686565,3.1488447000286648,536,42.350746268656714,536,37.126865671641788,536,20.522388059701495,536,25.746268656716421,BEAR,3.284597856300576,LOW,BEAR_LOW
2024-08-20,2024,574,540,533,540,94.076655052264812,1.7129758730182501,1.1855568673750483,70.18518518518519,539,93.902439024390233,2.8315536494071072,1.4858841010401136,64.935064935064929,536,93.379790940766554,-2.4006256477041896,-3.9718050594153231,35.447761194029852,3.8537479087221382,536,53.358208955223887,536,43.097014925373131,536,23.134328358208954,536,26.679104477611943,BEAR,3.2828439856113656,HIGH,BEAR_HIGH
2024-08-21,2024,574,540,533,540,94.076655052264812,-0.22571933700957275,-0.2405292511339418,41.481481481481481,539,93.902439024390233,3.410620054223283,2.2964509394572064,72.912801484230059,536,93.379790940766554,-2.787559558161357,-4.0319830819622426,34.514925373134332,2.9030880414184383,536,54.664179104477618,536,52.985074626865668,536,17.164179104477611,536,27.238805970149254,BEAR,3.284597856300576,LOW,BEAR_LOW
2024-08-22,2024,574,540,533,540,94.076655052264812,-0.7443212378465548,-0.93643101359791592,32.592592592592595,539,93.902439024390233,0.85743867134156648,0.39920159680639772,52.875695732838594,536,93.379790940766554,-3.6333453514392953,-4.9082481302520566,35.447761194029852,2.4603625271005716,536,52.238805970149251,536,53.731343283582092,536,19.402985074626866,536,23.880597014925371,BEAR,3.2828439856113656,LOW,BEAR_LOW
2024-08-23,2024,574,540,533,540,94.076655052264812,0.15383456401898876,-0.1935278594021983,41.296296296296298,539,93.902439024390233,0.039594164367597315,-0.59642147117295874,45.640074211502785,536,93.379790940766554,-1.5070532589087924,-2.6481671073910196,40.111940298507463,2.9128262176264252,536,51.679104477611936,536,54.291044776119399,536,13.992537313432834,536,20.708955223880597,NEUTRAL,3.2819466512074547,LOW,NEUTRAL_LOW
2024-08-26,2024,574,540,533,540,94.076655052264812,-0.51620783015937133,-0.60565982712032507,37.777777777777779,540,94.076655052264812,0.3695631162697961,-0.51290401367743976,46.296296296296298,536,93.379790940766554,-2.5472878390700862,-4.0609529702970324,36.753731343283583,3.1993768134608986,538,49.070631970260223,538,57.62081784386617,538,21.189591078066915,538,19.516728624535315,BEAR,3.2810493168035433,LOW,BEAR_LOW
2024-08-27,2024,574,540,533,540,94.076655052264812,0.2522912166272932,-0.026997840172787699,46.111111111111114,540,94.076655052264812,-1.0179079554119155,-1.7150363685017158,38.333333333333336,538,93.728222996515669,-3.3907219006006457,-4.0836670940987139,34.572490706319705,2.8097838864090496,538,50.929368029739777,538,58.17843866171004,538,17.657992565055764,538,18.587360594795538,BEAR,3.2771863520732785,LOW,BEAR_LOW
2024-08-28,2024,574,540,533,540,94.076655052264812,-0.45170495604578281,-0.90624802577547459,31.481481481481481,540,94.076655052264812,-1.2833160144169331,-2.1960905896595495,32.592592592592595,538,93.728222996515669,-2.6313204309866625,-3.5609891805257918,37.54646840148699,2.8569742306177215,538,49.814126394052046,538,56.877323420074354,538,18.029739776951672,538,18.029739776951672,BEAR,3.2733233873430132,LOW,BEAR_LOW
2024-08-29,2024,574,539,532,539,93.902439024390233,-0.95036956020315433,-1.0204081632653073,29.870129870129869,539,93.902439024390233,-1.454646043892976,-2.2181146025877951,31.725417439703151,537,93.554006968641119,-4.1879396632524957,-5.5299539170506895,31.098696461824954,3.0363098619366453,537,45.623836126629428,537,55.307262569832403,537,21.601489757914337,537,19.180633147113593,BEAR,3.2688741922398377,LOW,BEAR_LOW
2024-08-30,2024,574,538,532,538,93.728222996515669,1.2769729148977289,0.85571590122243135,68.587360594795541,538,93.728222996515669,-0.42458410805188096,-1.3280686786113494,37.174721189591075,537,93.554006968641119,-4.1330931265380588,-5.0980392156862795,31.471135940409685,2.8906979429444952,537,54.748603351955303,537,55.865921787709496,537,23.09124767225326,537,21.042830540037244,BEAR,3.2644249971366617,LOW,BEAR_LOW
2024-09-02,2024,574,539,532,538,93.728222996515669,-0.30949249543187479,-0.59076998921011026,35.87360594795539,538,93.728222996515669,-0.24163520917797671,-1.2691701063794079,38.475836431226767,537,93.554006968641119,-0.35781926863390551,-1.6248153618906969,44.320297951582866,3.344329635490018,537,52.513966480446925,537,57.914338919925513,537,21.601489757914337,537,22.905027932960895,NEUTRAL,3.2568426924371083,HIGH,NEUTRAL_HIGH
2024-09-03,2024,574,539,532,539,93.902439024390233,-0.27205281732150893,-0.41841004184099972,40.630797773654912,538,93.728222996515669,-0.75998026268144692,-1.4349670857641994,35.687732342007436,537,93.554006968641119,12.02796594562265,9.7494553376906268,85.661080074487899,3.084637135604654,537,48.603351955307261,537,51.955307262569825,537,28.491620111731841,537,31.284916201117319,BULL,3.2644249971366617,LOW,BULL_LOW
2024-09-04,2024,574,539,532,539,93.902439024390233,-3.5467376144205054,-3.6936936936936888,5.5658627087198518,538,93.728222996515669,-3.711393708335037,-4.2509472457009583,21.74721189591078,537,93.554006968641119,2.9584961493548709,1.3537906137184086,54.562383612662948,3.2923454950246085,537,29.608938547486037,537,43.761638733705773,537,55.307262569832403,537,41.340782122905026,NEUTRAL,3.2568426924371083,HIGH,NEUTRAL_HIGH
2024-09-05,2024,574,539,532,539,93.902439024390233,-0.48692547306359829,-0.64467197572999335,36.734693877551024,538,93.728222996515669,-3.3155039144379983,-3.6036857060092853,25.278810408921931,537,93.554006968641119,0.46318146316919534,-0.68073519400952964,46.554934823091251,3.7362321833206842,537,28.677839851024206,537,39.664804469273747,537,44.692737430167597,537,46.18249534450652,NEUTRAL,3.2644249971366617,HIGH,NEUTRAL_HIGH
2024-09-06,2024,574,539,532,539,93.902439024390233,-2.3704777155635322,-2.3172905525846721,10.38961038961039,538,93.728222996515669,-6.7967057620010163,-7.1044725355705438,13.382899628252787,537,93.554006968641119,-1.8406531111390749,-2.8712871287128734,37.802607076350093,2.6748255035789712,537,19.366852886405958,537,32.216014897579143,537,37.802607076350093,537,49.162011173184354,BEAR,3.2688741922398377,LOW,BEAR_LOW
2024-09-09,2024,574,539,532,539,93.902439024390233,1.0956755247109937,0.69626279457271056,63.265306122448983,539,93.902439024390233,-5.4809099444054858,-6.0000000000000044,16.512059369202227,537,93.554006968641119,-2.6456823457663043,-4.1251778093883367,36.312849162011176,3.0717635305301481,537,19.553072625698324,537,26.256983240223462,537,21.787709497206702,537,49.534450651769085,BEAR,3.2644249971366617,LOW,BEAR_LOW
2024-09-10,2024,574,538,531,538,93.728222996515669,-0.71497032377402947,-0.88841281749938439,30.855018587360593,538,93.728222996515669,-6.0807243249400162,-6.4308960461197548,13.568773234200743,536,93.379790940766554,-5.5101435198183299,-6.1102286443032501,28.917910447761191,2.7870836060934514,536,19.21641791044776,536,20.8955223880597,536,21.455223880597014,536,47.574626865671647,BEAR,3.2568426924371083,LOW,BEAR_LOW
2024-09-11,2024,574,538,532,537,93.554006968641119,0.34129930542982562,0,47.299813780260706,537,93.554006968641119,-2.3740660457176301,-2.7856736782262641,27.374301675977652,536,93.379790940766554,-4.4096955083833285,-5.1124873609706745,31.343283582089555,3.5517646423582545,536,19.029850746268657,536,18.656716417910449,536,28.544776119402986,536,36.380597014925378,BEAR,3.249260387737555,HIGH,BEAR_HIGH
2024-09-12,2024,574,539,532,538,93.728222996515669,3.1217349675326349,2.5413942928719564,88.289962825278806,537,93.554006968641119,1.2139313441536559,0.61728395061728658,53.631284916201118,536,93.379790940766554,-3.2404788694788951,-4.0934479054779818,33.022388059701491,3.546874571320866,536,29.477611940298509,536,18.097014925373134,536,46.268656716417908,536,39.179104477611943,BEAR,3.2568426924371083,HIGH,BEAR_HIGH
2024-09-13,2024,574,539,532,539,93.902439024390233,0.38979500941931777,0.18248175182482559,54.54545454545454,537,93.554006968641119,4.1102375427904088,3.3315705975674348,80.633147113594035,536,93.379790940766554,-3.6985333898485386,-4.1560500158243974,33.208955223880601,2.8557905220456812,537,35.009310986964621,537,21.229050279329609,537,20.11173184357542,537,34.63687150837989,BEAR,3.2644249971366617,LOW,BEAR_LOW
2024-09-19,2024,574,539,532,539,93.902439024390233,0.37669121966719382,0.1715265866209181,51.391465677179959,537,93.554006968641119,3.5002157057584427,2.8325123152709297,71.694599627560521,537,93.554006968641119,-2.497422504181785,-3.4040178571428603,38.175046554934823,2.9675582049355032,537,39.478584729981378,537,23.463687150837988,537,38.547486033519554,537,38.547486033519554,BEAR,3.2568426924371083,LOW,BEAR_LOW
2024-09-20,2024,574,539,532,539,93.902439024390233,0.50513630151979871,0.2029769959404514,53.80333951762524,537,93.554006968641119,4.8200912063023846,3.6253776435045242,75.977653631284909,537,93.554006968641119,-3.5584906585412002,-4.3835616438356206,34.07821229050279,3.234511998740186,537,43.575418994413404,537,31.098696461824954,537,48.789571694599623,537,46.368715083798882,BEAR,3.249260387737555,LOW,BEAR_LOW
2024-09-23,2024,574,539,532,539,93.902439024390233,0.59007768329243793,0.46153846153846873,58.256029684601117,538,93.728222996515669,4.999655056735226,4.1636426800031661,81.226765799256512,537,93.554006968641119,-2.8847094787310557,-3.9719626168224327,34.07821229050279,3.0903954378102365,537,48.417132216014899,537,41.713221601489757,537,25.512104283054004,537,47.486033519553075,BEAR,3.247579079109046,LOW,BEAR_LOW
2024-09-24,2024,574,539,533,539,93.902439024390233,1.3374610591688272,0.97719869706840445,70.871985157699442,539,93.902439024390233,3.1764665776991672,2.5676613462872977,71.057513914656766,537,93.554006968641119,-0.94008270633060809,-1.9411424246471689,41.340782122905026,2.7387569370387981,537,59.404096834264429,537,49.720670391061446,537,26.443202979515828,537,38.175046554934823,NEUTRAL,3.245897770480537,LOW,NEUTRAL_LOW
2024-09-25,2024,574,538,533,538,93.728222996515669,-0.56527444973542806,-0.68755731613928117,36.431226765799259,538,93.728222996515669,2.1792883658303581,1.6568519000520587,66.171003717472118,536,93.379790940766554,-1.7484582812950222,-2.6201204992494564,38.059701492537314,3.0534874477800513,536,58.022388059701491,536,55.037313432835823,536,44.216417910447767,536,47.014925373134332,BEAR,3.2456929413768938,LOW,BEAR_LOW
2024-09-26,2024,574,538,533,538,93.728222996515669,2.6162658245491341,2.0523952197514683,90.520446096654268,538,93.728222996515669,4.5368747951521717,3.5692066125496247,77.695167286245351,536,93.379790940766554,1.3067451620430759,0.40899018042839241,51.679104477611936,2.9461430990370352,536,77.985074626865668,536,62.873134328358205,536,40.485074626865668,536,47.388059701492537,NEUTRAL,3.2454881122732511,LOW,NEUTRAL_LOW
2024-09-27,2024,574,540,533,538,93.728222996515669,-0.44580818485606094,-0.53665910808768369,35.687732342007436,538,93.728222996515669,3.6440883578932919,2.7149780366692133,68.587360594795541,536,93.379790940766554,0.62890149579582433,-0.44983103249928158,45.895522388059703,2.6675207212836383,536,75,536,70.895522388059703,536,31.902985074626866,536,40.485074626865668,NEUTRAL,3.2451232507011003,LOW,NEUTRAL_LOW
2024-09-30,2024,574,540,533,540,94.076655052264812,-1.458593616906555,-1.5209736287462081,17.407407407407408,538,93.728222996515669,1.4756302224786224,0.91027462121211489,57.249070631970255,536,93.379790940766554,-0.32249737064447864,-1.2035870478176505,41.604477611940297,2.2633795013314697,536,62.873134328358205,536,74.626865671641795,536,27.425373134328357,536,41.231343283582092,NEUTRAL,3.2447583891289495,LOW,NEUTRAL_LOW
2024-10-02,2024,574,540,533,540,94.076655052264812,-1.1364311483120371,-1.3668478260869588,20.185185185185187,538,93.728222996515669,-1.0345578582451458,-1.4769834879811317,34.572490706319705,536,93.379790940766554,-0.4263154428705524,-1.6870881896711212,39.738805970149258,2.675890690958699,536,49.626865671641788,536,71.455223880597018,536,23.134328358208954,536,40.85820895522388,BEAR,3.244307881470589,LOW,BEAR_LOW
2024-10-04,2024,574,540,533,540,94.076655052264812,0.59091253952052536,0.22309319397785238,54.074074074074076,538,93.728222996515669,0.068023965280186227,-0.34257359513532037,44.052044609665423,536,93.379790940766554,-1.0886530955387905,-2.2875132994959246,38.432835820895519,2.7626953758459116,536,52.425373134328353,536,69.21641791044776,536,17.723880597014926,536,30.597014925373134,BEAR,3.2438573738122281,LOW,BEAR_LOW
2024-10-07,2024,574,540,533,540,94.076655052264812,1.7164571094108043,1.2922560060433241,72.777777777777771,538,93.728222996515669,-0.83837924270525099,-1.4301985371090065,32.156133828996282,536,93.379790940766554,0.92428077292753086,-0.59918720202193909,45.522388059701491,3.5103284406698068,536,65.858208955223887,536,66.231343283582092,536,25,536,27.238805970149254,NEUTRAL,3.2436536792473571,HIGH,NEUTRAL_HIGH
2024-10-08,2024,574,541,533,540,94.076655052264812,-0.59213158968140711,-0.76923169814236958,28.703703703703702,540,94.076655052264812,-0.9141273401949167,-1.8619604062768249,33.148148148148152,536,93.379790940766554,0.64982197342997616,-1.2412500641804547,42.537313432835823,2.9365555904754608,536,59.141791044776113,536,63.805970149253731,536,24.813432835820894,536,25.186567164179102,NEUTRAL,3.2438573738122281,LOW,NEUTRAL_LOW
2024-10-10,2024,574,541,533,541,94.250871080139376,0.0040214758608368038,-0.40443696812684221,36.783733826247691,540,94.076655052264812,0.55744533220656234,-0.57234974152535756,44.074074074074076,536,93.379790940766554,4.4641810944721803,2.0461692922337242,61.194029850746269,2.8978613438337621,536,58.022388059701491,536,58.955223880597018,536,37.873134328358212,536,27.985074626865668,BULL,3.2436536792473571,LOW,BULL_LOW
2024-10-11,2024,574,541,533,541,94.250871080139376,-0.38060136114712145,-0.38961038961038408,37.153419593345653,540,94.076655052264812,1.340883534824197,0.20909645909645835,52.407407407407405,536,93.379790940766554,4.7145483530380208,2.0112359550561791,64.179104477611943,3.0336446473935097,536,53.731343283582092,536,60.447761194029844,536,26.305970149253731,536,30.597014925373134,BULL,3.2434499846824858,LOW,BULL_LOW
2024-10-14,2024,574,541,533,541,94.250871080139376,0.85205421633073619,0.61601642710471516,62.476894639556377,540,94.076655052264812,1.6030146380066013,0.57987867240146818,54.074074074074076,536,93.379790940766554,8.2293382153613877,5.761424391211623,74.626865671641795,2.7390955178004974,536,57.649253731343286,536,59.701492537313428,536,25,536,34.514925373134332,BULL,3.2434147158896489,LOW,BULL_LOW
2024-10-15,2024,574,541,533,541,94.250871080139376,0.38154204276991199,0,46.580406654343811,540,94.076655052264812,0.33531262360328901,-0.57291780612133136,43.703703703703702,536,93.379790940766554,7.5276631385039634,4.7957257539596441,73.694029850746261,3.1437669759119329,536,55.78358208955224,536,55.78358208955224,536,33.022388059701491,536,35.447761194029852,BULL,3.243379447096812,LOW,BULL_LOW
2024-10-16,2024,574,541,533,541,94.250871080139376,-0.87346820498158717,-1.0059171597633143,27.911275415896487,541,94.250871080139376,0.048683733151801294,-0.85889570552146743,42.883548983364136,536,93.379790940766554,7.4023516915804448,4.5869531290641419,70.708955223880594,3.0475311126706934,537,44.320297951582866,537,51.582867783985101,537,34.07821229050279,537,37.430167597765362,BULL,3.2432707025033873,LOW,BULL_LOW
2024-10-17,2024,574,541,533,541,94.250871080139376,0.22697661972530164,0,46.580406654343811,541,94.250871080139376,0.23739345989831681,-0.33519553072626213,45.471349353049902,537,93.554006968641119,7.311971778552385,4.532839962997226,71.508379888268152,2.8643746192101727,538,44.609665427509292,538,45.724907063197023,538,27.695167286245354,538,36.431226765799259,BULL,3.2431619579099626,LOW,BULL_LOW
2024-10-18,2024,574,540,532,540,94.076655052264812,-1.2642014048582837,-1.3342997925540612,23.518518518518519,540,94.076655052264812,-0.67727941800025404,-1.2022568660392197,40.185185185185183,537,93.554006968641119,2.7234516646221394,0.57061340941511052,51.396648044692739,2.7177078404975816,537,36.6852886405959,537,43.202979515828673,537,30.353817504655495,537,37.430167597765362,NEUTRAL,3.2388369783250743,LOW,NEUTRAL_LOW
2024-10-21,2024,574,540,532,540,94.076655052264812,0.75530474671652781,0.19455326558035496,53.333333333333336,540,94.076655052264812,-0.76588181767238594,-1.6117364214505603,36.111111111111107,537,93.554006968641119,3.1013141026210738,0.70242656449552854,53.072625698324025,2.8606824799003867,537,38.547486033519554,537,41.713221601489757,537,21.601489757914337,537,35.567970204841714,NEUTRAL,3.234511998740186,LOW,NEUTRAL_LOW
2024-10-22,2024,574,541,532,540,94.076655052264812,-2.0163141187791949,-2.1703180015538504,18.703703703703702,540,94.076655052264812,-3.1314629431461549,-3.2009852216748795,26.296296296296294,537,93.554006968641119,0.61686669953482964,-1.1666666666666714,43.389199255121042,2.9884470868246633,537,32.402234636871505,537,37.802607076350093,537,37.057728119180631,537,37.802607076350093,NEUTRAL,3.2339719084094316,LOW,NEUTRAL_LOW
2024-10-23,2024,574,541,532,541,94.250871080139376,0.77109852032613502,0.51216389244557181,58.040665434380777,540,94.076655052264812,-1.5705031406373517,-2.1265828236712911,28.888888888888886,537,93.554006968641119,0.88721238091700971,-0.76335877862595536,46.18249534450652,2.9656094786126594,537,32.029795158286781,537,35.567970204841714,537,31.098696461824954,537,37.616387337057731,NEUTRAL,3.2334318180786767,LOW,NEUTRAL_LOW
2024-10-24,2024,574,541,532,541,94.250871080139376,-1.0473811013722047,-1.1658031088082943,25.878003696857672,540,94.076655052264812,-2.7347530206262349,-3.2260308342546615,22.962962962962962,537,93.554006968641119,-0.68228890668142494,-2.5672371638141844,40.037243947858478,3.366391842152419,537,29.795158286778399,537,34.07821229050279,537,22.346368715083798,537,34.450651769087528,NEUTRAL,3.231040497865914,HIGH,NEUTRAL_HIGH
2024-10-25,2024,574,541,532,541,94.250871080139376,-0.88273851175252216,-0.96930533117932638,26.98706099815157,540,94.076655052264812,-2.3393489168712889,-3.0540487469625228,25.185185185185183,537,93.554006968641119,-2.7998908053965592,-5.2894211576846253,30.540037243947861,2.7079888982014304,537,25.884543761638735,537,32.029795158286781,537,29.981378026070765,537,33.333333333333329,BEAR,3.2334318180786767,LOW,BEAR_LOW
2024-10-28,2024,574,542,532,541,94.250871080139376,1.4365605934752326,1.3384321223709472,73.937153419593344,540,94.076655052264812,-1.6766757341406548,-2.0520145856056327,30.555555555555557,537,93.554006968641119,-0.90817951609346215,-3.4426229508196737,37.057728119180631,3.1229979141505795,537,30.726256983240223,537,29.795158286778399,537,23.463687150837988,537,34.264432029795159,BEAR,3.231040497865914,LOW,BEAR_LOW
2024-10-29,2024,574,542,534,542,94.42508710801394,0.23411086285721652,0,46.494464944649444,541,94.250871080139376,0.56540040948359083,-0.16977928692699651,46.950092421441774,537,93.554006968641119,-3.1280111253093148,-5.3380782918149521,31.843575418994412,2.6737634552376375,539,33.766233766233768,539,30.241187384044526,539,24.675324675324674,539,31.910946196660483,BEAR,3.2286491776531516,LOW,BEAR_LOW
2024-10-30,2024,574,542,534,542,94.42508710801394,-0.56777099403130227,-0.67258286293240821,32.472324723247233,541,94.250871080139376,-0.82131507676838611,-1.0845986984815648,34.565619223659887,539,93.902439024390233,-3.1566977335909168,-5.7956777996070681,31.168831168831169,3.1354467205348997,539,32.096474953617808,539,30.426716141001855,539,23.933209647495364,539,29.870129870129869,BEAR,3.2269579423938781,LOW,BEAR_LOW
2024-10-31,2024,574,543,534,542,94.42508710801394,0.39921679364045604,0.30877920659067021,56.273062730627309,541,94.250871080139376,0.59222358198163005,0.35407182599898052,53.419593345656189,539,93.902439024390233,-1.4265409822680408,-3.3850381840763166,35.064935064935064,3.2701304565597962,539,34.879406307977732,539,30.797773654916512,539,40.07421150278293,539,34.137291280148425,BEAR,3.2252667071346042,HIGH,BEAR_HIGH
2024-11-01,2024,574,545,534,543,94.599303135888505,-1.5228890618975588,-1.5313935681470103,23.204419889502763,541,94.250871080139376,-0.074218538460617614,0,49.722735674676528,539,93.902439024390233,-1.9190911481336663,-3.4883720930232509,35.99257884972171,3.7231777734720279,539,25.231910946196663,539,29.684601113172544,539,24.118738404452692,539,31.910946196660483,BEAR,3.2269579423938781,HIGH,BEAR_HIGH
2024-11-04,2024,574,544,534,544,94.773519163763069,1.8665160652945623,1.3678861734959247,75.919117647058826,542,94.42508710801394,0.34312096911188444,0.2583138546536356,52.02952029520295,539,93.902439024390233,-0.67082439269843375,-2.3756906077348039,38.961038961038966,3.5179003442146826,539,40.07421150278293,539,30.612244897959183,539,35.807050092764378,539,34.32282003710575,BEAR,3.2286491776531516,HIGH,BEAR_HIGH
2024-11-05,2024,574,544,534,544,94.773519163763069,0.1176535336673956,0,49.264705882352942,542,94.42508710801394,0.24172562272379888,0.18791746406994209,51.476014760147606,539,93.902439024390233,-2.1646874258941682,-4.0245947456679758,32.467532467532465,2.7136130551917996,540,41.296296296296298,540,33.148148148148152,540,21.851851851851851,540,33.888888888888893,BEAR,3.231040497865914,LOW,BEAR_LOW
2024-11-06,2024,574,543,533,543,94.599303135888505,-0.41839048035162757,-0.63419928101471335,38.674033149171272,541,94.250871080139376,0.39110704169572641,0.4102564102564043,53.049907578558233,539,93.902439024390233,-1.8489245188009393,-3.1093279839518595,37.291280148423006,4.3383534719113488,539,41.001855287569569,539,34.879406307977732,539,46.382189239332092,539,43.599257884972168,BEAR,3.2286491776531516,HIGH,BEAR_HIGH
2024-11-07,2024,574,544,533,543,94.599303135888505,-0.081162398487357929,-0.52083333333333703,36.83241252302026,542,94.42508710801394,-0.032554655691773508,-0.7724339498141608,44.280442804428041,539,93.902439024390233,-1.9567281338717208,-3.157894736842104,36.363636363636367,4.1441375302354952,539,38.589981447124302,539,37.476808905380331,539,44.155844155844157,539,45.269016697588128,BEAR,3.231040497865914,HIGH,BEAR_HIGH
2024-11-08,2024,574,544,533,544,94.773519163763069,0.23749659159347966,0,47.42647058823529,543,94.599303135888505,1.7358850126815835,0.57581573896352545,54.511970534069988,539,93.902439024390233,-1.3352782852796545,-2.8571428571428581,37.291280148423006,2.9840067711955593,539,41.001855287569569,539,41.74397031539889,539,36.734693877551024,539,47.866419294990727,BEAR,3.2334318180786767,LOW,BEAR_LOW
2024-11-11,2024,574,544,533,544,94.773519163763069,-1.9791343159493715,-2.2647615558405052,23.34558823529412,543,94.599303135888505,-1.920927657416905,-3.315835975261161,31.675874769797424,539,93.902439024390233,-3.9708014230778637,-5.3388313168032164,30.612244897959183,4.2162667498080584,539,32.653061224489797,539,39.332096474953616,539,56.771799628942489,539,52.504638218923937,BEAR,3.231040497865914,HIGH,BEAR_HIGH
2024-11-12,2024,574,544,533,544,94.773519163763069,-2.7005837426811476,-3.0030746107961859,15.257352941176471,543,94.599303135888505,-4.6768379289883555,-6.5546218487394956,22.83609576427256,539,93.902439024390233,-6.8201973412726806,-8.3900226757369634,24.489795918367346,3.752673600214286,539,23.005565862708721,539,33.766233766233768,539,69.387755102040813,539,65.120593692022268,BEAR,3.2334318180786767,HIGH,BEAR_HIGH
2024-11-13,2024,574,544,533,544,94.773519163763069,-2.4963237116923098,-2.6988008219962003,14.338235294117647,543,94.599303135888505,-6.7568202192900451,-7.9404466501240654,13.996316758747698,539,93.902439024390233,-8.3499266578635485,-9.8643649815043144,20.964749536178108,4.1116617135811477,539,16.697588126159555,539,27.829313543599259,539,55.844155844155843,539,65.862708719851582,BEAR,3.2339719084094316,HIGH,BEAR_HIGH
2024-11-14,2024,574,544,533,544,94.773519163763069,-0.52216768000748892,-0.60320740438907783,37.683823529411761,544,94.773519163763069,-7.1563615591335328,-7.9976322145944581,14.522058823529413,539,93.902439024390233,-8.8321184650036688,-10.397295012679631,19.109461966604822,4.5544802186240858,539,18.738404452690165,539,23.376623376623375,539,57.884972170686453,539,68.274582560296849,BEAR,3.234511998740186,HIGH,BEAR_HIGH
2024-11-15,2024,574,544,533,544,94.773519163763069,0.29489977706706194,0.41567875482079175,54.963235294117652,544,94.773519163763069,-7.1979361171823122,-8.1044357301560552,15.808823529411764,539,93.902439024390233,-7.4534289956209161,-10.012674271229404,22.077922077922079,4.2425891430094449,539,20.408163265306122,539,20.779220779220779,539,53.432282003710576,539,72.35621521335807,BEAR,3.2388369783250743,HIGH,BEAR_HIGH
2024-11-18,2024,574,544,534,544,94.773519163763069,0.90772236831639219,1.047211563328454,61.397058823529413,544,94.773519163763069,-4.4976973835962513,-4.8164331682685138,22.242647058823529,539,93.902439024390233,-7.3096432454696574,-8.8669950738916263,25.231910946196663,4.2242894572060203,540,25.925925925925924,540,19.25925925925926,540,39.444444444444443,540,69.259259259259252,BEAR,3.2431619579099626,HIGH,BEAR_HIGH
2024-11-19,2024,574,544,534,544,94.773519163763069,0.55004657264803558,0.19785178320762539,54.044117647058819,544,94.773519163763069,-1.3002876789210804,-1.3357983143296892,41.17647058823529,540,94.076655052264812,-5.0554952505759685,-6.7073626138349605,28.703703703703702,3.6425684356082986,540,28.333333333333332,540,20.37037037037037,540,29.629629629629626,540,59.259259259259252,BEAR,3.2432707025033873,HIGH,BEAR_HIGH
2024-11-20,2024,574,544,534,544,94.773519163763069,-0.26444845950697676,-0.22420849885638744,40.992647058823529,544,94.773519163763069,0.91556717597700688,1.0173730559521643,55.69852941176471,540,94.076655052264812,-6.1645352805006732,-7.9124129639428435,29.259259259259256,2.9334586243310854,540,30.74074074074074,540,23.888888888888889,540,19.814814814814817,540,50.925925925925931,BEAR,3.243379447096812,LOW,BEAR_LOW
2024-11-21,2024,574,544,534,544,94.773519163763069,-0.51918719870642516,-0.48423502581285138,36.213235294117645,544,94.773519163763069,0.93215086601727482,1.3166762376344954,58.272058823529413,540,94.076655052264812,-5.7856971638234924,-6.4978903949144851,30.185185185185187,3.3379113386450223,540,29.259259259259256,540,26.666666666666668,540,22.962962962962962,540,39.444444444444443,BEAR,3.2432707025033873,HIGH,BEAR_HIGH
2024-11-22,2024,574,545,534,544,94.773519163763069,0.59496487128322162,0.30546228141485876,56.985294117647058,544,94.773519163763069,1.2807125342106895,1.4495387755374289,59.92647058823529,540,94.076655052264812,-4.3745240921710407,-5.4859945196847777,32.962962962962962,3.8614538412919339,541,31.42329020332717,541,30.314232902033272,541,24.584103512014789,541,30.683918669131238,BEAR,3.243379447096812,HIGH,BEAR_HIGH
2024-11-25,2024,574,544,534,544,94.773519163763069,2.0782790953922503,1.692182542910603,75.919117647058826,544,94.773519163763069,2.4147806623849299,1.8270835651496564,66.360294117647058,541,94.250871080139376,-3.7753272390142527,-5.1198257080609988,33.086876155268023,3.4783363716737066,541,40.110905730129396,541,32.34750462107209,541,44.547134935304989,541,33.826247689463955,BEAR,3.2434147158896489,HIGH,BEAR_HIGH
2024-11-26,2024,574,544,534,544,94.773519163763069,0.082281007575175188,0.16469158804999215,52.022058823529413,544,94.773519163763069,1.9531892193127276,1.7855008036413933,66.72794117647058,541,94.250871080139376,-3.9361679153566524,-5.5829228243021394,31.79297597042514,3.2081675001305952,541,40.850277264325321,541,32.717190388170053,541,27.726432532347506,541,31.238447319778189,BEAR,3.2434499846824858,LOW,BEAR_LOW
2024-11-27,2024,574,544,534,544,94.773519163763069,-0.39563378326976667,-0.590292833250744,39.154411764705884,544,94.773519163763069,1.8278773411277487,1.1153591871531199,60.661764705882348,541,94.250871080139376,-3.6960665737479554,-5.2095130237825638,33.641404805914974,3.379421171486479,542,39.667896678966791,542,36.346863468634687,542,31.549815498154981,542,35.608856088560884,BEAR,3.2434147158896489,HIGH,BEAR_HIGH
2024-11-28,2024,574,543,533,543,94.599303135888505,0.23205908595003139,0,49.723756906077348,543,94.599303135888505,2.5664607248148052,1.5555555555555545,64.088397790055254,541,94.250871080139376,-3.9291388383656942,-5.4475084663763935,34.935304990757857,3.1444622519047134,542,42.804428044280442,542,40.036900369003689,542,22.140221402214021,542,34.686346863468636,BEAR,3.2434499846824858,LOW,BEAR_LOW
2024-11-29,2024,574,543,533,543,94.599303135888505,-2.0790726882771926,-2.2123893805309769,17.495395948434624,543,94.599303135888505,-0.12038339104979161,-1.1138613861386149,41.620626151012893,542,94.42508710801394,-4.3057299318543301,-5.716125789324872,33.394833948339482,2.6270575424312401,542,33.579335793357934,542,41.14391143911439,542,30.627306273062732,542,36.162361623616235,BEAR,3.2434147158896489,LOW,BEAR_LOW
2024-12-02,2024,574,543,533,543,94.599303135888505,-0.72572198341893401,-1.0526315789473717,29.281767955801101,543,94.599303135888505,-2.8305760926326329,-3.319502074688796,29.834254143646412,542,94.42508710801394,-6.6242042350152115,-8.1621559102475096,28.413284132841326,3.9327671673683868,542,30.811808118081181,542,38.745387453874542,542,25.830258302583026,542,30.627306273062732,BEAR,3.243379447096812,HIGH,BEAR_HIGH
2024-12-03,2024,574,543,533,543,94.599303135888505,2.4742785268694556,1.8844221105527748,80.478821362799266,543,94.599303135888505,-0.52407406112928201,-1.5696448370569491,40.515653775322285,542,94.42508710801394,-4.652535118000646,-5.8808545178226037,33.025830258302584,3.5777174029575058,542,41.14391143911439,542,38.191881918819185,542,31.73431734317343,542,31.73431734317343,BEAR,3.2434147158896489,HIGH,BEAR_HIGH
2024-12-04,2024,574,543,533,543,94.599303135888505,-2.292693516256302,-2.3008849557522137,16.574585635359114,543,94.599303135888505,-2.4128589678148482,-3.2637075718015662,26.151012891344383,542,94.42508710801394,-6.6519504644006799,-7.8500280613066078,26.199261992619927,3.7951786920997481,543,31.307550644567218,543,39.042357274401475,543,44.751381215469614,543,35.543278084714544,BEAR,3.2434499846824858,HIGH,BEAR_HIGH
2024-12-05,2024,574,543,533,543,94.599303135888505,-1.151363312164013,-1.4960863965124305,27.624309392265197,543,94.599303135888505,-3.7985434315168858,-5.0059594755661454,20.626151012891345,543,94.599303135888505,-7.7000632460590976,-9.389067524115756,22.099447513812155,3.6339525583797179,543,25.046040515653779,543,35.174953959484348,543,29.834254143646412,543,38.489871086556171,BEAR,3.2436536792473571,HIGH,BEAR_HIGH
2024-12-06,2024,574,543,533,543,94.599303135888505,-1.5431861570863916,-1.4814814814814836,25.23020257826888,543,94.599303135888505,-3.2724433356886666,-3.9361702127659544,22.651933701657459,543,94.599303135888505,-9.3122245998289426,-10.619881677498322,20.257826887661142,3.0301202175419077,543,22.651933701657459,543,32.228360957642728,543,45.303867403314918,543,40.515653775322285,BEAR,3.2438573738122281,LOW,BEAR_LOW
2024-12-09,2024,574,543,533,543,94.599303135888505,-5.4767008943572009,-5.7529610829103239,3.6832412523020261,543,94.599303135888505,-7.8230315869233902,-8.0916030534351151,10.128913443830571,543,94.599303135888505,-12.408568237555931,-13.943028485757123,15.469613259668508,4.0235494516009611,543,11.049723756906078,543,25.966850828729282,543,53.406998158379373,543,49.723756906077348,BEAR,3.2436536792473571,HIGH,BEAR_HIGH
2024-12-10,2024,574,543,533,543,94.599303135888505,5.3551503220189263,5.1724137931034484,93.554327808471456,543,94.599303135888505,-5.3126732036138167,-5.6070640176600461,14.917127071823206,543,94.599303135888505,-5.3185037074809012,-6.7843866171003686,26.887661141804784,3.9690569840107668,543,21.36279926335175,543,21.36279926335175,543,33.149171270718227,543,50.644567219152862,BEAR,3.2438573738122281,HIGH,BEAR_HIGH
2024-12-11,2024,574,543,534,543,94.599303135888505,3.0812510484169979,2.6229508196721207,86.187845303867405,543,94.599303135888505,-0.18416439851380989,-0.57471264367816566,44.19889502762431,543,94.599303135888505,0.087413914445760951,-1.871345029239768,40.515653775322285,3.8199973859620617,543,38.121546961325969,543,20.994475138121548,543,24.30939226519337,543,48.250460405156538,NEUTRAL,3.244307881470589,HIGH,NEUTRAL_HIGH
2024-12-12,2024,574,543,535,543,94.599303135888505,1.2854283138347578,0.82730093071354815,66.482504604051556,543,94.599303135888505,2.3098951251908844,1.6064257028112428,65.561694290976064,543,94.599303135888505,1.8351370819409962,0,49.539594843462247,3.5498847319077855,543,47.329650092081032,543,21.915285451197054,543,50.46040515653776,543,54.327808471454873,NEUTRAL,3.2447583891289495,HIGH,NEUTRAL_HIGH
2024-12-13,2024,574,543,535,543,94.599303135888505,1.3661932381120179,1.1638733705772839,73.296500920810317,543,94.599303135888505,5.2990294629347909,4.2707493956486644,84.530386740331494,543,94.599303135888505,2.936120681579296,0.73170731707317127,53.222836095764272,3.1178713168233934,543,58.011049723756905,543,26.335174953959484,543,28.545119705340699,543,52.486187845303867,NEUTRAL,3.2451232507011003,LOW,NEUTRAL_LOW
2024-12-16,2024,574,544,535,543,94.599303135888505,1.0747675882802399,0.4687499999999955,59.300184162062621,543,94.599303135888505,12.774101587289465,11.821705426356589,95.211786372007367,543,94.599303135888505,3.1620205518015263,0.63872632307595545,53.222836095764272,3.5880132543613938,543,61.141804788213626,543,45.303867403314918,543,23.204419889502763,543,42.35727440147329,NEUTRAL,3.2447583891289495,HIGH,NEUTRAL_HIGH
2024-12-17,2024,574,544,535,544,94.773519163763069,-0.10225045493398435,-0.27995564593545347,44.30147058823529,543,94.599303135888505,6.9118158660707909,6.0810810810810745,84.162062615101291,543,94.599303135888505,2.5005893698277557,0.31897926634769641,51.381215469613259,3.0484123348395609,543,59.852670349907925,543,55.248618784530393,543,31.123388581952117,543,41.068139963167589,NEUTRAL,3.2451232507011003,LOW,NEUTRAL_LOW
2024-12-18,2024,574,544,535,544,94.773519163763069,0.78389893740969396,0.35325534978554168,59.007352941176471,543,94.599303135888505,4.4495171175433947,3.429355281207136,79.005524861878456,543,94.599303135888505,3.5525969511925979,1.0204081632652962,54.327808471454873,3.1068845123312165,543,65.745856353591165,543,61.510128913443829,543,19.152854511970535,543,39.410681399631677,NEUTRAL,3.2447583891289495,LOW,NEUTRAL_LOW
2024-12-19,2024,574,545,535,544,94.773519163763069,-1.4876784582874885,-1.7501610739672824,19.301470588235293,543,94.599303135888505,1.6207840097574391,0.65359477124182774,56.537753222836095,543,94.599303135888505,2.5768040969083077,-0.33632286995515231,48.250460405156538,2.957599183422841,543,52.117863720073665,543,62.615101289134437,543,20.810313075506446,543,26.703499079189687,NEUTRAL,3.244307881470589,LOW,NEUTRAL_LOW
2024-12-20,2024,574,545,535,545,94.947735191637634,-2.1824953187922191,-2.1416803953871466,14.862385321100918,543,94.599303135888505,-1.9766606376985807,-2.640533551109292,26.519337016574585,543,94.599303135888505,-0.34105271487160449,-2.7667984189723271,38.858195211786374,3.1423030559079592,543,37.200736648250462,543,58.931860036832418,543,23.388581952117864,543,25.414364640883981,BEAR,3.2438573738122281,LOW,BEAR_LOW
2024-12-23,2024,574,546,535,545,94.947735191637634,2.3404935680943266,1.94871794871796,82.752293577981646,544,94.773519163763069,-0.71748799149896625,-1.0328102352372748,40.07352941176471,543,94.599303135888505,-0.11755323329830276,-2.3064250411861664,39.042357274401475,3.9112902577056263,543,53.222836095764272,543,57.2744014732965,543,18.41620626151013,543,26.887661141804784,BEAR,3.2436536792473571,HIGH,BEAR_HIGH
2024-12-24,2024,574,546,537,546,95.121951219512198,-0.058106470101425944,-0.35016910705344956,39.194139194139197,544,94.773519163763069,-0.67779550763192897,-1.1142301431842636,36.029411764705884,543,94.599303135888505,-0.2214636869827307,-2.4096385542168641,39.410681399631677,3.0306646718244257,543,53.95948434622467,543,55.80110497237569,543,17.127071823204421,543,20.257826887661142,BEAR,3.2438573738122281,LOW,BEAR_LOW
2024-12-26,2024,574,546,537,546,95.121951219512198,-0.56814564783083843,-0.92703540192404787,28.937728937728942,544,94.773519163763069,-1.9860468602102723,-2.7065891472868251,27.022058823529409,543,94.599303135888505,-0.36921382239165496,-2.5974025974025983,38.674033149171272,2.9402813405478261,543,50.46040515653776,543,53.038674033149171,543,23.572744014732965,543,21.915285451197054,BEAR,3.2436536792473571,LOW,BEAR_LOW
2024-12-27,2024,574,546,537,546,95.121951219512198,-1.3315395906804688,-1.6313218526753992,19.963369963369964,545,94.947735191637634,-1.8569424667289667,-2.661596958174905,25.137614678899084,543,94.599303135888505,-1.8015166507866875,-4.3872919818456868,32.228360957642728,3.5120675877635699,543,37.016574585635361,543,49.355432780847146,543,23.388581952117864,543,23.020257826887661,BEAR,3.2434499846824858,HIGH,BEAR_HIGH
2024-12-30,2024,574,546,537,546,95.121951219512198,0.98032582610913555,0.59363965896546134,58.424908424908431,545,94.947735191637634,1.3701440355766263,-0.14836795252225471,47.889908256880737,543,94.599303135888505,1.2824129866387339,-1.8450184501844993,43.646408839779006,2.7941470689585399,543,45.303867403314918,543,52.670349907918968,543,13.443830570902392,543,21.546961325966851,NEUTRAL,3.2436536792473571,LOW,NEUTRAL_LOW
2025-01-02,2025,574,546,537,546,95.121951219512198,1.720628982590505,0.38592036235859384,56.776556776556774,546,95.121951219512198,0.85265724191409775,-1.1961688262917547,38.461538461538467,543,94.599303135888505,3.8982073176221688,0.26921523758245408,50.46040515653776,5.0453248582902468,543,49.171270718232044,543,49.539594843462247,543,24.125230202578269,543,21.915285451197054,NEUTRAL,3.2434499846824858,HIGH,NEUTRAL_HIGH
2025-01-03,2025,574,547,538,546,95.121951219512198,2.0899425121920445,1.75901510281119,76.373626373626365,546,95.121951219512198,2.9044068765690896,1.0709780988418793,58.058608058608066,543,94.599303135888505,3.4467484053065891,0.47281323877068621,51.197053406998158,3.6323325181088815,543,65.745856353591165,543,50.46040515653776,543,38.30570902394107,543,25.414364640883981,NEUTRAL,3.2436536792473571,HIGH,NEUTRAL_HIGH
2025-01-06,2025,574,546,538,546,95.121951219512198,2.0633878867991036,1.3725663352113893,75.641025641025635,546,95.121951219512198,5.644080691406975,4.0102591248235564,73.443223443223445,543,94.599303135888505,8.1468673893249388,3.9662137348512649,64.825046040515659,3.4532049542763921,543,74.769797421731127,543,55.248618784530393,543,39.410681399631677,543,31.307550644567218,BULL,3.2438573738122281,HIGH,BULL_HIGH
2025-01-07,2025,574,546,538,546,95.121951219512198,-0.057345813114433195,-0.2028989482996901,43.040293040293044,546,95.121951219512198,6.9335548583196625,5.3793599702887551,82.417582417582409,543,94.599303135888505,9.2515015869466719,5.3708439897698135,70.349907918968697,3.2816548881945291,543,74.953959484346228,543,63.351749539594849,543,40.699815837937386,543,36.279926335174956,BULL,3.244307881470589,HIGH,BULL_HIGH
2025-01-08,2025,574,546,538,546,95.121951219512198,0.78821166869373238,0.34474103820941726,55.128205128205131,546,95.121951219512198,6.6946105586240217,5.0149775001679053,84.249084249084248,543,94.599303135888505,11.832583983135113,7.476038338658153,76.058931860036822,4.0824256665928802,543,74.769797421731127,543,68.324125230202583,543,37.569060773480665,543,45.119705340699817,BULL,3.2447583891289495,HIGH,BULL_HIGH
2025-01-09,2025,574,546,538,546,95.121951219512198,0.32053981052480585,-0.15276290963199263,43.956043956043956,546,95.121951219512198,5.2887108938007277,3.7940142185145076,79.487179487179489,543,94.599303135888505,19.02222027146469,14.771048744460844,88.581952117863722,3.9675638986536574,543,69.613259668508292,543,71.086556169429088,543,44.19889502762431,543,53.95948434622467,BULL,3.2451232507011003,HIGH,BULL_HIGH
2025-01-10,2025,574,547,538,546,95.121951219512198,0.04574138309668499,-0.21834350274465558,43.406593406593409,546,95.121951219512198,3.172143905102621,1.9014800587504266,66.300366300366292,543,94.599303135888505,12.972122884417759,8.2099596231493877,76.979742173112342,3.1600498527191885,543,68.692449355432785,543,71.270718232044189,543,32.965009208103133,543,52.117863720073665,BULL,3.2454881122732511,LOW,BULL_LOW
2025-01-13,2025,574,547,538,547,95.296167247386762,-0.93710405422087395,-1.1568123393316143,28.884826325411332,546,95.121951219512198,0.15673471451246865,-0.78684719535783154,43.040293040293044,543,94.599303135888505,8.4921993900193016,3.8089291289416174,64.640883977900558,2.9471732915645457,543,58.747697974217317,543,69.797421731123393,543,30.939226519337016,543,48.618784530386741,BULL,3.2451232507011003,LOW,BULL_LOW
2025-01-14,2025,574,546,538,546,95.121951219512198,0.77642507920227599,0.39828690555321339,59.523809523809526,546,95.121951219512198,0.98016504191600118,0.11238352836294704,50.549450549450547,543,94.599303135888505,7.9642176541450658,3.8123167155425191,64.825046040515659,2.5945023807214547,543,63.904235727440152,543,69.613259668508292,543,27.071823204419886,543,45.488029465930019,BULL,3.2447583891289495,LOW,BULL_LOW
2025-01-15,2025,574,546,538,546,95.121951219512198,-0.31874427834069574,-0.56934661442206158,34.981684981684978,546,95.121951219512198,-0.14634917915247447,-1.0978224213518351,37.545787545787547,543,94.599303135888505,6.114170991740365,2.2401433691756174,57.090239410681399,2.762969536293741,544,61.213235294117652,544,66.544117647058826,544,31.433823529411764,544,44.117647058823529,NEUTRAL,3.244307881470589,LOW,NEUTRAL_LOW
2025-01-16,2025,574,547,539,546,95.121951219512198,1.4608657112843113,0.93327216744938368,74.358974358974365,546,95.121951219512198,0.97883740259495,-0.14569837063211905,47.619047619047613,544,94.773519163763069,6.5307123003634642,2.2932437507824588,59.191176470588239,2.9877117353100853,544,68.75,544,65.992647058823522,544,32.169117647058826,544,38.235294117647058,NEUTRAL,3.2438573738122281,LOW,NEUTRAL_LOW
2025-01-17,2025,574,547,539,547,95.296167247386762,0.25167214495952445,-0.094161958568739199,46.435100548446066,546,95.121951219512198,1.2040420329118617,0.12492431194092155,50.366300366300365,544,94.773519163763069,6.9588281988120189,3.1149625267665959,62.683823529411761,3.3982717970079741,544,66.911764705882348,544,65.07352941176471,544,35.845588235294116,544,39.889705882352942,BULL,3.2436536792473571,HIGH,BULL_HIGH
2025-01-20,2025,574,547,539,547,95.296167247386762,0.31377789276407247,0,48.080438756855578,546,95.121951219512198,2.470477224554525,1.5047169811320704,61.904761904761905,544,94.773519163763069,6.3278148801371588,2.6064060514280118,60.661764705882348,3.6592891845752837,545,68.440366972477065,545,69.357798165137623,545,31.376146788990827,545,39.082568807339449,BULL,3.2438573738122281,HIGH,BULL_HIGH
2025-01-21,2025,574,547,539,547,95.296167247386762,0.15608383288772459,0,49.36014625228519,546,95.121951219512198,1.8424174521379144,0.67999704248652426,56.593406593406591,545,94.947735191637634,8.1377701536618172,3.5433070866141669,63.853211009174316,3.4232678628112096,545,65.137614678899084,545,68.9908256880734,545,36.697247706422019,545,42.201834862385326,BULL,3.244307881470589,HIGH,BULL_HIGH
2025-01-22,2025,574,546,539,546,95.121951219512198,1.2279895783585011,0.37513745183068709,56.410256410256409,545,94.947735191637634,3.4255880962649017,1.8907563025210017,65.321100917431195,544,94.773519163763069,11.979207798781905,6.8877921934349606,74.816176470588232,3.9568646895010411,545,68.807339449541288,545,68.256880733944953,545,45.504587155963307,545,46.422018348623858,BULL,3.2447583891289495,HIGH,BULL_HIGH
2025-01-23,2025,574,546,539,546,95.121951219512198,-1.7343590085681846,-1.8633620246219285,20.146520146520146,546,95.121951219512198,0.17251043474633454,-1.036546385383591,39.743589743589745,545,94.947735191637634,7.3650583351612591,3.0042918454935563,61.284403669724774,2.9490241935498291,545,54.495412844036693,545,65.871559633027516,545,39.26605504587156,545,48.073394495412849,BULL,3.2451232507011003,LOW,BULL_LOW
2025-01-24,2025,574,546,539,546,95.121951219512198,0.98735499508994895,0.46281967114796252,60.805860805860803,546,95.121951219512198,0.9161249282942121,-0.56987457888541537,44.688644688644693,545,94.947735191637634,8.5291355103758537,4.0446304044630335,63.486238532110093,3.2844505080990736,545,58.532110091743114,545,62.568807339449542,545,30.825688073394495,545,46.055045871559635,BULL,3.2447583891289495,HIGH,BULL_HIGH
2025-01-31,2025,574,546,540,546,95.121951219512198,-0.73817869030313354,-0.80750301489521115,36.813186813186817,546,95.121951219512198,-0.15887215008174227,-1.4013287804239438,40.293040293040292,545,94.947735191637634,8.21347448786487,4.3624161073825496,65.137614678899084,4.6731998704984488,545,51.559633027522935,545,59.633027522935777,545,40.183486238532112,545,49.174311926605505,BULL,3.2451232507011003,HIGH,BULL_HIGH
2025-02-03,2025,574,546,541,546,95.121951219512198,-3.1804601903054333,-3.2489057303735804,12.637362637362637,546,95.121951219512198,-3.4400333732546948,-4.3563002152375017,25.824175824175828,545,94.947735191637634,6.1877169105412229,2.4390243902439046,58.165137614678898,4.0222305971847971,545,32.660550458715598,545,51.37614678899083,545,51.743119266055047,545,50.275229357798167,NEUTRAL,3.2454881122732511,HIGH,NEUTRAL_HIGH
2025-02-04,2025,574,547,541,546,95.121951219512198,2.0795248075952784,1.6272512864494049,77.655677655677664,546,95.121951219512198,-2.5887696990433091,-3.3413078149920228,30.219780219780219,545,94.947735191637634,7.3034977575448172,3.0812324929971879,62.935779816513758,3.5069266637550234,545,38.899082568807344,545,42.752293577981654,545,35.22935779816514,545,47.155963302752298,BULL,3.2456929413768938,HIGH,BULL_HIGH
2025-02-05,2025,574,546,540,545,94.947735191637634,1.4760586549745902,1.0830324909747224,69.357798165137623,544,94.773519163763069,0.48872789567628205,-0.65949411049691642,43.933823529411761,544,94.773519163763069,6.6164730241987417,3.3317590832213195,65.257352941176478,3.5653571138180431,544,43.014705882352942,544,39.154411764705884,544,29.59558823529412,544,43.566176470588239,BULL,3.245897770480537,HIGH,BULL_HIGH
2025-02-06,2025,574,548,540,546,95.121951219512198,1.3002378994165826,0.75528743992355762,63.553113553113548,544,94.773519163763069,0.74732204090842247,-0.55469493475941434,46.139705882352942,544,94.773519163763069,5.8031413784346491,2.5241833622007377,61.764705882352942,3.6491292971345093,544,53.860294117647058,544,39.338235294117645,544,36.580882352941174,544,46.507352941176471,BULL,3.247579079109046,HIGH,BULL_HIGH
2025-02-07,2025,574,548,541,548,95.470383275261327,0.25310981805641086,-0.56132616330163421,40.693430656934304,544,94.773519163763069,1.7409290382335665,0.50946032460116308,53.125,544,94.773519163763069,3.9520462113543195,0.8475184945773151,54.411764705882348,4.54181303483728,544,52.941176470588239,544,40.07352941176471,544,40.808823529411761,544,50.55147058823529,NEUTRAL,3.249260387737555,HIGH,NEUTRAL_HIGH
2025-02-10,2025,574,548,541,548,95.470383275261327,0.99844621100787201,0.17139659420172254,52.737226277372265,544,94.773519163763069,6.3016629748624551,3.9062451244094687,74.44852941176471,544,94.773519163763069,4.9636143413068075,1.5146384094384957,57.169117647058819,4.3191449104476218,544,56.066176470588239,544,47.977941176470587,544,45.955882352941174,544,50.367647058823529,NEUTRAL,3.2568426924371083,HIGH,NEUTRAL_HIGH
2025-02-11,2025,574,548,541,548,95.470383275261327,0.49841335720984492,0.093082449868087058,50.729927007299267,545,94.947735191637634,4.7871310062514425,2.3170731707317094,66.055045871559642,544,94.773519163763069,4.8024797125315608,1.232291894578752,54.227941176470587,3.5304395999809777,544,57.720588235294116,544,54.779411764705884,544,37.132352941176471,544,51.102941176470587,NEUTRAL,3.2644249971366617,HIGH,NEUTRAL_HIGH
2025-02-12,2025,574,548,541,548,95.470383275261327,-0.089956542732957195,-0.41220693170234129,38.503649635036496,546,95.121951219512198,3.1701269270532091,0.55689810081482871,54.029304029304029,544,94.773519163763069,4.5420897771402906,1.4058348642654761,55.69852941176471,3.8359093529965014,544,56.985294117647058,544,57.352941176470587,544,34.191176470588239,544,50.735294117647058,NEUTRAL,3.2672777268482287,HIGH,NEUTRAL_HIGH
2025-02-13,2025,574,548,541,548,95.470383275261327,1.2789020825524602,0.62129142157241191,61.678832116788321,548,95.470383275261327,3.0941306311677472,0.89871179264766621,55.839416058394164,544,94.773519163763069,5.7926438085820591,2.686025408348458,61.213235294117652,3.4540264045663687,544,63.602941176470587,544,58.272058823529413,544,51.654411764705884,544,55.147058823529413,BULL,3.2701304565597962,HIGH,BULL_HIGH
2025-02-14,2025,574,549,541,548,95.470383275261327,0.61770319852747002,0.2131278585476015,53.649635036496349,548,95.470383275261327,3.34016963461448,1.7939142461964042,64.78102189781022,544,94.773519163763069,7.4503828043423388,3.9534233515753248,64.52205882352942,4.1689507407915896,544,64.52205882352942,544,60.845588235294116,544,47.242647058823529,544,58.088235294117652,BULL,3.2717269219514047,HIGH,BULL_HIGH
2025-02-17,2025,574,549,541,549,95.644599303135891,1.7293731161862909,0.95389507154213238,67.395264116575589,548,95.470383275261327,4.0541013737729674,2.4125487457074768,69.525547445255469,544,94.773519163763069,8.4462917047376092,5.1377383196914987,69.669117647058826,3.8971646416387653,544,70.955882352941174,544,64.154411764705884,544,41.360294117647058,544,56.25,BULL,3.2733233873430132,HIGH,BULL_HIGH
2025-02-18,2025,574,549,541,549,95.644599303135891,1.0364130902555113,0.39577836411608391,57.012750455373407,548,95.470383275261327,4.553100957966965,2.6793476614123124,71.897810218978094,544,94.773519163763069,9.9554196093502902,5.7308124741108912,71.691176470588232,3.5252248568554285,544,73.161764705882348,544,67.279411764705884,544,39.889705882352942,544,55.330882352941181,BULL,3.2771863520732785,HIGH,BULL_HIGH
2025-02-19,2025,574,549,541,549,95.644599303135891,0.98417959517801468,0.65359477124182774,59.927140255009107,548,95.470383275261327,5.6555253097210194,3.8873022349154573,78.832116788321173,544,94.773519163763069,9.2585331355618905,6.0818577917864154,72.97794117647058,3.6789349554230464,544,78.125,544,70.955882352941174,544,52.022058823529413,544,60.845588235294116,BULL,3.2810493168035433,HIGH,BULL_HIGH
2025-02-20,2025,574,549,541,549,95.644599303135891,-1.0371287981510633,-0.73664825046040316,35.883424408014569,548,95.470383275261327,3.2290959409851818,2.5387769483543376,68.248175182481745,544,94.773519163763069,7.7806918317185607,4.9413313089206152,69.85294117647058,3.3247850814958708,544,75.367647058823522,544,74.44852941176471,544,46.139705882352942,544,56.80147058823529,BULL,3.281352102499036,HIGH,BULL_HIGH
2025-02-21,2025,574,549,541,549,95.644599303135891,0.55151943045225116,0,47.723132969034609,549,95.644599303135891,3.2596388158821883,2.0442930153321992,63.205828779599273,544,94.773519163763069,8.0238561684230145,4.7458172458172516,70.220588235294116,3.4038131964697764,544,73.89705882352942,544,76.838235294117652,544,31.801470588235293,544,51.838235294117652,BULL,3.2816548881945291,HIGH,BULL_HIGH
2025-02-24,2025,574,549,541,549,95.644599303135891,-0.31304947948732337,-0.41819132253005931,38.251366120218577,549,95.644599303135891,1.1892919286081944,0.49200492004919377,53.005464480874323,544,94.773519163763069,7.5358776453738034,5.0952239198609917,70.220588235294116,2.9382562457425019,544,69.485294117647058,544,78.125,544,23.897058823529413,544,47.42647058823529,BULL,3.2822494369029473,LOW,BULL_LOW
2025-02-25,2025,574,549,541,549,95.644599303135891,-0.52420462388899591,-0.73170731707317127,32.96903460837887,549,95.644599303135891,-0.35047405202235149,-0.85106382978723516,43.169398907103826,544,94.773519163763069,5.7944116151088929,3.322917918519408,61.764705882352942,3.024564758619011,544,65.441176470588232,544,76.10294117647058,544,28.676470588235293,544,43.933823529411761,BULL,3.2816548881945291,LOW,BULL_LOW
2025-02-26,2025,574,549,541,549,95.644599303135891,0.51331871918242422,0.366300366300365,57.012750455373407,549,95.644599303135891,-0.82886960477233596,-0.91545503500268799,42.622950819672127,544,94.773519163763069,8.2545284769868665,5.543390591185327,71.507352941176478,3.1167980092497567,544,67.64705882352942,544,72.794117647058826,544,29.044117647058826,544,38.786764705882355,BULL,3.281352102499036,LOW,BULL_LOW
2025-02-27,2025,574,549,541,548,95.470383275261327,-0.74890064913619936,-0.78263289638399447,30.839416058394161,548,95.470383275261327,-0.56515883009032941,-1.2842982059399988,38.503649635036496,544,94.773519163763069,6.4421172150026695,3.6726436052046951,66.544117647058826,2.6653202200788324,544,61.580882352941181,544,69.30147058823529,544,25.367647058823529,544,31.801470588235293,BULL,3.2810493168035433,LOW,BULL_LOW
2025-02-28,2025,574,550,541,549,95.644599303135891,-3.2393480916378321,-3.1298805286231857,8.1967213114754092,548,95.470383275261327,-4.2907641416108886,-4.6112153429226588,17.153284671532848,544,94.773519163763069,3.8866043114450823,1.0540657100290063,54.411764705882348,2.6774213184554494,544,36.94852941176471,544,62.5,544,45.955882352941174,544,36.397058823529413,NEUTRAL,3.2771863520732785,LOW,NEUTRAL_LOW
2025-03-04,2025,574,548,540,548,95.470383275261327,-0.59503311708775508,-1.0027299400692855,32.664233576642339,547,95.296167247386762,-4.5282498107456295,-5.2109181141439258,18.09872029250457,543,94.599303135888505,6.8578976928894528,3.4502923976608142,64.825046040515659,4.0884531584301884,544,30.514705882352942,544,50,544,25.367647058823529,544,37.132352941176471,BULL,3.2733233873430132,HIGH,BULL_HIGH
2025-03-05,2025,574,549,540,548,95.470383275261327,2.0605846959241565,1.6193851043466823,76.277372262773724,547,95.296167247386762,-2.0350456287293466,-2.4615384615384595,29.616087751371118,544,94.773519163763069,7.0205797186379941,3.8332015864395497,64.705882352941174,3.5954878918418287,545,41.834862385321102,545,44.587155963302756,545,25.688073394495415,545,38.899082568807344,BULL,3.2771863520732785,HIGH,BULL_HIGH
2025-03-06,2025,574,549,540,549,95.644599303135891,-0.54773691807574199,-0.45454545454545192,41.712204007285976,547,95.296167247386762,-3.0423967409432402,-3.0487804878048808,27.056672760511884,545,94.947735191637634,4.8074470425847755,2.4115755627009734,59.082568807339456,3.2210080430981791,546,40.293040293040292,546,38.095238095238095,546,23.809523809523807,546,37.912087912087912,NEUTRAL,3.2810493168035433,LOW,NEUTRAL_LOW
2025-03-07,2025,574,549,540,549,95.644599303135891,-0.52592887668747079,-0.64935064935064402,35.519125683060111,547,95.296167247386762,-2.8501829332195379,-3.4136546184738936,26.87385740402194,546,95.121951219512198,2.9132649575949348,0.16226246249407825,50.915750915750912,2.9314018014908001,546,36.996336996337,546,32.600732600732599,546,22.344322344322347,546,36.446886446886445,NEUTRAL,3.2771863520732785,LOW,NEUTRAL_LOW
2025-03-10,2025,574,549,540,549,95.644599303135891,0.059322877822258868,-0.16260162601625661,44.808743169398909,548,95.470383275261327,0.41667365675367496,-0.72548400673400626,43.248175182481752,546,95.121951219512198,2.6049247390235513,0.12185088831077046,50.183150183150182,2.9254076148181181,546,34.798534798534796,546,33.516483516483511,546,14.285714285714285,546,24.725274725274726,NEUTRAL,3.2733233873430132,LOW,NEUTRAL_LOW
2025-03-11,2025,574,549,540,549,95.644599303135891,-1.0102634800545061,-1.2149532710280408,23.315118397085609,548,95.470383275261327,-0.005116990749437317,-1.0031825100318248,41.605839416058394,546,95.121951219512198,0.5602676680384453,-1.3847791870600978,43.956043956043956,2.4797580180599059,546,26.923076923076923,546,34.065934065934066,546,19.780219780219781,546,23.992673992673993,NEUTRAL,3.2717269219514047,LOW,NEUTRAL_LOW
2025-03-12,2025,574,549,540,549,95.644599303135891,1.2182490063092504,0.78226857887875312,67.213114754098356,549,95.644599303135891,-0.8472189042797118,-1.3725490196078385,37.158469945355193,546,95.121951219512198,1.0591629983743618,-0.97621832358674721,46.336996336996336,3.3102710816281573,546,32.783882783882781,546,32.417582417582416,546,21.978021978021978,546,21.062271062271062,NEUTRAL,3.2701304565597962,HIGH,NEUTRAL_HIGH
2025-03-13,2025,574,549,540,549,95.644599303135891,-0.38976780774411501,-0.58528428093646001,35.519125683060111,549,95.644599303135891,-0.69936257930736723,-1.2779552715655007,36.612021857923501,546,95.121951219512198,0.79372320556119103,-1.1505315555065287,45.238095238095241,2.8089780610011736,546,30.036630036630036,546,28.021978021978022,546,31.318681318681318,546,24.175824175824175,NEUTRAL,3.2717269219514047,LOW,NEUTRAL_LOW
2025-03-14,2025,574,550,540,549,95.644599303135891,1.3051630093966882,0.71556350626118526,64.845173041894355,549,95.644599303135891,1.156542073538064,0.2259887005649607,51.548269581056473,546,95.121951219512198,0.77817265437469318,-1.3620782175982282,43.223443223443226,2.9262158531386233,547,36.19744058500914,547,28.153564899451556,547,14.808043875685559,547,23.948811700182816,NEUTRAL,3.2701304565597962,LOW,NEUTRAL_LOW
2025-03-17,2025,574,549,540,549,95.644599303135891,0.84017632004228315,0.47393364928909332,60.291438979963573,548,95.470383275261327,1.9814085150242808,0.79640591966173568,56.934306569343065,547,95.296167247386762,1.0569865092787238,-1.0204081632653073,44.789762340036567,2.8893710557146264,547,41.133455210237663,547,29.798903107861058,547,21.023765996343695,547,24.497257769652649,NEUTRAL,3.2672777268482287,LOW,NEUTRAL_LOW
2025-03-18,2025,574,550,540,549,95.644599303135891,0.12225299820435956,-0.106496272630463,43.169398907103826,548,95.470383275261327,3.0977797219726981,1.9458383579051164,67.518248175182478,547,95.296167247386762,-0.56275387721400416,-2.1397105097545666,41.681901279707496,2.9417163094015901,547,43.510054844606948,547,35.648994515539307,547,16.270566727605118,547,24.314442413162705,NEUTRAL,3.2644249971366617,LOW,NEUTRAL_LOW
2025-03-19,2025,574,550,541,550,95.818815331010455,0.038916347159646189,0.12727932445981691,51.636363636363633,548,95.470383275261327,1.880735956899414,1.0762756037761334,60.583941605839421,547,95.296167247386762,-1.5443590823410185,-2.9015544041450791,38.756855575868371,2.764741154157984,547,45.155393053016454,547,38.756855575868371,547,20.658135283363801,547,26.142595978062154,BEAR,3.2568426924371083,LOW,BEAR_LOW
2025-03-20,2025,574,552,541,550,95.818815331010455,-1.046152228838209,-0.86381260742694477,29.454545454545457,548,95.470383275261327,1.1558197036442821,0.71492461027344856,55.65693430656934,547,95.296167247386762,-3.5631482316881211,-4.3809523809523849,30.530164533820841,2.8901442180498025,547,39.670932358318097,547,43.692870201096888,547,23.583180987202926,547,23.583180987202926,BEAR,3.249260387737555,LOW,BEAR_LOW
2025-03-21,2025,574,552,541,552,96.167247386759584,-0.24455892737627258,-0.2154972585719894,42.753623188405797,549,95.644599303135891,-0.35524665361214985,-0.43041606886656808,44.26229508196721,547,95.296167247386762,-2.7932109884255305,-3.8834951456310658,31.992687385740403,3.5484922826285747,547,41.49908592321755,547,45.3382084095064,547,38.391224862888485,547,28.519195612431442,BEAR,3.247579079109046,HIGH,BEAR_HIGH
2025-03-24,2025,574,553,542,552,96.167247386759584,-0.13510980927698915,-0.30464727453827772,38.224637681159415,549,95.644599303135891,-1.3483067530907709,-1.3422818791946287,35.519125683060111,547,95.296167247386762,-3.5114796566994917,-3.9301310043668094,29.798903107861058,2.6991691264365616,547,40.036563071297984,547,44.606946983546621,547,13.893967093235831,547,25.959780621572211,BEAR,3.249260387737555,LOW,BEAR_LOW
2025-03-25,2025,574,553,542,553,96.341463414634148,-1.2829872537142277,-1.2021036814425234,26.94394213381555,550,95.818815331010455,-2.6698048019783784,-2.1411517524591752,28.18181818181818,547,95.296167247386762,-4.4751825113325019,-5.3755711865276954,27.422303473491773,3.2700215672769279,547,31.992687385740403,547,42.047531992687389,547,21.572212065813527,547,26.87385740402194,BEAR,3.247579079109046,HIGH,BEAR_HIGH
2025-03-26,2025,574,553,543,553,96.341463414634148,0.53203435420562561,0.34722222222223198,56.419529837251361,550,95.818815331010455,-2.2047224400953795,-2.0129017739939248,25.818181818181817,547,95.296167247386762,-3.4051489936510007,-4.2519685039370092,30.347349177330894,2.7251115028036255,547,35.831809872029254,547,38.756855575868371,547,14.076782449725778,547,23.765996343692869,BEAR,3.249260387737555,LOW,BEAR_LOW
2025-03-27,2025,574,553,543,553,96.341463414634148,-1.6511819187222065,-1.7307692307692355,18.44484629294756,552,96.167247386759584,-2.7937486615303699,-2.5162781853765299,23.007246376811594,547,95.296167247386762,-5.4833607501164012,-6.3311688311688323,24.497257769652649,2.5492433414000191,547,29.067641681901279,547,38.025594149908592,547,15.539305301645337,547,22.30347349177331,BEAR,3.247579079109046,LOW,BEAR_LOW
2025-03-28,2025,574,553,543,553,96.341463414634148,-1.9687526134387809,-2.1244309559939278,15.732368896925857,552,96.167247386759584,-4.4472694765285548,-4.5486874434242814,15.036231884057971,547,95.296167247386762,-6.6689743467014422,-7.1307300509337868,21.206581352833638,2.4806058440198102,548,20.072992700729927,548,30.839416058394161,548,17.518248175182482,548,17.700729927007298,BEAR,3.245897770480537,LOW,BEAR_LOW
2025-03-31,2025,574,553,543,553,96.341463414634148,-2.7925781989280329,-2.8169014084507005,13.200723327305605,553,96.341463414634148,-6.9623394422273233,-6.8204613841524537,8.679927667269439,548,95.470383275261327,-6.1639951991191744,-6.6644103818216225,23.540145985401459,3.2007744418627335,548,12.408759124087592,548,22.810218978102188,548,31.386861313868614,548,22.262773722627738,BEAR,3.2456929413768938,LOW,BEAR_LOW
2025-04-01,2025,574,553,543,553,96.341463414634148,2.1003527061551019,1.6528925619834656,78.119349005424951,553,96.341463414634148,-3.8176946050351406,-3.904216553878193,18.9873417721519,548,95.470383275261327,-3.6849767165341296,-4.1677817118860361,29.927007299270077,3.0610550352040096,548,17.883211678832119,548,19.708029197080293,548,22.810218978102188,548,21.897810218978105,BEAR,3.2454881122732511,LOW,BEAR_LOW
2025-04-02,2025,574,553,543,553,96.341463414634148,-0.8050591131902326,-1.0638297872340383,28.752260397830021,553,96.341463414634148,-5.0290495570000928,-5.3416149068322927,16.455696202531644,548,95.470383275261327,-6.2940251083091114,-7.2082985276286315,23.540145985401459,2.9675771976545668,548,17.518248175182482,548,16.058394160583941,548,22.627737226277372,548,24.270072992700729,BEAR,3.2451232507011003,LOW,BEAR_LOW
2025-04-03,2025,574,552,543,552,96.167247386759584,-0.57793159286095053,-0.66847570596750272,32.608695652173914,552,96.167247386759584,-3.9903047285890327,-4.5143427358715957,21.014492753623188,548,95.470383275261327,-6.3627934605084064,-7.4849271568648508,21.532846715328464,2.6593915058034421,548,17.335766423357665,548,14.5985401459854,548,25.912408759124091,548,28.284671532846716,BEAR,3.2447583891289495,LOW,BEAR_LOW
2025-04-04,2025,574,552,543,552,96.167247386759584,0.20787964234443115,0.11104250549358591,50.362318840579711,552,96.167247386759584,-1.917438176741596,-2.6447056802424758,30.253623188405797,548,95.470383275261327,-5.6239829992766293,-6.1795040596883899,23.175182481751825,3.4550260637424164,548,17.883211678832119,548,15.145985401459855,548,38.138686131386862,548,34.489051094890513,BEAR,3.244307881470589,HIGH,BEAR_HIGH
2025-04-07,2025,574,552,543,552,96.167247386759584,-5.9149010984723978,-6.1916847957457115,2.7173913043478262,552,96.167247386759584,-4.978205294722275,-6.004520858924324,15.217391304347828,548,95.470383275261327,-11.164140555537156,-12.199583406677228,12.773722627737227,4.096987144913518,548,9.4890510948905096,548,13.686131386861314,548,52.372262773722632,548,38.503649635036496,BEAR,3.2447583891289495,HIGH,BEAR_HIGH
2025-04-08,2025,574,552,543,552,96.167247386759584,0.49680752900603603,0.1518185966545848,51.268115942028977,552,96.167247386759584,-6.4863320539452793,-7.8406629626141804,11.77536231884058,548,95.470383275261327,-9.797751340791411,-11.172239222854323,15.328467153284672,2.9702308514077735,548,11.131386861313869,548,13.321167883211679,548,29.37956204379562,548,42.700729927007295,BEAR,3.2451232507011003,LOW,BEAR_LOW
2025-04-09,2025,574,552,543,552,96.167247386759584,-2.0037838658424558,-2.2794396062097655,15.036231884057971,552,96.167247386759584,-7.6298725647466368,-8.8778266789008278,10.326086956521738,548,95.470383275261327,-12.581697018763514,-14.288974468692057,11.313868613138686,3.0064645348068004,548,9.6715328467153299,548,11.313868613138686,548,38.503649635036496,548,44.525547445255476,BEAR,3.2447583891289495,LOW,BEAR_LOW
2025-04-10,2025,574,551,542,551,95.99303135888502,6.4791616956629579,6.307692307692303,98.003629764065337,551,95.99303135888502,-1.1905517781169395,-2.08667736757624,30.308529945553541,547,95.296167247386762,-6.8172354882275377,-8.4291187739463656,19.744058500914079,3.4239578347529278,548,20.072992700729927,548,11.861313868613138,548,51.459854014598541,548,51.642335766423351,BEAR,3.244307881470589,HIGH,BEAR_HIGH
2025-04-11,2025,574,550,541,550,95.818815331010455,1.7780502853217766,1.2020561962776566,69.63636363636364,550,95.818815331010455,0.34484306375072166,-1.0104488980731297,38.181818181818187,547,95.296167247386762,-6.3588786942052087,-8.070866141732278,21.572212065813527,3.8049179117023608,547,29.433272394881172,547,11.882998171846435,547,29.067641681901279,547,49.542961608775137,BEAR,3.2447583891289495,HIGH,BEAR_HIGH
2025-04-14,2025,574,549,540,549,95.644599303135891,1.7012735333820941,1.2746234067207318,75.409836065573771,549,95.644599303135891,8.593922935478032,7.7685950413223228,90.163934426229503,546,95.121951219512198,-5.5176534333836535,-7.6428809850535906,21.794871794871796,2.7315272034003,546,39.743589743589745,546,16.117216117216117,546,24.908424908424909,546,41.208791208791204,BEAR,3.2451232507011003,LOW,BEAR_LOW
2025-04-15,2025,574,549,540,549,95.644599303135891,1.2507396939931823,0.96618357487923123,73.406193078324222,549,95.644599303135891,9.371076914516566,8.3164300202839687,93.806921675774134,546,95.121951219512198,-4.6391706426615844,-6.1084525727281349,25.091575091575091,3.2268636890545905,546,50.549450549450547,546,25.091575091575091,546,25.824175824175828,546,40.476190476190474,BEAR,3.2447583891289495,LOW,BEAR_LOW
2025-04-16,2025,574,549,540,549,95.644599303135891,-1.3877454870297397,-1.5555555555555545,23.861566484517304,549,95.644599303135891,10.025063118220396,8.7463556851312028,96.357012750455368,546,95.121951219512198,-5.9040730128055454,-7.4125272732670773,24.175824175824175,2.8214466555627342,548,46.897810218978101,548,39.78102189781022,548,23.357664233576642,548,35.766423357664237,BEAR,3.244307881470589,LOW,BEAR_LOW
2025-04-17,2025,574,549,540,549,95.644599303135891,1.7715759533725159,1.3684210526315743,81.420765027322403,549,95.644599303135891,5.1565284969457403,3.9312039312039415,81.967213114754102,548,95.470383275261327,-2.9779805163874173,-4.8510225086851708,31.204379562043794,3.027600345100435,548,57.116788321167888,548,49.817518248175183,548,19.34306569343066,548,29.56204379562044,BEAR,3.2438573738122281,LOW,BEAR_LOW
2025-04-18,2025,574,549,540,549,95.644599303135891,0.61829197975839156,0.31397174254317312,57.012750455373407,549,95.644599303135891,3.9458690310176951,3.1880977683315548,79.599271402550087,548,95.470383275261327,-2.0800912215782903,-3.885682639617583,34.67153284671533,2.4881585721533317,549,63.934426229508205,549,56.648451730418948,549,18.214936247723131,549,28.779599271402549,BEAR,3.2436536792473571,LOW,BEAR_LOW
2025-04-21,2025,574,549,540,549,95.644599303135891,0.045268005535168812,-0.094786729857820801,43.169398907103826,549,95.644599303135891,2.2616460769806088,1.7766497461928932,65.391621129326055,549,95.644599303135891,-1.8878597537121526,-3.723404255319152,34.608378870673953,2.7564754821484043,549,67.030965391621137,549,62.659380692167574,549,17.486338797814209,549,24.043715846994534,BEAR,3.2434499846824858,LOW,BEAR_LOW
2025-04-22,2025,574,549,540,549,95.644599303135891,0.15891856457941114,-0.1795332136445226,42.805100182149367,549,95.644599303135891,1.1702788917245293,0.41493775933609811,53.734061930783241,549,95.644599303135891,-0.41997759430422571,-2.5232403718459477,41.165755919854277,3.3970298111356114,549,66.666666666666657,549,65.573770491803273,549,22.586520947176687,549,21.857923497267759,NEUTRAL,3.2434147158896489,HIGH,NEUTRAL_HIGH
2025-04-23,2025,574,549,540,549,95.644599303135891,1.9333004522818671,1.3215859030837107,77.777777777777786,549,95.644599303135891,4.5796696739302662,3.546798029556641,84.699453551912569,549,95.644599303135891,0.85911628659679351,-1.2953367875647714,44.626593806921676,3.2272118087824522,549,84.335154826958103,549,75.409836065573771,549,32.058287795992712,549,21.67577413479053,NEUTRAL,3.2434499846824858,LOW,NEUTRAL_LOW
2025-04-24,2025,574,550,540,549,95.644599303135891,0.10409993830907711,-0.174216027874563,42.987249544626593,549,95.644599303135891,2.8396717658844377,2.1006080707573149,72.859744990892523,549,95.644599303135891,2.6238433474276457,-0.240963855421683,49.180327868852459,2.8653986723583182,549,84.881602914389802,549,81.602914389799636,549,24.590163934426229,549,25.318761384335154,NEUTRAL,3.2434147158896489,LOW,NEUTRAL_LOW
2025-04-25,2025,574,552,540,550,95.818815331010455,1.0632828969869648,0.68027210884353806,70.36363636363636,549,95.644599303135891,3.2981090329843585,2.427921092564489,76.502732240437155,549,95.644599303135891,5.7286906387699688,2.9189189189189118,61.56648451730419,3.2081251322507112,549,91.074681238615668,549,87.613843351548269,549,29.690346083788704,549,27.868852459016392,BULL,3.243379447096812,LOW,BULL_LOW
2025-04-28,2025,574,552,540,552,96.167247386759584,-0.58232257884999217,-0.67455352064611496,34.60144927536232,549,95.644599303135891,2.6703110644954204,2.020202020202011,67.941712204007288,549,95.644599303135891,8.1210358987829139,5.2348993288590551,71.948998178506372,3.6387045585850699,549,83.242258652094719,549,88.342440801457187,549,32.96903460837887,549,34.608378870673953,BULL,3.2432707025033873,HIGH,BULL_HIGH
2025-04-29,2025,574,552,541,552,96.167247386759584,0.91403715176901712,0.71036106750392847,69.565217391304344,549,95.644599303135891,3.4566164311924004,3.1315240083507279,76.684881602914388,549,95.644599303135891,6.821080793692972,4.5097468722723244,71.220400728597454,2.5307480072711339,549,87.06739526411657,549,90.710382513661202,549,28.961748633879779,549,36.429872495446261,BULL,3.243379447096812,LOW,BULL_LOW
2025-04-30,2025,574,552,542,552,96.167247386759584,-0.93597336037681045,-1.050137754548347,29.891304347826086,549,95.644599303135891,0.55472597120986189,0,49.908925318761383,549,95.644599303135891,6.6385332650798725,4.861111111111116,71.038251366120221,2.5433916122714786,549,80.692167577413471,549,89.435336976320585,549,32.240437158469945,549,36.97632058287796,BULL,3.2432707025033873,LOW,BULL_LOW
2025-05-02,2025,574,552,543,552,96.167247386759584,0.3234142721910015,0.15015015015014119,51.992753623188406,550,95.818815331010455,0.7734199683783417,0.15763270214003139,51.636363636363633,549,95.644599303135891,7.5483438110246945,5.8027079303675011,76.320582877959936,2.7200419741881063,549,81.420765027322403,549,88.160291438979968,549,20.21857923497268,549,35.519125683060111,BULL,3.2431619579099626,LOW,BULL_LOW
2025-05-07,2025,574,552,543,551,95.99303135888502,0.71206421498173977,0.43478260869564961,59.709618874773142,551,95.99303135888502,0.36230127526612216,-0.12468827930174339,48.275862068965516,549,95.644599303135891,8.0901652883456503,5.8000000000000052,77.231329690346087,3.1680887494256322,549,82.149362477231321,549,86.885245901639337,549,39.162112932604735,549,37.887067395264118,BULL,3.2388369783250743,LOW,BULL_LOW
2025-05-08,2025,574,553,543,552,96.167247386759584,0.88606265964851061,0.43601740774629189,61.775362318840578,551,95.99303135888502,1.8632044362525468,1.3249211356466839,60.980036297640652,549,95.644599303135891,16.043836426057297,13.197969543147202,93.989071038251367,2.9184473874730683,549,82.331511839708554,549,84.335154826958103,549,43.897996357012751,549,42.440801457194901,BULL,3.234511998740186,LOW,BULL_LOW
2025-05-09,2025,574,553,543,553,96.341463414634148,-0.45405278501213736,-0.62893081761006275,35.623869801084993,551,95.99303135888502,0.46998656694045404,-0.1180637544273888,49.001814882032669,549,95.644599303135891,14.930399217722309,12.164948453608249,91.438979963570134,2.8031615014352806,549,71.402550091074673,549,77.959927140255019,549,36.247723132969035,549,41.165755919854277,BULL,3.2339719084094316,LOW,BULL_LOW
2025-05-12,2025,574,554,543,553,96.341463414634148,1.342984948162635,1.4184397163120588,69.077757685352623,551,95.99303135888502,2.7554154192526799,2.217294900221733,69.691470054446455,549,95.644599303135891,18.742701510814857,17.195121951219505,93.806921675774134,4.0314174455219556,549,77.777777777777786,549,74.681238615664853,549,45.537340619307834,549,46.083788706739526,BULL,3.2334318180786767,HIGH,BULL_HIGH
2025-05-13,2025,574,554,543,554,96.515679442508713,0.59607454382578573,0.19834838058372381,55.415162454873645,551,95.99303135888502,3.1240013652016381,2.5688073394495303,68.60254083484574,549,95.644599303135891,12.278830871444404,10.1010101010101,86.703096539162118,3.3080528087599523,549,76.502732240437155,549,75.591985428051004,549,46.083788706739526,549,55.555555555555557,BULL,3.2339719084094316,HIGH,BULL_HIGH
2025-05-14,2025,574,554,544,554,96.515679442508713,1.5760875583236014,0.8645983228634635,70.036101083032491,552,96.167247386759584,4.0477306016585883,2.9417669755935516,71.739130434782609,549,95.644599303135891,12.136754551996139,10.412474849094576,83.970856102003637,3.8282019659961914,549,78.87067395264117,549,75.227686703096538,549,54.280510018214933,549,60.473588342440799,BULL,3.234511998740186,HIGH,BULL_HIGH
2025-05-15,2025,574,555,544,554,96.515679442508713,-0.84881848437434848,-1.101460664088616,28.700361010830328,553,96.341463414634148,2.1247709745530736,1.2173913043478368,60.940325497287517,549,95.644599303135891,9.2257413858820421,7.6354679802955747,76.502732240437155,3.4599945516831339,549,70.491803278688522,549,74.681238615664853,549,40.255009107468126,549,60.837887067395272,BULL,3.2388369783250743,HIGH,BULL_HIGH
2025-05-16,2025,574,555,544,555,96.689895470383277,-0.3808337797061756,-0.78917700112739464,34.774774774774777,553,96.341463414634148,2.2435420579121979,0.87527352297593886,56.057866184448471,549,95.644599303135891,7.6124325110734992,5.5489964580873741,67.577413479052822,3.7832665348811627,549,61.56648451730419,549,72.677595628415304,549,43.897996357012751,549,60.473588342440799,BULL,3.2431619579099626,HIGH,BULL_HIGH
2025-05-19,2025,574,555,544,555,96.689895470383277,-1.3250988711462546,-1.5586546349466768,23.963963963963963,554,96.515679442508713,-0.38834881625896606,-1.7554131229713663,36.642599277978341,549,95.644599303135891,7.6635184037108983,5.3047404063205406,67.577413479052822,2.9233726114437908,549,49.908925318761383,549,66.302367941712205,549,36.612021857923501,549,57.377049180327866,BULL,3.2432707025033873,LOW,BULL_LOW
2025-05-20,2025,574,555,544,555,96.689895470383277,0.35054570167476118,0.16949152542373719,52.612612612612608,554,96.515679442508713,-0.6177350869826056,-1.9990554543320549,37.364620938628157,549,95.644599303135891,6.2172433226846966,3.8314176245210825,62.295081967213115,2.9957244906906473,549,49.908925318761383,549,59.744990892531881,549,36.429872495446261,549,54.826958105646625,BULL,3.2431619579099626,LOW,BULL_LOW
2025-05-21,2025,574,555,544,555,96.689895470383277,0.82528540455917199,0.38387715930903171,55.495495495495497,554,96.515679442508713,-1.351062962678615,-2.1462076548755369,36.462093862815884,549,95.644599303135891,6.400613504751691,4.0707964601769842,61.384335154826964,2.9414611646125715,549,53.734061930783241,549,54.826958105646625,549,31.693989071038253,549,46.812386156648451,BULL,3.2388369783250743,LOW,BULL_LOW
2025-05-22,2025,574,556,544,555,96.689895470383277,-1.1770553991034296,-1.3536379018612488,21.081081081081081,555,96.689895470383277,-1.6928885006489038,-2.4058577405857706,31.891891891891895,549,95.644599303135891,5.0731978371125139,2.3554603854389682,57.19489981785064,3.0247205831504465,549,46.265938069216759,549,49.362477231329684,549,36.247723132969035,549,43.351548269581059,NEUTRAL,3.234511998740186,LOW,NEUTRAL_LOW
2025-05-23,2025,574,556,544,556,96.864111498257842,0.18504950255188762,-0.11194589594219476,46.402877697841724,555,96.689895470383277,-1.1486451222929903,-1.6333938294010864,37.477477477477478,549,95.644599303135891,5.1514904478786292,2.6011560693641518,58.287795992714031,3.4280342152357752,549,46.448087431693992,549,46.448087431693992,549,28.961748633879779,549,38.797814207650269,NEUTRAL,3.2339719084094316,HIGH,NEUTRAL_HIGH
2025-05-26,2025,574,556,544,556,96.864111498257842,1.69966383076595,1.3024891564074603,73.381294964028783,555,96.689895470383277,1.8662821235395284,0.9966777408637828,57.117117117117125,549,95.644599303135891,4.9751247272565022,2.4096385542168752,56.284153005464475,3.4854598312562897,549,53.187613843351542,549,48.269581056466308,549,34.244080145719494,549,37.522768670309652,NEUTRAL,3.234511998740186,HIGH,NEUTRAL_HIGH
2025-05-27,2025,574,556,544,556,96.864111498257842,0.14366829598999134,-0.33585435595485646,39.02877697841727,555,96.689895470383277,1.6416205223183076,0.31923383878691419,52.972972972972975,549,95.644599303135891,4.9018618571130306,2.1413276231263323,56.648451730418948,3.4877573937149942,551,51.361161524500908,551,50.090744101633391,551,29.401088929219597,551,35.208711433756804,NEUTRAL,3.2388369783250743,HIGH,NEUTRAL_HIGH
2025-05-28,2025,574,556,545,556,96.864111498257842,0.90334701109507221,0.47450185748058038,58.453237410071942,555,96.689895470383277,1.6514159182775856,0.49504950495049538,54.594594594594589,551,95.99303135888502,4.564734075089329,1.6000000000000014,55.535390199637021,3.8107105197251196,551,55.353901996370233,551,50.453720508166967,551,49.727767695099814,551,40.834845735027223,NEUTRAL,3.2431619579099626,HIGH,NEUTRAL_HIGH
2025-05-29,2025,574,556,545,556,96.864111498257842,1.396959218494457,0.98887666544432695,74.64028776978418,556,96.864111498257842,4.3682633237076143,3.0023363285213156,77.338129496402871,551,95.99303135888502,6.7832444718042648,3.5775127768313371,62.068965517241381,2.7165405532057481,551,63.883847549909255,551,53.539019963702358,551,40.10889292196007,551,42.286751361161521,BULL,3.2432707025033873,LOW,BULL_LOW
2025-05-30,2025,574,556,545,556,96.864111498257842,-0.36537675325948465,-0.6475637189595318,35.071942446043167,556,96.864111498257842,3.7902164063058121,2.5159627169645153,73.561151079136692,551,95.99303135888502,5.3594741937425816,1.8672199170124413,57.713248638838479,3.3005545490416885,551,57.531760435571691,551,56.261343012704181,551,42.468239564428309,551,46.823956442831218,NEUTRAL,3.2431619579099626,HIGH,NEUTRAL_HIGH
2025-06-02,2025,574,555,545,555,96.689895470383277,0.18505576046240896,-0.20618556701030849,43.243243243243242,555,96.689895470383277,2.2135282887527987,1.0121457489878471,58.018018018018012,551,95.99303135888502,6.6188990368785108,3.1746031746031851,60.798548094373864,2.8481912190279894,551,56.624319419237743,551,56.987295825771319,551,29.945553539019965,551,47.186932849364794,BULL,3.2432707025033873,LOW,BULL_LOW
2025-06-04,2025,574,555,545,555,96.689895470383277,2.3917645277426476,1.7505470459518555,80.72072072072072,555,96.689895470383277,4.5869925289566194,3.3600000000000074,73.693693693693689,551,95.99303135888502,8.936335269471142,5.1689860834990045,69.147005444646098,4.2097153828543918,552,70.471014492753625,552,61.775362318840578,552,51.630434782608688,552,52.173913043478258,BULL,3.2431619579099626,HIGH,BULL_HIGH
2025-06-05,2025,574,555,545,555,96.689895470383277,1.2118931857881168,0.77951002227172317,63.243243243243242,555,96.689895470383277,4.923017928041995,3.4013605442176909,79.63963963963964,552,96.167247386759584,9.3870913234795506,5.6414227672462296,70.833333333333343,3.509749764999456,552,77.536231884057969,552,68.478260869565219,552,55.797101449275367,552,54.166666666666664,BULL,3.2432707025033873,HIGH,BULL_HIGH
2025-06-09,2025,574,555,545,555,96.689895470383277,1.4507528453044121,0.71005917159763232,61.981981981981981,555,96.689895470383277,4.9623709307701063,3.2958801498127244,78.198198198198199,552,96.167247386759584,10.014415538265752,6.5586707008625673,71.195652173913047,4.7771833184173964,552,81.159420289855078,552,73.731884057971016,552,59.60144927536232,552,59.239130434782602,BULL,3.243379447096812,HIGH,BULL_HIGH
2025-06-10,2025,574,555,545,555,96.689895470383277,0.7894785915457182,0.1056037388217356,50.630630630630634,555,96.689895470383277,6.2269395113440851,4.5540796963946972,81.621621621621614,552,96.167247386759584,11.318403666113237,7.9889575145049569,76.449275362318829,3.8576208503364722,553,80.10849909584087,553,76.491862567811935,553,52.622061482820982,553,60.216998191681739,BULL,3.2434147158896489,HIGH,BULL_HIGH
2025-06-11,2025,574,555,545,555,96.689895470383277,1.7007225805269406,0.95044127630685704,70.450450450450447,555,96.689895470383277,7.8449598611175482,5.49510337323178,89.009009009009006,553,96.341463414634148,11.845700116793585,8.1314878892733606,76.853526220614839,3.389965793168717,553,85.895117540687167,553,82.097649186256788,553,48.824593128390596,553,66.54611211573237,BULL,3.2434499846824858,HIGH,BULL_HIGH
2025-06-12,2025,574,555,546,555,96.689895470383277,0.83398838043820678,0.18552875695732049,53.333333333333336,555,96.689895470383277,6.165871252477948,3.9393939393939319,81.441441441441441,553,96.341463414634148,12.11273104344064,8.1081081081081141,77.576853526220617,4.012110253100996,553,87.341772151898738,553,86.075949367088612,553,65.641952983725133,553,69.801084990958401,BULL,3.2436536792473571,HIGH,BULL_HIGH
2025-06-13,2025,574,555,546,555,96.689895470383277,-1.465205566350255,-2.2692889561270801,20.36036036036036,555,96.689895470383277,3.4452662920658197,0.76481835564052847,56.036036036036037,553,96.341463414634148,8.9540008800441218,4.8736462093862842,65.280289330922244,4.4111596845498378,554,74.729241877256314,554,86.462093862815877,554,69.314079422382662,554,74.187725631768956,BULL,3.2438573738122281,HIGH,BULL_HIGH
2025-06-16,2025,574,555,546,555,96.689895470383277,1.5822676236743598,0.76142131979695105,61.801801801801801,555,96.689895470383277,3.6343084742664677,0.71428571428571175,53.513513513513509,554,96.515679442508713,11.870339246401207,6.4430852755440462,68.411552346570389,4.1622211915012093,554,75.270758122743686,554,84.837545126353788,554,39.35018050541516,554,70.938628158844764,BULL,3.244307881470589,HIGH,BULL_HIGH
2025-06-17,2025,574,555,546,555,96.689895470383277,0.12609401482759397,-0.136986301369868,45.225225225225223,555,96.689895470383277,2.8484215997729514,0.439560439560438,52.072072072072075,554,96.515679442508713,12.237662406506551,7.0821436741195116,73.46570397111914,3.5594185629789092,554,74.548736462093871,554,82.851985559566785,554,57.942238267148014,554,72.382671480144396,BULL,3.2447583891289495,HIGH,BULL_HIGH
2025-06-18,2025,574,555,548,555,96.689895470383277,0.88713500073783569,0.16891891891892549,51.891891891891895,555,96.689895470383277,2.0439491696337067,-0.18656716417910771,48.108108108108112,554,96.515679442508713,14.950644187392852,8.8589953704257489,77.978339350180505,3.9802512216710624,554,74.548736462093871,554,79.422382671480136,554,34.296028880866423,554,68.231046931407946,BULL,3.2451232507011003,HIGH,BULL_HIGH
2025-06-19,2025,574,555,548,555,96.689895470383277,0.71316353099715457,0,47.387387387387385,555,96.689895470383277,1.8763922962883179,-0.38240917782026418,46.306306306306304,554,96.515679442508713,15.428269038916291,9.0213136247626267,78.33935018050542,4.0885465314160898,554,72.563176895306853,554,75.270758122743686,554,30.685920577617328,554,57.581227436823099,BULL,3.2454881122732511,HIGH,BULL_HIGH
2025-06-20,2025,574,555,549,555,96.689895470383277,1.08425766953354,0.58823529411764486,59.81981981981982,555,96.689895470383277,4.437055381433062,2.6315789473684288,72.792792792792795,554,96.515679442508713,15.6120722612514,9.7024088585270007,79.602888086642594,4.2755931026645859,555,79.459459459459453,555,77.117117117117118,555,50.630630630630634,555,54.054054054054056,BULL,3.2456929413768938,HIGH,BULL_HIGH
2025-06-23,2025,574,554,548,554,96.515679442508713,-0.052141538635160439,-1.3248738389526835,34.837545126353788,554,96.515679442508713,2.7287102217670429,0.57581498145078391,54.332129963898915,554,96.515679442508713,16.784163643001314,9.8144223977396763,80.866425992779781,4.7033390561200781,554,69.855595667870034,554,74.909747292418771,554,38.628158844765345,554,53.249097472924191,BULL,3.245897770480537,HIGH,BULL_HIGH
2025-06-24,2025,574,554,547,553,96.341463414634148,2.4779613146657664,2.1087680355160958,83.18264014466547,553,96.341463414634148,5.0005777055455338,2.877697841726623,70.343580470162749,553,96.341463414634148,18.892512003504788,13.434343434343443,88.06509945750453,4.5310033126305225,553,81.55515370705244,553,76.130198915009046,553,50.813743218806508,553,49.367088607594937,BULL,3.247579079109046,HIGH,BULL_HIGH
2025-06-25,2025,574,554,547,553,96.341463414634148,-0.13588985766651465,-0.090661831368998802,46.835443037974684,553,96.341463414634148,3.8808865237680354,2.2506082725060721,71.247739602169986,553,96.341463414634148,16.487643920803684,11.477210323997801,85.895117540687167,3.5674944784416431,553,79.74683544303798,553,77.938517179023506,553,35.623869801084993,553,50.994575045207959,BULL,3.249260387737555,HIGH,BULL_HIGH
2025-06-26,2025,574,554,547,553,96.341463414634148,-1.1071686373800964,-1.3215859030836996,23.688969258589513,553,96.341463414634148,2.0534942527744695,0.9633911368015502,58.770343580470161,553,96.341463414634148,14.937418160672731,11.14864864864864,82.459312839059677,3.3468618451205172,553,71.428571428571431,553,76.853526220614839,553,31.645569620253166,553,52.260397830018078,BULL,3.2568426924371083,HIGH,BULL_HIGH
2025-06-27,2025,574,554,546,553,96.341463414634148,-0.8178231716405282,-1.0067114093959773,26.763110307414106,552,96.167247386759584,0.19025895754420574,-0.93014059210987377,40.217391304347828,552,96.167247386759584,13.125186108605009,8.7753498403357106,77.536231884057969,2.8603301061260158,552,61.594202898550719,552,73.731884057971016,552,19.202898550724637,552,40.942028985507243,BULL,3.2644249971366617,LOW,BULL_LOW
2025-06-30,2025,574,554,546,554,96.515679442508713,0.29525478122909871,-0.039525691699604501,48.014440433212997,552,96.167247386759584,0.68255116295720542,0.59188550124482642,54.347826086956516,552,96.167247386759584,11.795078615860772,7.3808194823451574,73.188405797101453,3.4293208387738812,552,60.507246376811594,552,72.282608695652172,552,16.123188405797102,552,35.869565217391305,BULL,3.2568426924371083,HIGH,BULL_HIGH
2025-07-01,2025,574,554,546,554,96.515679442508713,0.82672936206016967,0.50225049212889716,57.220216606498198,552,96.167247386759584,-0.93684776181905294,-1.2627563536453723,39.311594202898554,552,96.167247386759584,13.181069615556819,8.9103314718068738,78.985507246376812,3.2846356487825892,552,65.579710144927532,552,65.760869565217391,552,28.985507246376812,552,30.253623188405797,BULL,3.2644249971366617,HIGH,BULL_HIGH
2025-07-02,2025,574,554,546,554,96.515679442508713,-0.60369475792089466,-0.61464817057194632,37.545126353790614,552,96.167247386759584,-1.4241893266962626,-1.7745571658615122,36.050724637681157,552,96.167247386759584,12.09356091971584,8.8517710038720452,78.623188405797109,2.9041091340849863,552,59.963768115942031,552,61.775362318840578,552,22.282608695652172,552,25.543478260869566,BULL,3.2672232822067948,LOW,BULL_LOW
2025-07-03,2025,574,554,546,554,96.515679442508713,1.2347583808602447,0.72534294319571702,65.342960288808655,553,96.341463414634148,0.87984034197202321,0.72358900144717786,55.153707052441227,552,96.167247386759584,10.636325303560046,7.4535289945802168,78.44202898550725,3.4289621892564441,552,67.391304347826093,552,62.5,552,30.978260869565215,552,25.905797101449274,BULL,3.2644249971366617,HIGH,BULL_HIGH
2025-07-04,2025,574,554,546,554,96.515679442508713,-2.0079044937597916,-2.002004008016034,13.537906137184116,554,96.515679442508713,-0.30855998523809713,-0.45189735684816873,47.111913357400717,552,96.167247386759584,7.0642249651764004,4.4085158218211014,67.753623188405797,2.7191182418207287,552,48.731884057971016,552,60.869565217391312,552,18.115942028985508,552,27.717391304347828,BULL,3.2672232822067948,LOW,BULL_LOW
2025-07-07,2025,574,554,546,554,96.515679442508713,0.24071504542602951,-0.28968908243447999,43.862815884476532,554,96.515679442508713,-0.33226096126008986,-0.69292843287260819,44.584837545126355,552,96.167247386759584,5.7649520747401599,3.3680159576859769,62.318840579710141,3.7503530319500027,552,47.644927536231883,552,58.152173913043484,552,11.956521739130435,552,28.079710144927539,BULL,3.2644249971366617,HIGH,BULL_HIGH
2025-07-08,2025,574,554,546,554,96.515679442508713,1.2064780681476726,0.72161562709127658,66.606498194945857,554,96.515679442508713,0.011672918776342012,-0.47667726790852616,44.765342960288805,552,96.167247386759584,6.2466934688328841,3.8383409973659637,65.760869565217391,3.2471520355444592,552,50.724637681159422,552,55.253623188405797,552,20.652173913043477,552,23.913043478260871,BULL,3.2672232822067948,LOW,BULL_LOW
2025-07-09,2025,574,554,546,554,96.515679442508713,1.1428991206637584,0.55627988727932065,61.371841155234655,554,96.515679442508713,1.7797454487399798,0.63626794774911399,55.415162454873645,552,96.167247386759584,5.7045720412654379,2.6997865023459133,59.60144927536232,3.2571591588850959,552,54.347826086956516,552,56.340579710144922,552,21.920289855072465,552,23.731884057971016,NEUTRAL,3.2644249971366617,LOW,NEUTRAL_LOW
2025-07-10,2025,574,554,546,554,96.515679442508713,0.87406805580453928,0.28835216879410369,56.137184115523468,554,96.515679442508713,1.4958587550745286,0.16175853042407207,50.722021660649816,552,96.167247386759584,5.8878006732830102,2.7029545395249377,61.231884057971023,2.8076737620194825,552,60.326086956521742,552,51.811594202898547,552,27.536231884057973,552,23.007246376811594,BULL,3.260792078010879,LOW,BULL_LOW
2025-07-11,2025,574,554,546,554,96.515679442508713,0.26080535896510493,0,49.458483754512635,554,96.515679442508713,3.8269691469286053,1.8768768768768762,68.953068592057761,552,96.167247386759584,7.8823699271504228,4.9724178803983943,69.021739130434781,3.1696710213434449,552,59.963768115942031,552,52.89855072463768,552,27.717391304347828,552,24.818840579710145,BULL,3.2571591588850959,LOW,BULL_LOW
2025-07-14,2025,574,554,546,554,96.515679442508713,-0.016970813974349814,-0.29852403851493009,43.321299638989167,554,96.515679442508713,3.5243639789351571,2.1699291475528404,67.50902527075813,552,96.167247386759584,6.3458846948995058,4.4544418104513035,63.586956521739133,2.9532536548034374,552,56.521739130434781,552,55.797101449275367,552,21.739130434782609,552,27.536231884057973,BULL,3.2532097733113252,LOW,BULL_LOW
2025-07-15,2025,574,554,546,554,96.515679442508713,1.0394798948767074,0.44732405920634433,59.205776173285194,554,96.515679442508713,3.2969980351391142,2.1411561588378873,70.036101083032491,552,96.167247386759584,7.2985914898424546,4.9076646038206713,67.391304347826093,3.55503759222653,552,62.5,552,56.884057971014492,552,24.456521739130434,552,29.347826086956523,BULL,3.249260387737555,HIGH,BULL_HIGH
2025-07-16,2025,574,554,546,554,96.515679442508713,-0.52169401071491828,-0.95711910862617544,27.617328519855594,554,96.515679442508713,1.6419318477664406,0.29185334032635346,51.624548736462096,552,96.167247386759584,5.8660101491268222,3.2735135658484737,64.673913043478265,3.0061832776825703,552,55.797101449275367,552,59.239130434782602,552,24.275362318840578,552,30.072463768115941,BULL,3.2532097733113252,LOW,BULL_LOW
2025-07-17,2025,574,554,546,554,96.515679442508713,0.36866111996252138,0.14881084193277822,51.624548736462096,554,96.515679442508713,1.1447380049447078,0,49.277978339350184,552,96.167247386759584,5.6437902938465143,3.5740898445816516,62.681159420289859,3.3622679728399136,552,57.065217391304344,552,59.963768115942031,552,23.007246376811594,552,28.260869565217391,BULL,3.249260387737555,HIGH,BULL_HIGH
2025-07-18,2025,574,554,546,554,96.515679442508713,0.010308760228670466,-0.22935900470817389,40.072202166064983,554,96.515679442508713,0.86172522894773673,-0.19295895203007005,48.194945848375454,552,96.167247386759584,4.5351344068666011,2.5701735281494775,60.326086956521742,2.7799885840194447,552,56.702898550724633,552,58.695652173913047,552,25.181159420289855,552,31.70289855072464,BULL,3.2532097733113252,LOW,BULL_LOW
2025-07-21,2025,574,554,546,554,96.515679442508713,0.52666482059592412,0.14958986959325843,51.985559566786996,554,96.515679442508713,1.4395510973708978,0.54258626653754805,51.805054151624553,552,96.167247386759584,5.2912868081191782,3.440215922907186,61.231884057971023,2.8964200754081104,552,59.963768115942031,552,60.326086956521742,552,23.188405797101449,552,28.985507246376812,BULL,3.249260387737555,LOW,BULL_LOW
2025-07-22,2025,574,555,546,554,96.515679442508713,-1.0186015161620809,-1.1859255455735185,23.285198555956679,554,96.515679442508713,-0.68409447095648468,-1.6430856914308567,36.281588447653426,552,96.167247386759584,1.7269564311673109,0.12551433377621096,50.54347826086957,2.7401470848001455,552,52.173913043478258,552,58.695652173913047,552,28.079710144927539,552,30.072463768115941,NEUTRAL,3.2482062116410071,LOW,NEUTRAL_LOW
2025-07-23,2025,574,555,546,555,96.689895470383277,-0.10996983344090432,-0.45924225028702848,39.099099099099099,554,96.515679442508713,-0.2254439650117965,-1.2242145350682301,38.808664259927802,552,96.167247386759584,1.7379842799394172,0.06584528038835466,50.181159420289859,2.8816971930695985,553,48.4629294755877,553,58.58951175406871,553,25.49728752260398,553,30.018083182640144,NEUTRAL,3.2471520355444592,LOW,NEUTRAL_LOW
2025-07-24,2025,574,555,548,555,96.689895470383277,-0.43756610095178494,-0.79840319361277334,28.648648648648649,554,96.515679442508713,-0.98448861227183115,-2.2078490188726425,32.129963898916969,553,96.341463414634148,2.3893051773782168,0.5998800239952029,52.260397830018078,2.8738864211246913,554,43.862815884476532,554,53.971119133574007,554,29.783393501805055,554,32.129963898916969,NEUTRAL,3.2465249030124981,LOW,NEUTRAL_LOW
2025-07-25,2025,574,555,548,555,96.689895470383277,0.10154276962134699,-0.31612223393044919,38.738738738738739,554,96.515679442508713,-0.89845866679593778,-2.2023990063116505,31.046931407942242,554,96.515679442508713,3.2974297641323265,1.1295338115324904,54.151624548736464,2.8590166975587619,554,41.335740072202164,554,49.819494584837543,554,17.148014440433212,554,30.685920577617328,NEUTRAL,3.245897770480537,LOW,NEUTRAL_LOW
2025-07-28,2025,574,555,548,555,96.689895470383277,-0.017624894074681857,-0.76804915514593342,38.018018018018019,554,96.515679442508713,-1.4634039625430171,-2.8290770576116451,25.090252707581229,554,96.515679442508713,2.9790810633878424,0.39719578360188912,51.985559566786996,4.0088340337084718,554,40.072202166064983,554,43.501805054151625,554,33.2129963898917,554,33.393501805054157,NEUTRAL,3.2456929413768938,HIGH,NEUTRAL_HIGH
2025-07-29,2025,574,556,548,555,96.689895470383277,0.33327666346946649,0,49.189189189189193,555,96.689895470383277,-0.095457668146842728,-1.6635859519408491,37.837837837837839,554,96.515679442508713,2.4785068916568624,0.075872534142640252,50,2.9033134853355502,554,39.711191335740068,554,41.696750902527072,554,25.812274368231048,554,34.115523465703973,NEUTRAL,3.245897770480537,LOW,NEUTRAL_LOW
2025-07-30,2025,574,556,548,556,96.864111498257842,0.22321265975936982,0.081139938975938103,50.17985611510791,555,96.689895470383277,0.20153309420606588,-1.1983645848019142,38.918918918918919,554,96.515679442508713,3.2577682747706875,0.9001302367720676,53.249097472924191,3.2201800188749639,554,42.960288808664259,554,40.794223826714806,554,29.783393501805055,554,34.296028880866423,NEUTRAL,3.2456929413768938,LOW,NEUTRAL_LOW
2025-07-31,2025,574,556,549,556,96.864111498257842,0.05460480738181487,-0.16051137094988394,45.143884892086334,555,96.689895470383277,0.67391467845027897,-0.1915708812260552,46.846846846846844,554,96.515679442508713,1.9974341892453924,-0.93128706444123854,45.487364620938628,2.8240937808170017,554,43.321299638989167,554,40.613718411552348,554,34.476534296028881,554,37.364620938628157,NEUTRAL,3.2454881122732511,LOW,NEUTRAL_LOW
2025-08-01,2025,574,556,549,556,96.864111498257842,-3.9775760285236408,-4.070524924471302,3.2374100719424459,555,96.689895470383277,-3.4082479676145301,-3.9961013645224202,18.738738738738739,554,96.515679442508713,-0.043804769496402732,-3.1042799047722447,38.086642599277972,3.2947428506761454,554,21.119133574007222,554,36.642599277978341,554,47.111913357400717,554,42.418772563176894,BEAR,3.2451232507011003,HIGH,BEAR_HIGH
2025-08-04,2025,574,556,549,556,96.864111498257842,1.3444335348458174,1.1157086209105271,72.482014388489219,555,96.689895470383277,-2.1363575866713762,-2.6097271648873095,24.324324324324326,554,96.515679442508713,1.0107091085117756,-1.5955712160861613,44.584837545126355,2.8279086711714947,554,25.992779783393498,554,32.671480144404327,554,18.953068592057761,554,37.545126353790614,NEUTRAL,3.2454881122732511,LOW,NEUTRAL_LOW
2025-08-05,2025,574,556,550,556,96.864111498257842,1.6901978782860267,1.10811062074192,77.338129496402871,556,96.864111498257842,-0.80484817409892351,-1.3453032474771587,34.352517985611506,554,96.515679442508713,1.59961031083215,-1.3504135831547803,44.765342960288805,2.8148048054132797,554,33.574007220216608,554,30.144404332129966,554,24.909747292418771,554,37.906137184115522,NEUTRAL,3.2451232507011003,LOW,NEUTRAL_LOW
2025-08-06,2025,574,556,550,556,96.864111498257842,0.73227633686792426,0.5292882809523447,63.848920863309353,556,96.864111498257842,-0.28718893193732575,-0.7181421134909548,42.805755395683455,554,96.515679442508713,1.1940648936028155,-1.326269278396941,44.04332129963899,2.8127062182571176,554,40.072202166064983,554,28.339350180505413,554,22.743682310469314,554,36.281588447653426,NEUTRAL,3.2447583891289495,LOW,NEUTRAL_LOW
2025-08-07,2025,574,556,550,556,96.864111498257842,0.57495460691150713,0.35677922959443936,58.093525179856123,556,96.864111498257842,0.2538286058464056,-0.19970448123695081,47.302158273381295,554,96.515679442508713,0.95325367999541166,-1.2443149089095773,43.501805054151625,2.6095329459094043,554,44.765342960288805,554,29.602888086642597,554,21.119133574007222,554,30.866425992779785,NEUTRAL,3.244307881470589,LOW,NEUTRAL_LOW
2025-08-08,2025,574,556,551,556,96.864111498257842,0.29969908436589476,0,46.223021582733814,556,96.864111498257842,4.7612432086625249,3.849521756702146,84.352517985611513,554,96.515679442508713,1.0198072480437379,-1.4143303777356395,44.404332129963898,2.9386063624810332,554,47.472924187725631,554,36.642599277978341,554,27.797833935018051,554,29.241877256317689,NEUTRAL,3.2438573738122281,LOW,NEUTRAL_LOW
2025-08-11,2025,574,556,551,556,96.864111498257842,-0.032371121377577312,-0.19443019368771131,42.985611510791365,556,96.864111498257842,3.3178388199713402,2.4295455404027004,72.661870503597129,554,96.515679442508713,1.1461249745473481,-1.7779120104701509,43.501805054151625,3.2227485315299678,554,47.292418772563174,554,42.960288808664259,554,23.646209386281587,554,31.949458483754512,NEUTRAL,3.2436536792473571,LOW,NEUTRAL_LOW
2025-08-12,2025,574,556,551,556,96.864111498257842,-0.7576022501124533,-0.81566936782297428,28.776978417266186,556,96.864111498257842,0.8187328422932284,0.39993346437865451,53.776978417266186,554,96.515679442508713,-0.73775069143511085,-3.2214976165254261,36.462093862815884,2.6261492434307931,554,42.057761732851986,554,45.667870036101085,554,28.51985559566787,554,31.768953068592058,BEAR,3.2434499846824858,LOW,BEAR_LOW
2025-08-13,2025,574,556,551,556,96.864111498257842,0.62546607465614668,0.44972359327438699,58.273381294964032,556,96.864111498257842,0.71216883923905072,0.03909304143862035,50,554,96.515679442508713,0.46042097328895421,-2.0488061462821667,40.794223826714806,3.4226478520386769,554,45.126353790613713,554,46.389891696750901,554,31.949458483754512,554,33.935018050541515,NEUTRAL,3.2434147158896489,HIGH,NEUTRAL_HIGH
2025-08-14,2025,574,557,551,556,96.864111498257842,0.16874574122901034,-0.092485697426819502,46.043165467625904,556,96.864111498257842,0.29418722855594087,-0.28913395796968389,47.661870503597122,554,96.515679442508713,0.32551550116662553,-2.6005749363055664,38.447653429602887,2.9670644865346865,554,47.292418772563174,554,47.653429602888089,554,29.061371841155236,554,35.379061371841154,BEAR,3.2434499846824858,LOW,BEAR_LOW
2025-08-18,2025,574,557,552,557,97.038327526132406,-1.5143815234962728,-1.49790293588975,22.262118491921004,556,96.864111498257842,-1.6031715606219781,-1.8431777227603638,31.115107913669064,554,96.515679442508713,-1.3751345010238556,-3.9735250090143941,33.935018050541515,3.5461793235902035,554,36.642599277978341,554,45.667870036101085,554,25.451263537906136,554,36.281588447653426,BEAR,3.2434147158896489,HIGH,BEAR_HIGH
2025-08-19,2025,574,557,552,557,97.038327526132406,-1.2101649956512368,-1.1166394469976026,24.416517055655294,556,96.864111498257842,-2.7613411362193028,-2.8999523449107167,23.201438848920862,554,96.515679442508713,-3.184731721391985,-5.4109863061375716,27.075812274368232,2.5782189615005517,555,30.45045045045045,555,42.522522522522522,555,21.801801801801801,555,34.234234234234236,BEAR,3.2434499846824858,LOW,BEAR_LOW
2025-08-20,2025,574,558,552,557,97.038327526132406,-1.4538011333332219,-1.5194681861348536,21.723518850987432,556,96.864111498257842,-3.4376254824626749,-3.6951698242020825,21.762589928057555,555,96.689895470383277,-3.617124110214093,-5.8396143138453205,26.306306306306304,2.2179022335697693,555,22.882882882882882,555,38.558558558558559,555,35.135135135135137,555,36.036036036036037,BEAR,3.2434147158896489,LOW,BEAR_LOW
2025-08-21,2025,574,558,552,558,97.21254355400697,0.35162987903937604,0,48.028673835125446,556,96.864111498257842,-3.6171765554037556,-3.9012671335288243,21.223021582733814,555,96.689895470383277,-3.1033432541995238,-5.1669316375198795,28.468468468468465,2.6851575378558223,555,25.945945945945947,555,32.072072072072075,555,19.27927927927928,555,30.45045045045045,BEAR,3.243379447096812,LOW,BEAR_LOW
2025-08-22,2025,574,558,552,558,97.21254355400697,0.67792798171105051,0.26162198846284562,55.913978494623649,557,97.038327526132406,-3.1301813366169844,-3.4732272069464498,22.980251346499102,555,96.689895470383277,-2.0947017817954361,-3.751803751803751,31.171171171171171,2.6851754916067607,555,28.468468468468465,555,27.027027027027028,555,18.558558558558559,555,26.486486486486488,BEAR,3.2432707025033873,LOW,BEAR_LOW
2025-08-25,2025,574,558,552,558,97.21254355400697,1.879352923514154,1.312082173700968,79.211469534050181,557,97.038327526132406,0.19729337631921084,-0.18957345971564171,46.499102333931781,555,96.689895470383277,-0.40172421164243438,-2.0971302428256067,40.54054054054054,2.9663443115039207,555,42.702702702702702,555,27.027027027027028,555,20.900900900900901,555,26.666666666666668,NEUTRAL,3.2431619579099626,LOW,NEUTRAL_LOW
2025-08-26,2025,574,558,552,558,97.21254355400697,0.050721243256896371,-0.084440192533619049,44.086021505376344,557,97.038327526132406,1.5199945098805983,0.47281323877068621,54.757630161579897,555,96.689895470383277,-0.32420270612236379,-2.0547945205479423,41.441441441441441,2.5845840929902861,556,41.906474820143885,556,29.676258992805753,556,34.352517985611506,556,29.496402877697843,NEUTRAL,3.2388369783250743,LOW,NEUTRAL_LOW
2025-08-27,2025,574,558,552,558,97.21254355400697,0.28246607332789853,-0.10970235678082195,45.161290322580641,558,97.21254355400697,3.3045552871835278,2.0097536731587651,67.025089605734763,556,96.864111498257842,-0.31795988784109547,-2.4312230041490523,40.827338129496404,2.690823382674409,556,43.165467625899282,556,34.532374100719423,556,22.661870503597122,556,28.776978417266186,NEUTRAL,3.234511998740186,LOW,NEUTRAL_LOW
2025-08-28,2025,574,558,552,558,97.21254355400697,0.30838176309749371,-0.12788476634046914,43.548387096774192,558,97.21254355400697,3.3016265137356684,1.6842520557950214,66.845878136200724,556,96.864111498257842,-0.18808502830645482,-2.4875056792367065,40.28776978417266,3.2360332279386896,556,43.705035971223019,556,42.625899280575538,556,27.877697841726619,556,30.575539568345324,NEUTRAL,3.2339719084094316,HIGH,NEUTRAL_HIGH
2025-08-29,2025,574,558,552,558,97.21254355400697,-0.10953937572694047,-0.57402932615739921,33.691756272401435,558,97.21254355400697,2.4858584000721926,0.66222141030325421,54.838709677419352,556,96.864111498257842,-0.27955067981914633,-2.7885351027278178,38.309352517985609,2.8288336679376376,556,41.906474820143885,556,46.223021582733814,556,27.517985611510792,556,33.093525179856115,BEAR,3.234511998740186,LOW,BEAR_LOW
2025-09-01,2025,574,558,552,558,97.21254355400697,-1.4642462092451904,-1.7451088962716907,20.788530465949819,558,97.21254355400697,-0.88696737685286353,-2.2378668515771967,31.182795698924732,556,96.864111498257842,2.4005063428960685,-0.20031541241152245,48.201438848920866,3.2948575171153824,556,33.633093525179859,556,41.187050359712231,556,28.956834532374099,556,36.151079136690647,NEUTRAL,3.2339719084094316,HIGH,NEUTRAL_HIGH
2025-09-02,2025,574,558,552,558,97.21254355400697,0.74667974676767979,0.29266161910308497,56.630824372759861,558,97.21254355400697,-0.2231154735707841,-1.5257787649524901,35.304659498207883,556,96.864111498257842,1.7422250809508639,-0.85884348822141121,45.50359712230216,3.1882054636752106,556,35.071942446043167,556,38.129496402877699,556,26.618705035971225,556,32.733812949640289,NEUTRAL,3.234511998740186,LOW,NEUTRAL_LOW
2025-09-03,2025,574,558,552,558,97.21254355400697,0.55391740891871033,0.17582556418349599,53.584229390681003,558,97.21254355400697,0.031833792749718433,-1.1447110718702802,39.605734767025091,556,96.864111498257842,0.59136254283226097,-1.6449852814367727,42.985611510791365,2.8466363083102677,556,38.669064748201436,556,37.949640287769789,556,24.820143884892087,556,32.733812949640289,NEUTRAL,3.2339719084094316,LOW,NEUTRAL_LOW
2025-09-04,2025,574,557,551,557,97.038327526132406,1.2073815818263507,0.8090614886731462,70.736086175942546,557,97.038327526132406,0.93286534662745113,-0.40650406504064701,44.88330341113106,555,96.689895470383277,1.070827698882499,-1.0101010101010055,43.243243243243242,2.8188317968863572,555,46.666666666666664,555,37.657657657657658,555,27.747747747747749,555,33.153153153153156,NEUTRAL,3.2334318180786767,LOW,NEUTRAL_LOW
2025-09-05,2025,574,557,551,557,97.038327526132406,0.66843102267558896,0.1324503311258329,51.526032315978455,557,97.038327526132406,1.7117556062452928,0.38265306122449161,54.757630161579897,555,96.689895470383277,1.2179530837661121,-1.4732965009208066,44.504504504504503,3.0339219314968013,555,51.351351351351347,555,40.36036036036036,555,30.270270270270274,555,33.513513513513516,NEUTRAL,3.231040497865914,LOW,NEUTRAL_LOW
2025-09-08,2025,574,557,551,557,97.038327526132406,0.90612318646341072,0.42803638309256697,61.57989228007181,557,97.038327526132406,4.2071545383443674,2.4967148488830526,75.942549371633746,555,96.689895470383277,1.8591711457609965,-0.83682008368201055,45.765765765765764,2.8545187499625078,555,57.657657657657658,555,47.027027027027032,555,29.90990990990991,555,34.594594594594597,NEUTRAL,3.2286491776531516,LOW,NEUTRAL_LOW
2025-09-09,2025,574,557,551,557,97.038327526132406,1.0731614278324728,0.51391394674977775,63.37522441651705,557,97.038327526132406,4.5383329509737793,2.8806584362139898,76.301615798922811,555,96.689895470383277,3.0392606783513685,0.43290043290042929,50.810810810810814,3.3125847267414406,555,65.945945945945951,555,55.135135135135137,555,40,555,38.918918918918919,NEUTRAL,3.2279304932178019,HIGH,NEUTRAL_HIGH
2025-09-10,2025,574,557,551,557,97.038327526132406,1.5223718658887599,0.82599118942732186,73.967684021543988,557,97.038327526132406,5.5559395661419897,3.6842105263157783,81.867145421903047,555,96.689895470383277,5.4396012049995379,2.4809160305343525,59.81981981981982,3.2278587479981034,555,74.234234234234236,555,65.585585585585576,555,54.954954954954957,555,49.189189189189193,NEUTRAL,3.2286491776531516,LOW,NEUTRAL_LOW
2025-09-11,2025,574,557,551,557,97.038327526132406,0.80514416575168091,0.20080321285140809,54.757630161579897,557,97.038327526132406,5.1443368228170971,2.8513238289205711,78.635547576301619,555,96.689895470383277,5.6760052219742594,2.1377672209026199,59.279279279279287,3.5146818082974796,556,75.719424460431654,556,70.863309352517987,556,66.187050359712231,556,58.453237410071942,NEUTRAL,3.2282539628256277,HIGH,NEUTRAL_HIGH
2025-09-12,2025,574,557,551,557,97.038327526132406,1.2145028508543965,0.65359477124182774,64.991023339317778,557,97.038327526132406,5.6970967791702654,3.4855769230769158,82.226211849192097,556,96.864111498257842,6.9437228363869536,2.926472202905972,65.107913669064743,3.3631245410520312,556,80.57553956834532,556,75.719424460431654,556,62.230215827338128,556,65.287769784172667,BULL,3.2286491776531516,HIGH,BULL_HIGH
2025-09-15,2025,574,557,551,557,97.038327526132406,1.1128519110066553,0.32092426187420031,57.271095152603237,557,97.038327526132406,5.9352946341641735,3.468780971258667,77.199281867145416,556,96.864111498257842,9.8838657095730795,5.4188629798385897,71.942446043165461,4.0499310887678641,556,78.776978417266179,556,78.237410071942449,556,56.115107913669057,556,72.482014388489219,BULL,3.231040497865914,HIGH,BULL_HIGH
2025-09-16,2025,574,557,551,557,97.038327526132406,0.15075490680457165,-0.29498525073746718,42.190305206463194,557,97.038327526132406,4.901812861088807,2.9411764705882248,73.429084380610405,556,96.864111498257842,11.401682067627064,6.388766032728876,73.741007194244602,3.0185559143105452,557,77.378815080789948,557,80.61041292639139,557,52.782764811490125,557,76.840215439856379,BULL,3.2334318180786767,LOW,BULL_LOW
2025-09-17,2025,574,557,551,557,97.038327526132406,-0.34363583614642523,-0.63593004769475492,34.829443447037697,557,97.038327526132406,2.9509284665261366,1.1961722488038171,61.220825852782767,557,97.038327526132406,12.751976603063005,6.987399770904922,77.019748653500898,2.6854499206144076,557,74.326750448833039,557,80.071813285457807,557,36.804308797127469,557,74.865350089766608,BULL,3.231040497865914,LOW,BULL_LOW
2025-09-18,2025,574,557,552,557,97.038327526132406,1.5575020925841401,1.0040160642570184,70.556552962298028,557,97.038327526132406,3.7875333170154755,1.9607843137254832,65.888689407540397,557,97.038327526132406,14.289908527689308,8.0229226361031571,79.174147217235188,3.4385510244536004,557,78.09694793536805,557,80.25134649910234,557,50.44883303411131,557,67.3249551166966,BULL,3.2286491776531516,HIGH,BULL_HIGH
2025-09-19,2025,574,558,553,557,97.038327526132406,0.29698715320157149,-0.23957834211787429,41.651705565529625,557,97.038327526132406,2.8419662594663984,0.82987551867219622,57.091561938958712,557,97.038327526132406,13.88115260151433,7.6285240464345039,76.301615798922811,3.2698652620133277,557,75.04488330341114,557,79.35368043087972,557,57.271095152603237,557,64.452423698384194,BULL,3.231040497865914,HIGH,BULL_HIGH
2025-09-22,2025,574,558,553,558,97.21254355400697,0.37791471750889621,-0.15167614211329944,46.057347670250898,557,97.038327526132406,2.0880080959767366,0.24968789013732889,52.423698384201082,557,97.038327526132406,12.145835792313658,5.7077625570776336,69.838420107719926,3.3039787275065367,557,73.249551166965887,557,78.09694793536805,557,45.062836624775585,557,61.220825852782767,BULL,3.2334318180786767,HIGH,BULL_HIGH
2025-09-23,2025,574,558,553,558,97.21254355400697,0.062884045746908937,-0.4317334575955234,37.275985663082437,557,97.038327526132406,1.9455155296945117,0.1027749229188135,50.44883303411131,557,97.038327526132406,12.103028259044446,5.8333333333333348,70.556552962298028,3.4883780101946322,557,69.299820466786358,557,75.763016157989227,557,42.72890484739677,557,61.400359066427292,BULL,3.2339719084094316,HIGH,BULL_HIGH
2025-09-24,2025,574,558,553,558,97.21254355400697,-0.37494419926838041,-0.82418100667419059,34.767025089605738,557,97.038327526132406,1.8754983065055759,-0.39215686274509659,46.319569120287255,557,97.038327526132406,11.403923472678397,4.587155963302747,66.06822262118493,3.3506994120964904,557,60.32315978456014,557,72.710951526032318,557,41.651705565529625,557,62.657091561938962,BULL,3.234511998740186,HIGH,BULL_HIGH
2025-09-25,2025,574,558,553,558,97.21254355400697,-0.62879705330604696,-0.76391667778222816,31.541218637992831,557,97.038327526132406,-0.3523503929854131,-1.92837465564738,33.213644524236983,557,97.038327526132406,10.22945277682912,3.6818851251841038,65.350089766606828,3.2657721009020539,557,57.630161579892281,557,67.863554757630169,557,32.495511669658889,557,56.373429084380611,BULL,3.2352726133394381,HIGH,BULL_HIGH
2025-09-26,2025,574,560,553,558,97.21254355400697,-2.3240421273475409,-2.3454264907249112,10.573476702508961,558,97.21254355400697,-2.8956543399986239,-3.9109879522858879,19.17562724014337,557,97.038327526132406,7.5505886627553052,1.7456359102244301,57.989228007181325,2.7015930878100765,557,36.983842010771994,557,60.861759425493709,557,36.804308797127469,557,45.601436265709154,NEUTRAL,3.2360332279386896,LOW,NEUTRAL_LOW
2025-09-29,2025,574,560,553,560,97.560975609756099,1.5300417868407752,0.80064102564102457,71.428571428571431,558,97.21254355400697,-1.7799416146796072,-2.7861560808427552,23.476702508960575,557,97.038327526132406,11.054073567380991,4.4701986754966949,68.043087971274687,3.3599954212649052,557,44.703770197486534,557,53.85996409335727,557,16.337522441651707,557,36.445242369838418,BULL,3.2352726133394381,HIGH,BULL_HIGH
2025-09-30,2025,574,560,553,560,97.560975609756099,-0.34255765649504749,-0.68728612516532606,33.928571428571431,558,97.21254355400697,-2.2056323603481602,-2.8163333715755856,23.476702508960575,557,97.038327526132406,9.8505521622013354,3.2064128256513058,62.657091561938962,2.5882892805255593,557,39.497307001795335,557,43.626570915619389,557,22.621184919210055,557,30.16157989228007,BULL,3.2360332279386896,LOW,BULL_LOW
2025-10-01,2025,574,560,553,560,97.560975609756099,0.57218325597192954,0,49.464285714285715,558,97.21254355400697,-1.288744989715964,-2.0248023879985144,27.419354838709676,557,97.038327526132406,10.054264374350058,2.8735632183908062,62.477558348294437,3.5313856846854748,557,38.061041292639139,557,39.138240574506284,557,23.518850987432675,557,24.59605026929982,BULL,3.2352726133394381,HIGH,BULL_HIGH
2025-10-02,2025,574,560,553,560,97.560975609756099,1.204167341268406,0.65062497248495887,65.178571428571431,558,97.21254355400697,0.57893609178762395,-0.58997563522450436,42.293906810035843,557,97.038327526132406,10.094802010189397,3.1847133757961776,61.041292639138248,3.1283188266189308,557,44.165170556552965,557,37.52244165170557,557,49.910233393177741,557,30.341113105924595,BULL,3.2360332279386896,LOW,BULL_LOW
2025-10-10,2025,574,560,553,560,97.560975609756099,1.206200959406043,0.15236827389158986,51.071428571428569,560,97.560975609756099,4.3425820988066937,1.7359018510546664,60.178571428571423,557,97.038327526132406,10.857041602371437,3.1680440771349798,59.245960502692995,5.0420562005977647,557,46.678635547576306,557,39.67684021543986,557,56.193895870736085,557,35.906642728904849,NEUTRAL,3.2352726133394381,HIGH,NEUTRAL_HIGH
2025-10-13,2025,574,560,553,560,97.560975609756099,-0.10796794555604119,-0.53619688344546101,37.857142857142854,560,97.560975609756099,2.6532592231503598,0.77303890361088978,54.821428571428577,557,97.038327526132406,9.6550391899620465,1.7699115044247815,56.732495511669654,3.535945133614661,557,43.447037701974864,557,41.113105924596049,557,34.290843806104128,557,40.754039497307005,NEUTRAL,3.2360332279386896,HIGH,NEUTRAL_HIGH
2025-10-14,2025,574,560,553,560,97.560975609756099,-1.1757509158826995,-1.3084613453242355,29.285714285714288,560,97.560975609756099,1.7003887291033128,0.27064119455423297,50.892857142857139,557,97.038327526132406,6.7507611964344916,0.40322580645162359,51.885098743267498,4.0810433945762838,557,41.651705565529625,557,41.292639138240574,557,59.784560143626578,557,51.885098743267498,NEUTRAL,3.2395975929243264,HIGH,NEUTRAL_HIGH
2025-10-15,2025,574,560,553,560,97.560975609756099,2.8615792188488522,1.8328805918390922,84.464285714285708,560,97.560975609756099,4.0549285194937523,2.1750036730847073,62.321428571428569,557,97.038327526132406,8.2918491991993779,1.5075376884422065,55.296229802513466,4.310255647781343,557,53.321364452423701,557,45.960502692998205,557,34.111310592459603,557,57.450628366247756,NEUTRAL,3.2431619579099626,HIGH,NEUTRAL_HIGH
2025-10-16,2025,574,560,553,560,97.560975609756099,0.37926591368709944,-0.092497648364869803,47.678571428571431,560,97.560975609756099,3.222718969865233,1.231340456164276,56.071428571428569,557,97.038327526132406,7.8635492390567219,1.651917404129799,55.11669658886894,4.1882066432807976,557,54.937163375224415,557,47.3967684021544,557,44.524236983842009,557,57.630161579892281,NEUTRAL,3.2432707025033873,HIGH,NEUTRAL_HIGH
2025-10-17,2025,574,560,553,560,97.560975609756099,-1.2430849238052799,-1.7182838689835447,23.392857142857142,560,97.560975609756099,0.76649436289527251,-1.1043730435136123,42.857142857142854,557,97.038327526132406,5.0879385566476465,-0.2936857562408246,47.576301615798918,3.894472178858523,557,47.3967684021544,557,49.371633752244165,557,42.908438061041295,557,54.398563734290839,NEUTRAL,3.243379447096812,HIGH,NEUTRAL_HIGH
2025-10-20,2025,574,559,552,559,97.386759581881535,1.7853110480383771,1.1019283746556363,73.345259391771023,559,97.386759581881535,2.6514741562325952,0.72689511941848017,54.919499105545619,556,96.864111498257842,5.7048275626284886,0.22386987810978359,50.539568345323737,3.6218102394550473,556,53.057553956834539,556,51.798561151079134,556,37.050359712230211,556,55.57553956834532,NEUTRAL,3.2434147158896489,HIGH,NEUTRAL_HIGH
2025-10-21,2025,574,559,553,559,97.386759581881535,-0.14303360712021493,-0.3194888178913779,39.89266547406082,559,97.386759581881535,3.6786235327823658,1.8209408194233667,62.9695885509839,556,96.864111498257842,5.3040244078511121,0.25060877236444673,50.359712230215827,3.262499563443082,556,53.237410071942449,556,53.956834532374096,556,48.201438848920866,556,52.338129496402871,NEUTRAL,3.2434499846824858,HIGH,NEUTRAL_HIGH
2025-10-22,2025,574,559,553,559,97.386759581881535,1.177829718820494,0.6345177664974555,64.042933810375672,559,97.386759581881535,2.0322817185148301,0.83916083916084616,54.203935599284435,556,96.864111498257842,6.9475144807509883,1.9545071907076106,56.294964028776981,3.4497894368923849,556,59.532374100719423,556,53.057553956834539,556,30.935251798561154,556,49.280575539568346,NEUTRAL,3.2436536792473571,HIGH,NEUTRAL_HIGH
2025-10-23,2025,574,559,553,559,97.386759581881535,-0.36683233968879358,-0.98231827111984205,27.906976744186046,559,97.386759581881535,1.1739860057090372,0.12771392081736271,50.268336314847936,556,96.864111498257842,4.9229508108133055,0.1349649255008134,50.17985611510791,3.549038249824553,557,53.680430879712745,557,54.578096947935371,557,30.16157989228007,557,46.14003590664273,NEUTRAL,3.2438573738122281,HIGH,NEUTRAL_HIGH
2025-10-24,2025,574,559,553,559,97.386759581881535,1.4338115532428397,0.5300353356890497,61.001788908765654,559,97.386759581881535,3.9309942514724217,2.1229868228404003,70.304114490161012,557,97.038327526132406,6.2993741558417975,0.86455331412103043,52.782764811490125,3.7582418295920275,557,58.16876122082585,557,57.630161579892281,557,39.138240574506284,557,45.960502692998205,NEUTRAL,3.244307881470589,HIGH,NEUTRAL_HIGH
2025-10-27,2025,574,560,553,559,97.386759581881535,1.7206667281268979,0.81911262798635143,66.905187835420392,559,97.386759581881535,3.8911611609915564,1.9925280199252879,67.441860465116278,557,97.038327526132406,7.5986522157326553,2.1739130434782705,57.450628366247756,3.9222413841648121,557,67.863554757630169,557,60.682226211849191,557,51.526032315978455,557,51.526032315978455,NEUTRAL,3.2447583891289495,HIGH,NEUTRAL_HIGH
2025-10-28,2025,574,559,553,559,97.386759581881535,0.26479521576181564,-0.1639344262295061,44.364937388193205,558,97.21254355400697,4.2165300239430952,2.1317909522825862,69.713261648745515,556,96.864111498257842,7.4467118060345348,2.2347174631167084,57.913669064748198,3.5868313749939649,556,66.366906474820141,556,64.208633093525179,556,38.129496402877699,556,48.561151079136685,NEUTRAL,3.2451232507011003,HIGH,NEUTRAL_HIGH
2025-10-29,2025,574,560,553,559,97.386759581881535,0.49846615704504504,-0.270635994587276,44.186046511627907,558,97.21254355400697,3.4183650222402311,1.1067200591917126,60.57347670250897,556,96.864111498257842,8.3634622022977343,2.8556297865406477,58.812949640287769,4.2354248973884214,556,63.489208633093533,556,64.748201438848923,556,46.402877697841724,556,52.877697841726622,NEUTRAL,3.2454881122732511,HIGH,NEUTRAL_HIGH
2025-10-30,2025,574,559,552,559,97.386759581881535,-1.38308112557074,-1.6274864376130238,24.508050089445437,557,97.038327526132406,2.31071746978626,0.71301247771835552,54.937163375224415,555,96.689895470383277,7.3727755599042801,1.7182130584192381,55.495495495495497,3.8291127636518341,557,55.475763016157984,557,64.631956912028727,557,46.14003590664273,557,54.757630161579897,NEUTRAL,3.2456929413768938,HIGH,NEUTRAL_HIGH
2025-10-31,2025,574,559,552,559,97.386759581881535,0.43598891266260775,-0.28200789622109251,41.860465116279073,557,97.038327526132406,1.3820710434497181,-0.45454545454545192,45.24236983842011,557,97.038327526132406,10.756648389949325,5.1013277428371806,64.272890484739676,4.2416319891768852,557,55.296229802513466,557,62.836624775583481,557,34.290843806104128,557,51.346499102333929,BULL,3.245897770480537,HIGH,BULL_HIGH
2025-11-03,2025,574,559,552,559,97.386759581881535,1.3779158620733432,0.3937007874015741,55.098389982110909,558,97.21254355400697,1.3071781392749466,-1.4009345794392503,41.039426523297493,557,97.038327526132406,10.853750202910215,3.9595877130319312,60.502692998204665,4.6248215619608377,557,55.834829443447042,557,60.682226211849191,557,47.03770197486535,557,48.29443447037702,BULL,3.2465249030124981,HIGH,BULL_HIGH
2025-11-04,2025,574,559,552,559,97.386759581881535,0.27942597153481841,-0.140056022408963,46.332737030411444,558,97.21254355400697,1.2355189668137436,-0.95964871556793452,44.623655913978496,557,97.038327526132406,11.358103649681897,4.6925566343042124,64.991023339317778,3.6700359351900986,557,58.707360861759426,557,59.066427289048477,557,41.472172351885099,557,50.807899461400361,BULL,3.2471520355444592,HIGH,BULL_HIGH
2025-11-05,2025,574,559,552,559,97.386759581881535,-2.7195161974867754,-2.9720279720279685,13.774597495527727,559,97.386759581881535,-2.0437175660239424,-3.6832412523020279,28.443649373881929,557,97.038327526132406,7.6121988507525176,1.5126050420168011,54.937163375224415,3.5139834376985504,557,42.549371633752244,557,53.680430879712745,557,56.193895870736085,557,52.962298025134643,NEUTRAL,3.2482062116410071,HIGH,NEUTRAL_HIGH
2025-11-06,2025,574,559,552,559,97.386759581881535,0.23621646511896149,0.22727272727272041,52.415026833631487,559,97.386759581881535,-0.48834469898098565,-1.5645371577574951,40.071556350626118,557,97.038327526132406,6.3998151169110162,1.8456375838926231,56.552962298025136,4.0700724475431027,557,45.601436265709154,557,53.141831238779169,557,36.086175942549367,557,50.089766606822259,NEUTRAL,3.249260387737555,HIGH,NEUTRAL_HIGH
2025-11-07,2025,574,559,552,559,97.386759581881535,-2.4029406615143265,-2.5559105431309903,14.490161001788909,559,97.386759581881535,-3.326748698565245,-3.9653728008936073,27.012522361359569,557,97.038327526132406,2.5779848394574372,-0.4129793510324497,48.29443447037702,2.9812664699465645,557,34.470377019748653,557,47.217235188509875,557,30.700179533213646,557,52.064631956912031,NEUTRAL,3.2532097733113252,LOW,NEUTRAL_LOW
2025-11-10,2025,574,559,552,559,97.386759581881535,2.6112778473442115,2.3752969121140226,84.436493738819323,559,97.386759581881535,-2.0627908817173508,-2.3204419889502725,37.388193202146688,557,97.038327526132406,5.3926953272257556,1.8532818532818629,55.655296229802509,3.4826896403526062,557,47.3967684021544,557,44.524236983842009,557,25.493716337522443,557,47.576301615798918,NEUTRAL,3.249260387737555,HIGH,NEUTRAL_HIGH
2025-11-11,2025,574,559,552,559,97.386759581881535,-0.15068861690974222,-0.4098360655737654,41.502683363148478,559,97.386759581881535,-2.461532430985506,-2.6258205689277947,32.737030411449012,557,97.038327526132406,6.425387849634733,2.9268292682926851,59.964093357271096,3.4823188727881411,557,45.421903052064636,557,41.113105924596049,557,28.186714542190305,557,42.908438061041295,NEUTRAL,3.2532097733113252,HIGH,NEUTRAL_HIGH
2025-11-12,2025,574,559,552,559,97.386759581881535,1.9748906496539225,1.4662756598240456,75.849731663685148,559,97.386759581881535,2.2424533076292112,1.7615176151761558,62.432915921288014,557,97.038327526132406,5.586303571722647,2.5164113785558047,56.373429084380611,3.679675191601083,557,53.680430879712745,557,42.908438061041295,557,28.007181328545784,557,35.008976660682229,NEUTRAL,3.2571591588850959,HIGH,NEUTRAL_HIGH
2025-11-13,2025,574,559,553,559,97.386759581881535,0.6727176887705445,0.28328611898016381,54.56171735241503,559,97.386759581881535,2.6610604188485101,1.9169329073482453,66.010733452593911,557,97.038327526132406,5.7552959823185352,2.1749032111136435,57.630161579892281,3.1788701235629975,557,56.014362657091567,557,44.524236983842009,557,28.186714542190305,557,32.136445242369838,NEUTRAL,3.2598293611640887,LOW,NEUTRAL_LOW
2025-11-14,2025,574,559,553,559,97.386759581881535,-2.7556420253299865,-2.7644230769230727,14.847942754919499,559,97.386759581881535,2.3107377968084037,1.9384264538198304,64.400715563506267,557,97.038327526132406,4.09854578664544,1.2891344383057168,54.219030520646314,3.6484150418250421,557,39.497307001795335,557,47.217235188509875,557,29.263913824057454,557,33.393177737881508,NEUTRAL,3.2571591588850959,HIGH,NEUTRAL_HIGH
2025-11-17,2025,574,559,553,559,97.386759581881535,0.79426996692539931,0.21141649048626029,52.593917710196777,559,97.386759581881535,0.50170681388525817,-0.54151624548736121,44.722719141323793,557,97.038327526132406,3.2838247713081534,-0.183823529411764,48.833034111310589,4.35295744106695,557,40.215439856373429,557,46.678635547576306,557,20.646319569120287,557,33.931777378815084,NEUTRAL,3.2598293611640887,HIGH,NEUTRAL_HIGH
2025-11-18,2025,574,559,554,559,97.386759581881535,-3.0279003565228968,-3.2380952380952399,9.3023255813953494,559,97.386759581881535,-2.3125063566838162,-3.2069970845481026,26.833631484794275,557,97.038327526132406,0.40647443273801459,-2.9465930018416242,41.113105924596049,2.9388376643691978,557,28.007181328545784,557,42.549371633752244,557,21.543985637342907,557,28.545780969479356,NEUTRAL,3.262499563443082,LOW,NEUTRAL_LOW
2025-11-19,2025,574,559,554,559,97.386759581881535,-0.23889572654716593,-0.27586206896551552,41.502683363148478,559,97.386759581881535,-4.5179785762666453,-5.1724137931034484,18.246869409660107,557,97.038327526132406,-1.1298769904313555,-4.0595399188091967,38.061041292639139,2.869556368373527,557,27.648114901256733,557,36.804308797127469,557,18.671454219030519,557,25.134649910233392,BEAR,3.2598293611640887,LOW,BEAR_LOW
2025-11-20,2025,574,560,554,559,97.386759581881535,2.0961030570971384,1.6260162601626105,81.037567084078717,559,97.386759581881535,-3.1591464997968961,-3.8897893030794162,23.971377459749551,557,97.038327526132406,1.3610749773298103,-1.8720748829953229,44.165170556552965,3.1590918882861585,557,35.727109515260324,557,32.495511669658889,557,17.594254937163374,557,21.723518850987432,NEUTRAL,3.2571591588850959,LOW,NEUTRAL_LOW
2025-11-21,2025,574,560,554,560,97.560975609756099,-3.0668195423009355,-3.0018867393202084,13.035714285714286,559,97.386759581881535,-3.4003003304753947,-4.273504273504269,23.792486583184257,557,97.038327526132406,-2.8638323642074934,-4.9392097264437718,33.572710951526034,3.8539031041056462,558,25.089605734767023,558,29.928315412186379,558,16.487455197132618,558,19.534050179211469,BEAR,3.2532097733113252,HIGH,BEAR_HIGH
2025-11-24,2025,574,563,554,560,97.560975609756099,-0.30951450238040007,-0.54090626485754911,37.142857142857146,559,97.386759581881535,-4.4894217412561366,-5.057803468208089,17.710196779964221,558,97.21254355400697,-4.8112019405889965,-6.721183800623054,29.390681003584231,3.0563533029583878,558,25.089605734767023,558,26.523297491039425,558,24.193548387096776,558,18.27956989247312,BEAR,3.2571591588850959,LOW,BEAR_LOW
2025-11-25,2025,574,563,554,563,98.083623693379792,0.24555751173947593,-0.20040080160320661,44.227353463587917,559,97.386759581881535,-1.2876789773300896,-1.8743109151047377,33.810375670840784,558,97.21254355400697,-4.8504161316223851,-7.1291338765121548,28.136200716845877,3.8439417749300571,559,25.223613595706617,559,26.475849731663686,559,14.669051878354203,559,17.352415026833633,BEAR,3.2532097733113252,HIGH,BEAR_HIGH
2025-11-26,2025,574,563,554,563,98.083623693379792,2.3327085503691078,2.1190716448032281,87.388987566607454,559,97.386759581881535,1.1528974356527397,0.64748201438848962,54.56171735241503,559,97.386759581881535,-3.1708532378530352,-5.6748466257668717,32.200357781753134,3.1096751802422524,559,35.778175313059037,559,30.76923076923077,559,17.352415026833633,559,17.531305903398927,BEAR,3.2571591588850959,LOW,BEAR_LOW
2025-11-27,2025,574,564,554,563,98.083623693379792,0.57377075388302889,0,47.424511545293072,560,97.560975609756099,-0.44463208300814239,-0.95769010863350201,37.678571428571431,559,97.386759581881535,-1.3305462851700214,-3.9370078740157521,38.103756708407872,3.4869768548471733,559,35.957066189624328,559,29.159212880143116,559,14.847942754919499,559,18.604651162790699,BEAR,3.2532097733113252,HIGH,BEAR_HIGH
2025-11-28,2025,574,564,554,564,98.257839721254356,2.0250257976089174,1.2276516586861463,70.212765957446805,560,97.560975609756099,4.806982094209034,3.695047102483584,78.392857142857139,559,97.386759581881535,0.19560353111225526,-2.5454545454545507,40.429338103756706,4.2304382945339585,559,49.016100178890873,559,32.021466905187836,559,21.824686940966011,559,19.856887298747765,NEUTRAL,3.2571591588850959,HIGH,NEUTRAL_HIGH
2025-12-01,2025,574,564,554,564,98.257839721254356,0.41417411373840962,-0.16026670022678546,45.921985815602838,563,98.083623693379792,5.7708141292160811,4.1603630862329766,79.928952042628779,559,97.386759581881535,-0.59017863437689777,-2.9834254143646377,39.534883720930232,3.555492339779561,559,52.951699463327373,559,37.924865831842574,559,29.338103756708406,559,23.613595706618963,BEAR,3.2598293611640887,HIGH,BEAR_HIGH
2025-12-02,2025,574,564,554,564,98.257839721254356,1.2378578254010755,0.83095129596640893,66.843971631205676,563,98.083623693379792,6.8204620147103912,4.7393364928909998,85.079928952042621,559,97.386759581881535,0.28076334635315991,-2.4976873265494914,41.502683363148478,3.0221110071252228,559,60.465116279069761,559,48.121645796064399,559,25.223613595706617,559,25.581395348837212,NEUTRAL,3.262499563443082,LOW,NEUTRAL_LOW
2025-12-03,2025,574,564,554,564,98.257839721254356,1.1495976245658797,0.72219614388289166,67.198581560283685,563,98.083623693379792,5.5516683042091159,3.4682080924855585,78.685612788632326,559,97.386759581881535,4.1726883915273865,1.3365735115431263,55.99284436493739,3.3056679670924187,559,69.409660107334531,559,56.529516994633276,559,24.865831842576029,559,28.801431127012521,NEUTRAL,3.2598293611640887,HIGH,NEUTRAL_HIGH
2025-12-04,2025,574,564,554,564,98.257839721254356,-0.56752523733845139,-0.82277481299290467,30.673758865248228,564,98.257839721254356,4.3308075462152171,2.3220747384055329,71.63120567375887,559,97.386759581881535,3.4567316154053369,0.49180327868851842,51.878354203935594,3.3008011717812522,559,63.864042933810374,559,62.254025044722717,559,29.516994633273701,559,33.631484794275494,NEUTRAL,3.262499563443082,HIGH,NEUTRAL_HIGH
2025-12-05,2025,574,564,554,564,98.257839721254356,0.65108704227605696,0.36900369003689532,60.460992907801412,564,98.257839721254356,2.9049569157462924,1.9441097961401252,65.248226950354621,559,97.386759581881535,6.6219560200667038,3.6319612590798966,63.148479427549198,3.4818072679231098,559,67.262969588550988,559,65.65295169946333,559,27.906976744186046,559,37.209302325581397,BULL,3.2634622802898718,HIGH,BULL_HIGH
2025-12-08,2025,574,564,554,564,98.257839721254356,0.15316386572314647,-0.20020040080160334,43.439716312056738,564,98.257839721254356,2.6515722139550104,1.7515097188148698,63.829787234042556,559,97.386759581881535,4.0480322611830815,0.73619631901840055,52.236135957066189,4.1037163181243965,559,64.937388193202153,559,70.304114490161012,559,31.127012522361358,559,34.883720930232556,NEUTRAL,3.2644249971366617,HIGH,NEUTRAL_HIGH
2025-12-09,2025,574,565,554,564,98.257839721254356,0.3431747805852034,-0.12978721970677287,45.212765957446813,564,98.257839721254356,1.7339906256477549,0.27102062400845561,53.546099290780148,559,97.386759581881535,4.6658178288693701,1.1152416356877248,54.919499105545619,2.9193260001872097,559,64.400715563506267,559,70.840787119856884,559,23.971377459749551,559,34.704830053667266,NEUTRAL,3.265098549019358,LOW,NEUTRAL_LOW
2025-12-10,2025,574,565,554,565,98.432055749128921,-0.12188974684808518,-0.64766839378238572,31.858407079646017,564,98.257839721254356,0.45322678399872895,-0.97937298243694348,41.312056737588655,559,97.386759581881535,2.5022374168719197,-1.291512915129156,42.754919499105547,3.086405247112999,559,63.506261180679793,559,71.019677996422175,559,23.613595706618963,559,34.883720930232556,NEUTRAL,3.2644249971366617,LOW,NEUTRAL_LOW
2025-12-11,2025,574,565,554,565,98.432055749128921,0.43283744050443818,0,48.141592920353979,564,98.257839721254356,1.4652542166791422,-0.2637632229431085,46.98581560283688,559,97.386759581881535,2.2786826197703745,-1.859799713876964,42.933810375670838,3.8177048593296745,559,64.579606440071558,559,72.629695885509832,559,55.277280858676207,559,41.32379248658318,NEUTRAL,3.2634622802898718,HIGH,NEUTRAL_HIGH
2025-12-12,2025,574,565,554,565,98.432055749128921,1.4770963620547768,0.95785440613027617,67.787610619469035,564,98.257839721254356,2.3679837325906519,0.47562492930663947,52.836879432624116,559,97.386759581881535,6.7828297018019779,1.6581632653061229,57.245080500894453,4.4618015263509871,559,71.914132379248656,559,72.808586762075137,559,44.364937388193205,559,46.153846153846153,NEUTRAL,3.2644249971366617,HIGH,NEUTRAL_HIGH
2025-12-15,2025,574,566,554,565,98.432055749128921,-0.49915863232522012,-0.78740157480314821,36.283185840707965,564,98.257839721254356,1.7197107122483124,-0.24172695313635081,47.695035460992905,559,97.386759581881535,5.4289980340723094,0.8445945945946054,53.488372093023251,3.3156046575279721,559,66.010733452593911,559,72.450805008944542,559,34.883720930232556,559,48.837209302325576,NEUTRAL,3.265098549019358,HIGH,NEUTRAL_HIGH
2025-12-16,2025,574,567,554,566,98.606271777003485,-2.0065014790206557,-2.2189279746274266,16.25441696113074,565,98.432055749128921,-0.82519686118484104,-1.851851851851849,35.752212389380531,559,97.386759581881535,6.3954839869140576,2.1523178807947074,62.254025044722717,4.051136312199433,559,51.699463327370296,559,68.51520572450805,559,48.479427549194995,559,54.203935599284435,BULL,3.2657721009020539,HIGH,BULL_HIGH
2025-12-17,2025,574,567,554,567,98.780487804878049,0.094502240297920453,0,49.382716049382715,565,98.432055749128921,-0.5856888190807974,-1.2072434607645843,37.876106194690266,559,97.386759581881535,6.6183792578424958,2.9556650246305383,64.042933810375672,3.7587265449892788,560,50.178571428571431,560,64.107142857142861,560,26.071428571428573,560,54.464285714285708,BULL,3.2678186814576908,HIGH,BULL_HIGH
2025-12-18,2025,574,568,555,567,98.780487804878049,-1.2217952540443695,-1.4119601328903664,18.165784832451497,565,98.432055749128921,-2.1674495853862785,-2.8869778869778817,25.663716814159294,560,97.560975609756099,3.1760036738553756,0.13546929057016704,50.178571428571431,3.3577486267961398,560,37.857142857142854,560,56.25,560,22.857142857142858,560,42.142857142857146,NEUTRAL,3.2698652620133277,HIGH,NEUTRAL_HIGH
2025-12-19,2025,574,567,554,567,98.780487804878049,1.4947284123114759,0.90702947845804338,68.783068783068785,564,98.257839721254356,-2.1457366267811544,-2.6400286409466727,23.404255319148938,559,97.386759581881535,8.1987743154628436,3.900414937759344,70.304114490161012,3.6805210958598091,562,46.797153024911033,562,49.110320284697508,562,37.90035587188612,562,39.501779359430607,BULL,3.2699434146451276,HIGH,BULL_HIGH
2025-12-22,2025,574,567,554,567,98.780487804878049,2.2834831030405303,1.318467392266176,75.132275132275126,565,98.432055749128921,0.64592804956359906,-0.64350064350063851,43.89380530973451,562,97.909407665505228,11.427947902263861,6.186428990104476,76.156583629893234,4.3621583647048423,562,56.761565836298935,562,45.729537366548044,562,32.384341637010678,562,41.103202846975087,BULL,3.2700215672769279,HIGH,BULL_HIGH
2025-12-23,2025,574,567,554,567,98.780487804878049,-0.97945992726842412,-0.84337349397590744,26.807760141093475,566,98.606271777003485,1.4841636567170704,0.10332442053466726,50.883392226148402,562,97.909407665505228,9.7715866198338883,5.0880100162026816,73.309608540925268,3.7289645699130207,562,46.97508896797153,562,44.128113879003564,562,27.758007117437721,562,32.918149466192169,BULL,3.2700760119183618,HIGH,BULL_HIGH
2025-12-24,2025,574,568,554,567,98.780487804878049,-0.38357555349993383,-0.4761904761904745,34.038800705467374,566,98.606271777003485,0.98721956246500231,-0.19580269525666935,46.113074204946997,562,97.909407665505228,6.9936113533072586,2.123835305594679,60.320284697508896,2.8801240871237055,563,43.694493783303727,563,43.516873889875669,563,19.182948490230906,563,32.682060390763766,BULL,3.2701304565597962,LOW,BULL_LOW
2025-12-26,2025,574,568,556,568,98.954703832752614,-0.39179907876288339,-1.0855846972983585,30.281690140845068,567,98.780487804878049,1.9930660732409868,0.43383947939261702,53.615520282186949,563,98.083623693379792,5.990339317729477,1.3647642679900818,57.371225577264653,3.385827031554228,563,36.412078152753111,563,42.984014209591479,563,31.793960923623445,563,34.103019538188278,NEUTRAL,3.2700760119183618,HIGH,NEUTRAL_HIGH
2025-12-29,2025,574,569,556,568,98.954703832752614,1.046821719447075,0.35829824381226055,57.04225352112676,567,98.780487804878049,1.5637908484940153,0,49.382716049382715,563,98.083623693379792,5.155157250044808,0.69284064665127154,52.930728241563052,3.9002161916731106,563,41.385435168738901,563,43.161634103019537,563,29.484902309058615,563,33.392539964476022,NEUTRAL,3.2701304565597962,HIGH,NEUTRAL_HIGH
2025-12-30,2025,574,569,556,569,99.128919860627178,-0.61870838681565909,-0.75394105551748192,33.743409490333917,567,98.780487804878049,-1.3466442891423558,-1.9863438857852245,29.629629629629626,563,98.083623693379792,4.0579540846575757,-0.23094688221708681,47.957371225577269,3.4113138586798244,563,37.833037300177622,563,39.609236234458258,563,24.156305506216697,563,30.550621669626999,NEUTRAL,3.2717269219514047,HIGH,NEUTRAL_HIGH
2026-01-02,2026,574,569,556,569,99.128919860627178,1.9704141852082646,0.96830985915492562,59.226713532513173,567,98.780487804878049,1.7207862314949891,0,49.559082892416221,563,98.083623693379792,5.0190920702280328,-0.25062656641604558,48.490230905861459,5.6381535380346071,563,49.023090586145642,563,38.365896980461812,563,46.536412078152757,563,32.5044404973357,NEUTRAL,3.2733233873430132,HIGH,NEUTRAL_HIGH
2026-01-05,2026,574,569,556,569,99.128919860627178,1.5522553750917298,0.97680097680097322,64.147627416520208,568,98.954703832752614,3.7156820901736984,1.2984315123095167,57.04225352112676,563,98.083623693379792,5.4799753179823654,-0.4784688995215336,48.667850799289518,3.9864542910473153,563,55.772646536412076,563,43.872113676731793,563,57.548845470692726,563,43.161634103019537,NEUTRAL,3.2771863520732785,HIGH,NEUTRAL_HIGH
2026-01-06,2026,574,568,555,568,98.954703832752614,0.47905055869961749,0.033557046979870699,50,567,98.780487804878049,4.5266460689453947,2.3064250411861664,64.197530864197532,562,97.909407665505228,6.3235878834899957,0.83383302482814547,53.024911032028463,3.8548112763643321,562,55.693950177935946,562,49.110320284697508,562,48.57651245551601,562,46.619217081850536,NEUTRAL,3.2810493168035433,HIGH,NEUTRAL_HIGH
2026-01-07,2026,574,569,555,568,98.954703832752614,-1.1208971822334768,-1.6495490548208869,24.119718309859156,568,98.954703832752614,2.1943063669132377,0.02847380410022635,50,562,97.909407665505228,4.3792803436523027,-1.3093287684987245,45.017793594306049,4.0164002893691233,562,45.907473309608541,562,50.711743772241988,562,59.430604982206404,562,56.761565836298935,NEUTRAL,3.281352102499036,HIGH,NEUTRAL_HIGH
2026-01-08,2026,574,569,555,569,99.128919860627178,-0.78736778879603198,-1.3232514177693775,28.471001757469246,568,98.954703832752614,2.0589360739861742,-0.49612276103101483,45.598591549295776,562,97.909407665505228,3.3194479465289874,-1.722527472527474,43.060498220640568,3.7090837434567572,563,39.431616341030193,563,50.621669626998219,563,52.753108348134994,563,62.877442273534633,NEUTRAL,3.2816548881945291,HIGH,NEUTRAL_HIGH
2026-01-09,2026,574,569,555,569,99.128919860627178,0.91488959678927528,0.31347962382444189,55.184534270650268,568,98.954703832752614,1.1046866957626917,-0.85034997396887801,43.309859154929576,563,98.083623693379792,3.7542714017948824,-0.76530612244898322,45.648312611012429,4.2583088596186398,563,44.049733570159859,563,50.444049733570161,563,34.458259325044402,563,62.344582593250443,NEUTRAL,3.2822494369029473,HIGH,NEUTRAL_HIGH
2026-01-12,2026,574,569,555,569,99.128919860627178,1.3693992859749535,0.66334991708125735,59.929701230228474,568,98.954703832752614,0.93198463700242662,-1.0729007883327701,41.901408450704224,563,98.083623693379792,5.299129655924447,0.33670033670034621,51.154529307282417,4.1884315372876237,563,51.687388987566607,563,47.779751332149203,563,46.181172291296626,563,58.792184724689164,NEUTRAL,3.2828439856113656,HIGH,NEUTRAL_HIGH
2026-01-13,2026,574,569,555,569,99.128919860627178,0.91753560089216679,0.32786885245901232,53.778558875219687,568,98.954703832752614,1.368476085022222,-0.62992976531121014,44.894366197183103,563,98.083623693379792,5.9399746874599924,0.42796005706133838,52.042628774422738,4.1848273550029003,563,56.483126110124338,563,46.891651865008882,563,43.516873889875669,563,59.680284191829479,NEUTRAL,3.2836472468552196,HIGH,NEUTRAL_HIGH
2026-01-14,2026,574,569,555,569,99.128919860627178,0.28368361443106788,0,48.154657293497365,569,99.128919860627178,2.7471751455791145,1.24300807955251,57.996485061511429,563,98.083623693379792,4.6544937184764716,-0.45248868778280382,48.490230905861459,4.1405258291061271,564,55.49645390070922,564,50.886524822695037,564,43.439716312056738,564,56.737588652482273,NEUTRAL,3.2844505080990736,HIGH,NEUTRAL_HIGH
2026-01-15,2026,574,569,555,569,99.128919860627178,1.2325065750395479,0.4669920021689089,60.632688927943754,569,99.128919860627178,4.8920216767519955,3.2051282051282159,68.7170474516696,564,98.257839721254356,6.5483913516883465,0.71568890650235406,52.12765957446809,4.1523053583388831,565,61.06194690265486,565,55.752212389380531,565,45.309734513274336,565,52.035398230088489,NEUTRAL,3.2845430784408314,HIGH,NEUTRAL_HIGH
2026-01-16,2026,574,569,555,569,99.128919860627178,0.093180057762402596,-0.53144375553587642,39.894551845342704,569,99.128919860627178,4.0964344694868373,1.923076923076916,61.335676625659055,565,98.432055749128921,8.8662837031512325,2.5878003696857776,58.761061946902657,3.9856069733439425,565,57.699115044247783,565,57.876106194690266,565,52.920353982300881,565,59.115044247787608,NEUTRAL,3.2846356487825892,HIGH,NEUTRAL_HIGH
2026-01-19,2026,574,569,555,569,99.128919860627178,1.6332770843795714,0.31176929072487253,54.657293497363803,569,99.128919860627178,4.5282923343174915,1.4423076923076872,60.456942003514932,565,98.432055749128921,10.862959770128434,2.8129395218002839,58.053097345132741,5.0098585274359575,566,60.954063604240282,566,61.484098939929332,566,48.233215547703182,566,56.007067137809187,NEUTRAL,3.2854936878861878,HIGH,NEUTRAL_HIGH
2026-01-20,2026,574,567,553,567,98.780487804878049,1.4589657996689525,1.0000000000000009,64.373897707231038,567,98.780487804878049,4.6089791516307184,2.1907216494845283,67.019400352733683,564,98.257839721254356,13.218176774300979,5.7270952259578678,70.39007092198581,4.483646481683377,564,67.907801418439718,564,62.234042553191493,564,56.914893617021278,564,60.99290780141844,BULL,3.2863517269897868,HIGH,BULL_HIGH
2026-01-21,2026,574,570,554,567,98.780487804878049,-1.0857298954119137,-1.6666666666666718,26.102292768959433,567,98.780487804878049,3.3178420092382597,0.46728971962617383,53.262786596119923,564,98.257839721254356,10.643087853312368,3.1615697488790451,59.219858156028373,4.9180987231300222,564,58.51063829787234,564,62.234042553191493,564,57.978723404255319,564,62.765957446808507,NEUTRAL,3.287353306152772,HIGH,NEUTRAL_HIGH
2026-01-22,2026,574,567,552,567,98.780487804878049,1.7535141048315195,1.1453744493391982,66.313932980599645,565,98.432055749128921,3.5334880113304257,1.3824884792626779,59.469026548672566,562,97.909407665505228,8.8800085814706016,3.395595526346129,60.320284697508896,4.8089464389304597,562,67.437722419928832,562,64.234875444839858,562,60.4982206405694,562,65.836298932384338,BULL,3.2883548853157571,HIGH,BULL_HIGH
2026-01-23,2026,574,569,553,566,98.606271777003485,2.0763334100989677,1.2784097357680824,70.141342756183747,565,98.432055749128921,5.4564049549752323,3.7243947858472959,75.044247787610615,562,97.909407665505228,11.791136451454047,7.3294386247649719,73.131672597864778,5.3533562705175646,563,80.106571936056838,563,69.094138543516863,563,58.259325044404974,563,66.252220248667854,BULL,3.2903501901701828,HIGH,BULL_HIGH
2026-01-26,2026,574,570,553,569,99.128919860627178,2.7282843690617233,1.3281249999999911,65.202108963093139,565,98.432055749128921,6.8959732833715126,4.7073791348600569,77.345132743362825,563,98.083623693379792,15.375772411976872,10.051546391752586,79.573712255772648,5.4907825035727429,563,86.145648312611016,563,75.310834813499113,563,58.259325044404974,563,69.449378330373008,BULL,3.2923454950246085,HIGH,BULL_HIGH
2026-01-27,2026,574,570,553,570,99.303135888501743,1.4059282924788921,0.52586461175428967,58.596491228070178,565,98.432055749128921,6.9464103438994425,4.3165467625899234,73.451327433628322,563,98.083623693379792,17.45575661044581,12.116228070175428,83.126110124333934,4.2657608944231038,564,85.99290780141844,564,80.673758865248217,564,52.12765957446809,564,67.730496453900713,BULL,3.2935441728503769,HIGH,BULL_HIGH
2026-01-28,2026,574,570,553,570,99.303135888501743,2.7021720090789967,1.4637547764482783,66.666666666666657,566,98.606271777003485,11.332978642830776,7.6761643393332797,80.035335689045937,564,98.257839721254356,19.538361034618777,14.45846148716795,84.751773049645379,5.4364646228001954,564,87.7659574468085,564,85.283687943262407,564,64.893617021276597,564,70.035460992907801,BULL,3.2947428506761454,HIGH,BULL_HIGH
2026-01-29,2026,574,570,553,570,99.303135888501743,2.2393379385176724,1.3253285172324158,69.298245614035096,566,98.606271777003485,11.921036520410663,7.2509895714394474,83.392226148409904,564,98.257839721254356,23.190057371492934,16.702092779439738,88.120567375886523,4.8422618127157211,564,91.134751773049643,564,88.652482269503537,564,72.695035460992912,564,69.326241134751783,BULL,3.2948001838957639,HIGH,BULL_HIGH
2026-01-30,2026,574,570,553,570,99.303135888501743,-0.32356963851037462,-1.1104317940511976,33.157894736842103,569,99.128919860627178,9.3179405562063788,4.5238095238095299,72.231985940246048,564,98.257839721254356,20.521693836904124,14.416087829607926,82.978723404255319,4.9947153408034728,564,84.574468085106375,564,88.120567375886523,564,64.00709219858156,564,70.744680851063833,BULL,3.2948575171153824,HIGH,BULL_HIGH
2026-02-02,2026,574,570,553,570,99.303135888501743,-3.7719625542909072,-3.8201184780132182,10.526315789473683,570,99.303135888501743,2.1363626880157303,-0.45327539626285324,47.192982456140356,564,98.257839721254356,14.054267854748456,8.0281341017537375,74.468085106382972,4.6279937421712685,564,67.907801418439718,564,86.347517730496463,564,53.900709219858157,564,70.921985815602838,BULL,3.2948758167137613,HIGH,BULL_HIGH
2026-02-03,2026,574,571,553,570,99.303135888501743,4.8206587126398199,4.0366983124811355,92.631578947368425,570,99.303135888501743,5.5987416426087107,2.8351867121875984,65.087719298245617,564,98.257839721254356,19.154656516121214,12.919557436132733,83.156028368794324,4.7994754132908302,565,83.539823008849552,565,85.486725663716811,565,37.522123893805308,565,69.73451327433628,BULL,3.2948941163121401,HIGH,BULL_HIGH
2026-02-04,2026,574,571,553,571,99.477351916376307,1.6921247500663692,0.91383812010443755,63.922942206654987,570,99.303135888501743,4.5268391705682625,2.5124796850384934,65.964912280701753,565,98.432055749128921,22.58871413688151,16.296296296296298,87.787610619469021,5.2737616518369368,565,88.141592920353986,565,86.194690265486727,565,36.283185840707965,565,66.725663716814154,BULL,3.2970566848574006,HIGH,BULL_HIGH
2026-02-05,2026,574,570,552,570,99.303135888501743,-2.6530713398085286,-2.8671554359342819,18.596491228070175,569,99.128919860627178,-0.78949430924851494,-1.9026301063234441,39.894551845342704,564,98.257839721254356,19.697973889802835,14.603087746726606,84.929078014184398,4.2036094258627656,564,75.886524822695037,564,82.801418439716315,564,35.815602836879435,564,57.092198581560282,BULL,3.299219253402661,HIGH,BULL_HIGH
2026-02-06,2026,574,571,552,570,99.303135888501743,-1.7476473240988142,-2.2040422775716886,22.280701754385966,569,99.128919860627178,-2.0901356769781967,-3.5714285714285694,31.985940246045697,564,98.257839721254356,16.690769808783038,12.312562146172791,78.01418439716312,4.2360228795255557,564,61.347517730496456,564,76.950354609929079,564,27.659574468085108,564,43.085106382978722,BULL,3.299886901222175,HIGH,BULL_HIGH
2026-02-09,2026,574,571,552,571,99.477351916376307,4.3412810571621954,3.6050156739811934,89.842381786339757,569,99.128919860627178,6.1997670042337827,4.7619047619047672,72.056239015817226,564,98.257839721254356,20.222981017116428,15.346956629019415,84.042553191489361,4.6086721236103427,564,78.546099290780148,564,78.546099290780148,564,29.078014184397162,564,38.297872340425535,BULL,3.3005545490416885,HIGH,BULL_HIGH
2026-02-10,2026,574,571,552,571,99.477351916376307,0.29888459336208045,0.1312335958005173,51.313485113835377,570,99.303135888501743,1.784365493811523,0.1986147106010194,51.403508771929829,564,98.257839721254356,19.550436599869954,14.815153818706472,84.929078014184398,4.2917276838878973,564,76.950354609929079,564,76.24113475177306,564,28.723404255319153,564,36.170212765957451,BULL,3.3006778604114704,HIGH,BULL_HIGH
2026-02-11,2026,574,571,552,571,99.477351916376307,0.72086277496017115,-0.095693779904304402,46.935201401050783,570,99.303135888501743,0.83919053362175078,-0.56401350515349336,46.491228070175438,564,98.257839721254356,20.142679264537403,15.092972381733661,84.929078014184398,4.3429045345746253,564,76.773049645390074,564,72.695035460992912,564,24.468085106382979,564,33.687943262411345,BULL,3.3008011717812522,HIGH,BULL_HIGH
2026-02-12,2026,574,571,552,571,99.477351916376307,1.084721127788975,0.60096153846154177,59.369527145359022,570,99.303135888501743,4.6925613098559271,3.0261405261405194,71.754385964912288,564,98.257839721254356,20.142774726073405,14.672354790972983,85.460992907801412,3.9292814198818449,564,78.546099290780148,564,73.049645390070921,564,31.914893617021278,564,34.397163120567377,BULL,3.3018482495695007,HIGH,BULL_HIGH
2026-02-13,2026,574,571,552,571,99.477351916376307,-0.85663893020504889,-1.4602803738317791,30.122591943957964,571,99.477351916376307,5.6353061117188252,4.1067761806981453,76.007005253940449,564,98.257839721254356,19.165583741753213,13.786414873371388,83.687943262411352,4.2009068797179481,564,70.567375886524815,564,75.531914893617028,564,23.226950354609929,564,31.382978723404253,BULL,3.3028953273577493,HIGH,BULL_HIGH
2026-02-19,2026,574,571,553,571,99.477351916376307,3.4680012810166545,2.5316455696202445,77.583187390542903,571,99.477351916376307,4.8380992226074007,3.0816640986132566,68.82661996497373,564,98.257839721254356,21.941969965794314,15.646601382488477,84.929078014184398,5.2626969368646721,564,78.191489361702125,564,74.290780141843967,564,32.446808510638299,564,31.73758865248227,BULL,3.303437027432143,HIGH,BULL_HIGH
2026-02-20,2026,574,571,553,571,99.477351916376307,0.87165270197878997,0.089365504915095401,50.437828371278457,571,99.477351916376307,5.5103450068462996,3.1775700934579376,66.549912434325748,564,98.257839721254356,21.322372519083551,15.075165526972755,83.156028368794324,4.7224144883466499,565,76.991150442477874,565,74.86725663716814,565,28.495575221238941,565,32.389380530973447,BULL,3.3039787275065367,HIGH,BULL_HIGH
2026-02-23,2026,574,571,556,571,99.477351916376307,0.51092354694339692,-0.1960784313725483,46.05954465849387,571,99.477351916376307,5.2620639155274329,2.7742035102166884,68.126094570928203,565,98.432055749128921,23.387335765314624,17.274167987321711,87.256637168141594,5.3889247457524059,565,75.398230088495581,565,74.690265486725664,565,33.628318584070797,565,35.398230088495573,BULL,3.3048233472994779,HIGH,BULL_HIGH
2026-02-24,2026,574,571,556,571,99.477351916376307,1.3208552562470961,0.4045307443365731,54.991243432574436,571,99.477351916376307,5.497104015189179,2.7777777777777679,65.67425569176882,565,98.432055749128921,22.898759744402529,16.826003824091785,85.309734513274336,4.7190366689753471,568,75.352112676056336,568,73.943661971830991,568,27.816901408450708,568,34.33098591549296,BULL,3.3056679670924187,HIGH,BULL_HIGH
2026-02-25,2026,574,570,555,570,99.303135888501743,0.19611571485538168,-0.39351724422669865,40.877192982456137,570,99.303135888501743,6.3084547343473529,4.4150003805300431,74.035087719298247,567,98.780487804878049,19.578849032637198,14.187327823691454,82.186948853615519,3.7066753159242523,568,74.471830985915489,568,75,568,32.74647887323944,568,36.795774647887328,BULL,3.3068603879261858,HIGH,BULL_HIGH
2026-02-26,2026,574,571,556,570,99.303135888501743,0.4801564037851056,-0.46094753342902361,42.456140350877192,570,99.303135888501743,3.243265119853544,1.2790927941127461,55.26315789473685,568,98.954703832752614,17.046211358981317,11.650138667114884,75.880281690140848,4.6436963113043159,568,72.183098591549296,568,73.767605633802816,568,41.37323943661972,568,39.436619718309856,BULL,3.3080528087599523,HIGH,BULL_HIGH
2026-02-27,2026,574,571,556,571,99.477351916376307,-0.56204159395485853,-1.1173184357541888,32.924693520140103,570,99.303135888501743,1.8551137007490348,0,49.649122807017541,568,98.954703832752614,14.694503191371723,9.8760914907908273,72.007042253521121,4.1543073951822906,568,66.901408450704224,568,73.943661971830991,568,37.323943661971832,568,42.781690140845072,BULL,3.3085869837311579,HIGH,BULL_HIGH
2026-03-03,2026,574,571,556,571,99.477351916376307,-4.5582197716431416,-5.4487179487179516,10.157618213660244,570,99.303135888501743,-3.3332786903322318,-5.0799958151862281,25.614035087719301,568,98.954703832752614,6.6883007031025219,2.251450277539635,55.809859154929576,6.312792268546926,568,41.197183098591552,568,67.957746478873233,568,49.647887323943664,568,50.176056338028175,NEUTRAL,3.3091211587023639,HIGH,NEUTRAL_HIGH
2026-03-04,2026,574,571,556,571,99.477351916376307,-13.408141596722343,-14.042786615469003,1.0507880910683012,570,99.303135888501743,-17.237742994118666,-18.555044162810525,4.0350877192982457,568,98.954703832752614,-9.588613311530537,-12.336877214925996,23.41549295774648,5.4254596130975505,568,7.7464788732394361,568,47.183098591549296,568,74.471830985915489,568,61.795774647887328,BEAR,3.3096961201652606,HIGH,BEAR_HIGH
2026-03-05,2026,574,572,556,571,99.477351916376307,11.384032387570231,10.758620689655164,98.949211908931701,570,99.303135888501743,-8.0210620259860921,-10.786803960636988,13.859649122807017,568,98.954703832752614,0.93985753404839112,-3.3313515655965134,40.66901408450704,6.1077573775351519,568,26.408450704225352,568,34.859154929577464,568,43.838028169014088,568,62.323943661971825,NEUTRAL,3.3102710816281573,HIGH,NEUTRAL_HIGH
2026-03-06,2026,574,572,556,572,99.651567944250871,3.0508507135749019,2.1507843246973635,75,571,99.477351916376307,-5.7326605310434697,-7.9819277108433724,19.089316987740805,568,98.954703832752614,8.3386240136177232,3.4371998970094242,55.633802816901415,4.9288578414971438,569,34.973637961335676,569,27.768014059753952,569,21.968365553602812,569,59.402460456942009,NEUTRAL,3.3105950033906959,HIGH,NEUTRAL_HIGH
2026-03-09,2026,574,573,556,572,99.651567944250871,-4.8998229910681923,-5.2962801626273812,9.965034965034965,571,99.477351916376307,-9.7936524372721898,-11.843711843711846,9.9824868651488607,569,99.128919860627178,-1.5125982079639324,-5.8823529411764719,33.216168717047452,4.2818831831659612,569,20.562390158172231,569,20.035149384885763,569,19.156414762741651,569,53.427065026362044,BEAR,3.3109189251532349,HIGH,BEAR_HIGH
2026-03-10,2026,574,573,556,573,99.825783972125436,4.1685445510929311,3.3663366336633693,85.514834205933681,571,99.477351916376307,-1.706381000279739,-3.4220532319391594,29.947460595446586,569,99.128919860627178,0.72438369682847548,-4.0000000000000044,39.367311072056239,5.5149950595705839,569,30.052724077328648,569,18.101933216168717,569,18.629173989455182,569,44.112478031634446,BEAR,3.3117518259473377,HIGH,BEAR_HIGH
2026-03-11,2026,574,573,557,573,99.825783972125436,1.5930999892140136,0.8720930232558155,61.431064572425832,571,99.477351916376307,15.70117979033995,12.53101736972704,97.898423817863403,569,99.128919860627178,5.1085958309103798,-0.60459492140265692,49.033391915641481,5.2849143672273327,570,34.736842105263158,570,27.89473684210526,570,24.561403508771928,570,27.89473684210526,NEUTRAL,3.3125847267414406,HIGH,NEUTRAL_HIGH
2026-03-12,2026,574,572,557,572,99.651567944250871,1.2068739776697599,0.26064574618961389,52.972027972027966,571,99.477351916376307,5.0366666990281255,1.4749262536873251,62.171628721541161,570,99.303135888501743,8.2663657183743329,2.0219168748580429,55.26315789473685,4.5519502322682204,570,36.84210526315789,570,29.82456140350877,570,20.350877192982455,570,23.157894736842106,NEUTRAL,3.3140946921347063,HIGH,NEUTRAL_HIGH
2026-03-13,2026,574,573,557,572,99.651567944250871,-0.028180761486162272,-0.62142754577145798,38.286713286713287,571,99.477351916376307,1.9879096390424356,-0.81433224755700362,45.884413309982484,570,99.303135888501743,3.8215188787418333,-1.8367265020391099,44.912280701754383,4.101150795887559,570,35.438596491228068,570,29.649122807017541,570,21.578947368421055,570,22.807017543859647,NEUTRAL,3.3156046575279721,HIGH,NEUTRAL_HIGH
2026-03-16,2026,574,573,557,573,99.825783972125436,-0.75215995791165602,-1.4285714285714235,27.923211169284468,572,99.651567944250871,6.4965865622982282,3.2682740212895744,71.67832167832168,570,99.303135888501743,2.8956529394129049,-3.8767497439399112,41.05263157894737,4.6867578921246347,570,34.736842105263158,570,32.631578947368425,570,16.140350877192983,570,21.228070175438596,NEUTRAL,3.3201948695119214,HIGH,NEUTRAL_HIGH
2026-03-17,2026,574,573,558,573,99.825783972125436,0.83700962340308893,0.97159940209268203,64.397905759162299,572,99.651567944250871,2.9003611129424471,0.65766679942901307,55.594405594405593,570,99.303135888501743,2.6244884282997916,-3.703175841251988,41.403508771929829,4.2632217460469715,570,35.263157894736842,570,34.912280701754383,570,16.315789473684212,570,20.701754385964914,NEUTRAL,3.3247850814958708,HIGH,NEUTRAL_HIGH
2026-03-18,2026,574,573,559,573,99.825783972125436,2.6363211642667221,1.889250814332244,77.835951134380451,572,99.651567944250871,3.9250186122413555,1.832343276036408,65.734265734265733,570,99.303135888501743,4.3699140835454253,-1.8991604106815776,45.789473684210527,4.6514452457197448,570,46.491228070175438,570,37.192982456140349,570,20,570,19.824561403508774,NEUTRAL,3.326555783682192,HIGH,NEUTRAL_HIGH
2026-03-19,2026,574,573,559,573,99.825783972125436,-1.2082143626247621,-2.2392135445111983,23.909249563699824,572,99.651567944250871,1.527475870468493,-0.5828073254267041,45.27972027972028,570,99.303135888501743,4.391039882120455,-3.0063170572836642,43.333333333333336,4.4288206873535056,570,38.421052631578945,570,37.368421052631575,570,17.017543859649123,570,18.947368421052634,NEUTRAL,3.3283264858685131,HIGH,NEUTRAL_HIGH
2026-03-20,2026,574,573,560,573,99.825783972125436,2.4662046161864066,1.5801354401805856,71.553228621291453,573,99.825783972125436,4.0822786117964895,1.9565217391304344,63.874345549738223,570,99.303135888501743,3.4633818849341864,-3.6911634522989898,40.175438596491233,5.6179861404189877,570,49.649122807017541,570,40.526315789473685,570,32.280701754385966,570,22.631578947368421,NEUTRAL,3.3331189122567677,HIGH,NEUTRAL_HIGH
2026-03-23,2026,574,573,560,573,99.825783972125436,-5.3308794938486255,-5.9523809523809534,7.1553228621291449,573,99.825783972125436,-0.58622808611387078,-2.625,33.333333333333329,570,99.303135888501743,-2.7434650150863344,-10.213909860443838,29.473684210526311,4.8607751688345227,570,28.596491228070175,570,40.526315789473685,570,19.473684210526315,570,23.859649122807017,BEAR,3.3379113386450223,HIGH,BEAR_HIGH
2026-03-24,2026,574,573,560,573,99.825783972125436,1.872555339406891,2.0000000000000018,76.439790575916234,573,99.825783972125436,0.30087025070916851,-1.4767932489451518,38.7434554973822,570,99.303135888501743,-1.5663552146153399,-7.8801938427815035,30.175438596491226,4.9256781638483176,570,36.140350877192986,570,41.578947368421055,570,17.192982456140353,570,24.912280701754387,BEAR,3.3382186279166879,HIGH,BEAR_HIGH
2026-03-25,2026,574,573,560,573,99.825783972125436,3.4126511103578672,2.391629297458886,80.6282722513089,573,99.825783972125436,1.1542741880547236,-1.2591119946984808,39.965095986038399,570,99.303135888501743,0.81638001823810602,-6.840237618120165,33.508771929824562,5.4957089016189729,570,51.403508771929829,570,43.684210526315795,570,22.631578947368421,570,24.210526315789473,BEAR,3.338525917188353,HIGH,BEAR_HIGH
2026-03-26,2026,574,572,560,572,99.651567944250871,-2.2156972749813955,-2.5129565270410321,19.755244755244757,572,99.651567944250871,-0.32944461294978,-1.4775591881285854,38.986013986013987,569,99.128919860627178,-2.0420202146009605,-9.2426952892069139,28.471001757469246,4.0838940237847385,569,40.246045694200347,569,43.936731107205624,569,19.68365553602812,569,25.13181019332162,BEAR,3.3394466472575224,HIGH,BEAR_HIGH
2026-03-27,2026,574,573,560,572,99.651567944250871,0.42846374960057038,0.14452345895595844,51.398601398601393,572,99.651567944250871,-2.1868966895914563,-3.4239226126070554,30.419580419580424,569,99.128919860627178,-2.0908834621572048,-8.3753148614609607,27.065026362038662,3.8438175845343192,569,48.154657293497365,569,42.882249560632687,569,18.804920913884008,569,22.495606326889277,BEAR,3.3403673773266918,HIGH,BEAR_HIGH
2026-03-30,2026,574,573,561,573,99.825783972125436,-3.072885050838229,-3.4375000000000044,14.659685863874344,572,99.651567944250871,0.23587350421165737,-0.52729770007562959,45.104895104895107,569,99.128919860627178,-4.4906580762096446,-11.250000000000004,24.077328646748683,3.9773219167700029,569,33.040421792618631,569,48.330404217926187,569,14.938488576449913,569,21.0896309314587,BEAR,3.3423485064083547,HIGH,BEAR_HIGH
2026-03-31,2026,574,572,561,572,99.651567944250871,-3.1761440759262602,-2.9943926271374659,11.888111888111888,572,99.651567944250871,-4.7651973473112514,-5.2248949224201304,19.755244755244757,569,99.128919860627178,-3.5741707889717387,-9.2987804878048816,25.83479789103691,4.2517544939421699,569,24.956063268892795,569,43.936731107205624,569,27.416520210896312,569,22.671353251318102,BEAR,3.344329635490018,HIGH,BEAR_HIGH
2026-04-01,2026,574,573,561,572,99.651567944250871,6.6891446309657834,5.8308434316532427,95.8041958041958,572,99.651567944250871,-1.8487287879459144,-2.0094525725462109,33.21678321678322,569,99.128919860627178,19.325246565433805,11.526114870727056,83.655536028119499,5.2516947874719548,570,48.771929824561404,570,37.368421052631575,570,27.89473684210526,570,24.561403508771928,BULL,3.3444415056902534,HIGH,BULL_HIGH
2026-04-02,2026,574,573,561,573,99.825783972125436,-4.5182098514922524,-4.8956661316211916,8.9005235602094235,572,99.651567944250871,-4.0778657349799738,-4.2002200604971947,19.055944055944053,570,99.303135888501743,2.3655662142789384,-4.0453756508802403,36.84210526315789,3.9670821368157911,570,24.736842105263158,570,31.228070175438599,570,50,570,33.508771929824562,BEAR,3.3445533758904888,HIGH,BEAR_HIGH
2026-04-03,2026,574,573,561,573,99.825783972125436,1.4908295959740216,0.81967213114753068,62.129144851657934,572,99.651567944250871,-2.9999283739021392,-4.2929669673886339,25,570,99.303135888501743,1.0295310625535743,-4.9444087661555773,35.087719298245609,4.3901250771655178,571,30.998248686514884,571,28.371278458844134,571,19.964973730297721,571,33.099824868651488,BEAR,3.3453366051766498,HIGH,BEAR_HIGH
2026-04-06,2026,574,572,561,572,99.651567944250871,-0.50708419858387321,-0.52134363020409635,38.811188811188813,571,99.477351916376307,-0.40981290138736914,-1.3056835637480837,38.704028021015766,570,99.303135888501743,5.6073302755723322,-1.1240349063564361,46.666666666666664,4.2288207351452858,570,28.421052631578945,570,27.543859649122808,570,16.491228070175438,570,34.035087719298247,NEUTRAL,3.3461198344628107,HIGH,NEUTRAL_HIGH
2026-04-07,2026,574,571,560,571,99.477351916376307,-1.0127899588044154,-0.90163934426229475,32.04903677758319,570,99.303135888501743,1.8769674036673929,0.76753610895124991,54.210526315789473,569,99.128919860627178,0.03539311967036652,-4.5522761380690335,34.973637961335676,3.6452223836943736,569,24.956063268892795,569,28.822495606326886,569,19.859402460456941,569,28.119507908611602,BEAR,3.346490839791664,HIGH,BEAR_HIGH
2026-04-08,2026,574,570,559,570,99.303135888501743,5.3486592739210481,5.0937100445941352,90.701754385964918,570,99.303135888501743,0.54417956276192014,0.098030304587104447,50.175438596491226,568,98.954703832752614,3.426352120638009,-1.0813826249275849,46.654929577464785,5.1088099408083618,568,54.049295774647888,568,27.816901408450708,568,54.401408450704224,568,34.683098591549296,NEUTRAL,3.3468618451205172,HIGH,NEUTRAL_HIGH
2026-04-09,2026,574,568,558,568,98.954703832752614,-0.50106051196737866,-1.1368796382665027,35.035211267605632,568,98.954703832752614,4.9244538607445945,3.9372895622895587,74.823943661971825,566,98.606271777003485,1.9682475787710605,-2.3121473121473111,42.226148409893995,4.1689267926482696,567,48.148148148148145,567,35.802469135802468,567,34.391534391534393,567,31.393298059964724,NEUTRAL,3.3487806286085036,HIGH,NEUTRAL_HIGH
2026-04-10,2026,574,567,557,567,98.780487804878049,2.3464042078170722,1.5591778880226892,73.89770723104057,567,98.780487804878049,5.4999983253877316,4.4843049327354167,78.659611992945315,566,98.606271777003485,3.7673719491205024,0,49.646643109540634,4.5143286904526629,566,60.777385159010599,566,41.696113074204952,566,33.922261484098939,566,35.512367491166081,NEUTRAL,3.3506994120964904,HIGH,NEUTRAL_HIGH
2026-04-13,2026,574,567,555,565,98.432055749128921,0.63642952248821361,-0.48543689320388322,42.477876106194692,565,98.432055749128921,6.6590800644316799,4.5801526717557328,82.123893805309734,564,98.257839721254356,4.8694954015312781,0.90378175283835072,52.659574468085104,4.9750804251982421,564,57.269503546099287,564,49.822695035460995,564,25.709219858156029,564,38.829787234042549,NEUTRAL,3.3542240194463151,HIGH,NEUTRAL_HIGH
2026-04-14,2026,574,567,555,566,98.606271777003485,2.4683585618280341,1.7337909180292876,75.618374558303884,565,98.432055749128921,10.558533041944411,8.0091533180778089,90.796460176991147,564,98.257839721254356,6.552085544204675,2.1271985873277721,57.801418439716315,4.62752111120707,564,71.98581560283688,564,62.234042553191493,564,40.248226950354606,564,46.276595744680847,NEUTRAL,3.3577486267961398,HIGH,NEUTRAL_HIGH
2026-04-15,2026,574,567,555,566,98.606271777003485,2.8227428519231745,1.5111772243437627,75.971731448763251,565,98.432055749128921,7.9415889066976693,4.4491525423728806,82.30088495575221,564,98.257839721254356,6.736886777345652,1.4777293797076929,54.787234042553187,5.6753813608028381,564,82.092198581560282,564,69.326241134751783,564,54.078014184397162,564,46.276595744680847,NEUTRAL,3.35813217341865,HIGH,NEUTRAL_HIGH
2026-04-16,2026,574,566,554,565,98.432055749128921,2.1898805831311372,1.3139695712309774,72.212389380530979,563,98.083623693379792,10.820740213899571,7.4856046065259187,89.520426287744229,563,98.083623693379792,10.209511231666225,5.0819672131147575,70.515097690941388,5.6155153811231608,563,88.987566607460039,563,76.909413854351683,563,45.47069271758437,563,47.424511545293072,BULL,3.3585157200411602,HIGH,BULL_HIGH
2026-04-17,2026,574,568,554,566,98.606271777003485,0.69602800722662928,0,49.823321554770317,563,98.083623693379792,8.9143476712617886,6.0606060606060552,86.678507992895206,563,98.083623693379792,8.3663377789967868,3.7634408602150495,64.120781527531079,4.4152947494314576,563,89.34280639431617,563,84.014209591474241,563,34.991119005328599,563,50.266429840142088,BULL,3.3592555706530325,HIGH,BULL_HIGH
2026-04-20,2026,574,569,555,568,98.954703832752614,0.57998985759693955,-0.46385781959929479,41.549295774647888,564,98.257839721254356,9.0708247376487936,6.010615768049254,85.815602836879435,563,98.083623693379792,15.533952588692085,10.116086235489233,81.349911190053277,4.8621346399494598,563,87.744227353463586,563,88.277087033747776,563,31.261101243339258,563,51.687388987566607,BULL,3.3599954212649052,HIGH,BULL_HIGH
2026-04-21,2026,574,569,555,569,99.128919860627178,0.71061063148531878,0.14903129657228839,51.318101933216163,564,98.257839721254356,7.2685505192754665,4.1942121811242021,76.950354609929079,563,98.083623693379792,14.3508232505545,8.7011349306431285,78.685612788632326,4.9042365583473728,563,85.790408525754884,563,89.698046181172288,563,42.273534635879216,563,51.687388987566607,BULL,3.3611316970524094,HIGH,BULL_HIGH
2026-04-22,2026,574,569,557,569,99.128919860627178,0.94602685403361864,0.17286084701815249,51.318101933216163,565,98.432055749128921,5.3137685672086397,2.3305084745762761,67.079646017699119,563,98.083623693379792,11.794746621174458,6.7615658362989217,72.646536412078149,4.3563488759992719,563,84.547069271758431,563,89.34280639431617,563,39.609236234458258,563,47.602131438721138,BULL,3.3622679728399136,HIGH,BULL_HIGH
2026-04-23,2026,574,569,558,569,99.128919860627178,-0.15914674602858256,-0.50847457627118953,39.894551845342704,566,98.606271777003485,2.8943729409182617,0.41067181913748685,53.003533568904594,563,98.083623693379792,14.161612440132425,8.9337175792507217,78.685612788632326,4.2754675083876101,563,85.435168738898753,563,89.165186500888097,563,54.174067495559505,563,48.312611012433393,BULL,3.3626962569459726,HIGH,BULL_HIGH
2026-04-24,2026,574,569,558,569,99.128919860627178,2.3547770810326258,1.4560585071707877,70.298769771528995,568,98.954703832752614,4.5444948976571373,1.7073965274840841,63.028169014084511,563,98.083623693379792,16.464041865036609,9.8958333333333233,79.396092362344589,5.1009012427045253,563,88.632326820603907,563,89.165186500888097,563,43.339253996447603,563,52.397868561278862,BULL,3.3631245410520312,HIGH,BULL_HIGH
2026-04-27,2026,574,570,558,569,99.128919860627178,1.591061753035913,0.46457607433216802,57.293497363796128,569,99.128919860627178,5.6463544033522393,3.2024793388429678,65.202108963093139,563,98.083623693379792,22.135264135593907,15.49865229110512,87.566607460035527,4.5339850234558483,563,90.053285968028419,563,89.698046181172288,563,42.273534635879216,563,54.884547069271761,BULL,3.3635586187560689,HIGH,BULL_HIGH
2026-04-28,2026,574,570,558,570,99.303135888501743,-0.099513725892574498,-0.49263773532249305,41.403508771929829,569,99.128919860627178,4.6760850499261446,2.5341130604288558,65.202108963093139,563,98.083623693379792,26.078143389814922,18.599033816425116,90.40852575488455,4.3217620356881561,563,86.678507992895206,563,88.277087033747776,563,41.207815275310836,563,55.772646536412076,BULL,3.363992696460107,HIGH,BULL_HIGH
2026-04-29,2026,574,570,558,570,99.303135888501743,1.0914426596841611,0.1047958072898369,50.701754385964918,569,99.128919860627178,4.8209631621222711,2.4390243902439046,65.729349736379618,563,98.083623693379792,19.544327805456295,13.177041228779297,82.415630550621671,4.66259960684497,563,85.790408525754884,563,87.744227353463586,563,34.635879218472468,563,52.930728241563052,BULL,3.365192269306263,HIGH,BULL_HIGH
2026-04-30,2026,574,571,558,570,99.303135888501743,-1.5149592920756789,-2.1598690458339567,22.456140350877192,569,99.128919860627178,3.3849631365191795,0.90225563909773765,55.184534270650268,563,98.083623693379792,23.528343711830392,16.666666666666675,87.744227353463586,4.0303969841872345,563,74.422735346358792,563,85.968028419182957,563,42.806394316163413,563,50.976909413854358,BULL,3.366391842152419,HIGH,BULL_HIGH
2026-05-04,2026,574,573,559,571,99.477351916376307,2.0949240816101562,1.0711553175210442,60.770577933450085,569,99.128919860627178,3.2957562572685486,0.17921146953405739,51.318101933216163,563,98.083623693379792,24.55481652490726,17.405764966740577,87.211367673179396,5.5692399511102204,563,76.909413854351683,563,82.238010657193598,563,45.115452930728239,563,51.509769094138548,BULL,3.3674597463863698,HIGH,BULL_HIGH
2026-05-06,2026,574,573,559,573,99.825783972125436,0.25414896125521058,-1.3671875,37.172774869109951,570,99.303135888501743,2.0771894057010996,-1.2685298994415226,43.508771929824562,563,98.083623693379792,26.0522212956459,17.547169811320764,84.724689165186504,5.697575354978162,563,68.028419182948483,563,78.863232682060385,563,61.634103019538188,563,54.884547069271761,BULL,3.368527650620321,HIGH,BULL_HIGH
2026-05-07,2026,574,572,558,572,99.651567944250871,-0.55613333997850822,-0.92811921271372388,39.86013986013986,569,99.128919860627178,1.5641734621923211,-1.6861176315006501,40.949033391915641,562,97.909407665505228,26.418858056273148,17.851508763595703,86.120996441281136,5.0464783121378458,562,62.099644128113887,562,71.530249110320284,562,48.220640569395016,562,55.160142348754448,BULL,3.3715323217910469,HIGH,BULL_HIGH
2026-05-08,2026,574,572,558,571,99.477351916376307,0.29796985583941493,-0.33333333333332987,42.031523642732047,568,98.954703832752614,0.46541902516197747,-2.426888656587034,39.08450704225352,561,97.735191637630663,19.628807902907464,12.608695652173909,76.827094474153299,4.6524371113143932,561,59.180035650623886,561,65.418894830659539,561,35.650623885918002,561,57.397504456327987,BULL,3.3745369929617728,HIGH,BULL_HIGH
2026-05-11,2026,574,572,558,571,99.477351916376307,-0.23325257515479811,-1.4680483592400706,32.399299474605954,569,99.128919860627178,1.9177867501163821,-1.9305019305019264,42.355008787346222,561,97.735191637630663,20.560589458537109,11.273006134969332,73.262032085561501,5.2761504427255312,561,52.228163992869881,561,62.21033868092691,561,46.880570409982177,561,58.82352941176471,BULL,3.3750836370551323,HIGH,BULL_HIGH
2026-05-12,2026,574,573,558,572,99.651567944250871,-2.354304016522526,-2.9817503924646775,21.678321678321677,571,99.477351916376307,-2.5750208253965341,-5.5330634278002666,26.970227670753065,561,97.735191637630663,14.841038803253385,5.7251908396946494,63.101604278074866,4.574006424596214,562,38.256227758007114,562,54.982206405693944,562,66.548042704626326,562,62.455516014234881,BULL,3.3756302811484917,HIGH,BULL_HIGH
2026-05-13,2026,574,573,558,573,99.825783972125436,0.08869270539605989,-1.041666666666663,37.696335078534034,571,99.477351916376307,-2.4574267378630048,-5.3208137715179964,28.721541155866898,562,97.909407665505228,14.861378022646782,4.6968930032562417,59.786476868327398,5.8631824546634972,562,37.90035587188612,562,46.085409252669038,562,36.832740213523131,562,54.982206405693944,NEUTRAL,3.3775257263174856,HIGH,NEUTRAL_HIGH
2026-05-14,2026,574,573,558,573,99.825783972125436,1.9198979381231809,1.3785790031813461,64.048865619546248,571,99.477351916376307,-0.020069732794122868,-2.3688663282571909,39.929947460595443,562,97.909407665505228,13.949420623769495,4.4666358808589166,62.633451957295371,5.1689448158570617,563,44.227353463587917,563,42.628774422735347,563,38.898756660746002,563,51.332149200710475,BULL,3.379421171486479,HIGH,BULL_HIGH
2026-05-15,2026,574,573,558,573,99.825783972125436,-4.4212869360451661,-4.8728813559322015,12.390924956369982,571,99.477351916376307,-4.7701397706872752,-6.8108108108108079,23.29246935201401,563,98.083623693379792,5.7758595514471285,-1.3307984790874472,45.648312611012429,5.3483237679216815,564,30.319148936170215,564,37.234042553191486,564,53.546099290780148,564,57.62411347517731,NEUTRAL,3.3826241015203538,HIGH,NEUTRAL_HIGH
2026-05-18,2026,574,573,558,573,99.825783972125436,-1.574841150012416,-2.1739130434782594,24.607329842931939,572,99.651567944250871,-6.1738593517569429,-7.8222228650147727,19.405594405594407,564,98.257839721254356,2.2437293922111978,-5.6593068626637724,37.765957446808514,5.7603829327031075,566,25.265017667844525,566,32.155477031802121,566,30.918727915194346,566,54.770318021201412,BEAR,3.385827031554228,HIGH,BEAR_HIGH
2026-05-19,2026,574,573,558,573,99.825783972125436,-2.0404890989933371,-2.2653721682847849,22.862129144851657,573,99.825783972125436,-5.9217603536609751,-7.8846153846153904,19.720767888307154,566,98.606271777003485,-0.88292450268811207,-7.519874723990938,31.802120141342755,4.7726909169427785,567,20.811287477954142,567,29.453262786596117,567,26.278659611992943,567,45.326278659611994,BEAR,3.3878964123614725,HIGH,BEAR_HIGH
2026-05-20,2026,574,573,558,573,99.825783972125436,-2.7356628375095537,-3.1523642732048995,14.659685863874344,573,99.825783972125436,-8.6751306052470465,-9.819305753685212,12.390924956369982,567,98.780487804878049,-4.06905821632333,-10.144927536231885,28.042328042328041,4.3534031314542831,567,14.638447971781304,567,24.514991181657848,567,23.633156966490297,567,38.62433862433862,BEAR,3.389965793168717,HIGH,BEAR_HIGH
2026-05-21,2026,574,573,558,573,99.825783972125436,5.0557997754112831,3.8647342995169032,85.514834205933681,573,99.825783972125436,-6.0144712429330989,-7.5713453698311053,15.008726003490402,567,98.780487804878049,0.31500231657628319,-7.729468599033817,33.333333333333329,5.8237065781553961,567,23.633156966490297,567,21.340388007054674,567,23.104056437389769,567,36.684303350970012,BEAR,3.3911498266055209,HIGH,BEAR_HIGH
2026-05-22,2026,574,573,558,573,99.825783972125436,4.3114621821366823,3.3730158730158832,88.830715532286206,573,99.825783972125436,2.6937788441598531,0.26881720430107497,51.134380453752179,567,98.780487804878049,3.6849724150805607,-4.7890535917901929,40.211640211640209,5.1213910677079353,567,36.331569664902993,567,20.811287477954142,567,25.220458553791886,567,26.102292768959433,NEUTRAL,3.3923338600423247,HIGH,NEUTRAL_HIGH
2026-05-26,2026,574,572,557,572,99.651567944250871,1.1215808382061547,-0.39659401377408199,44.58041958041958,572,99.651567944250871,5.4691510226946995,2.1980288536579851,62.23776223776224,566,98.606271777003485,4.2549824161416456,-4.2815854665565638,41.872791519434628,5.8247972728074195,566,37.809187279151942,566,22.084805653710244,566,26.325088339222614,566,24.558303886925795,NEUTRAL,3.3928601591986705,HIGH,NEUTRAL_HIGH
2026-05-27,2026,574,573,557,572,99.651567944250871,-3.3691161893767911,-3.7090941686472707,12.587412587412588,572,99.651567944250871,4.1337784973371283,0.44045207567789957,51.573426573426573,566,98.606271777003485,-1.5227315862625079,-9.2548929294701701,32.332155477031804,5.2176990259225686,567,27.160493827160494,567,24.691358024691358,567,31.922398589065253,567,26.455026455026452,BEAR,3.3933864583550162,HIGH,BEAR_HIGH
2026-05-28,2026,574,573,557,573,99.825783972125436,-2.1163673707116599,-2.3840206185567041,21.291448516579408,572,99.651567944250871,4.7543181799074246,1.1129581642464803,54.02097902097902,567,98.780487804878049,-5.1416097188422452,-11.68582375478927,25.749559082892414,4.6983364026385726,567,23.985890652557316,567,26.984126984126984,567,29.982363315696649,567,29.982363315696649,BEAR,3.3934190973252329,HIGH,BEAR_HIGH
2026-05-29,2026,574,573,557,573,99.825783972125436,-1.5300764509416349,-1.9607843137254943,25.654450261780106,572,99.651567944250871,-1.6466661672772642,-4.1668148464264974,30.594405594405593,567,98.780487804878049,-6.2633847208039608,-13.138686131386857,24.338624338624339,5.5705153674621428,567,20.458553791887123,567,27.336860670194003,567,40.211640211640209,567,37.037037037037038,BEAR,3.3934517362954502,HIGH,BEAR_HIGH
2026-06-01,2026,574,573,558,573,99.825783972125436,-1.5563657552928025,-2.0797227036395194,27.923211169284468,572,99.651567944250871,-7.0861884523759855,-8.7895456250619777,15.55944055944056,567,98.780487804878049,-8.494280846836709,-14.535519125683059,21.340388007054674,5.8423027946795036,568,18.30985915492958,568,25.176056338028168,568,39.260563380281688,568,40.316901408450704,BEAR,3.3944288274657133,HIGH,BEAR_HIGH
2026-06-02,2026,574,573,558,573,99.825783972125436,-2.2374173678058944,-2.575107296137336,22.862129144851657,572,99.651567944250871,-10.086580780503072,-11.131362993665478,11.538461538461538,568,98.954703832752614,-9.1809874468344255,-15.651316765093298,21.302816901408448,4.9501329129710392,570,16.666666666666664,570,20.87719298245614,570,30.350877192982455,570,41.929824561403514,BEAR,3.3954059186359768,HIGH,BEAR_HIGH
2026-06-04,2026,574,573,559,573,99.825783972125436,1.7940321313020782,0.83194675540765306,60.209424083769633,573,99.825783972125436,-5.6830443217542141,-6.7878787878787872,21.465968586387437,570,99.303135888501743,-9.6449249462289988,-15.965983075617629,20.526315789473685,6.0238238371290738,570,19.824561403508774,570,18.947368421052634,570,21.578947368421055,570,38.070175438596493,BEAR,3.3962178648857941,HIGH,BEAR_HIGH
2026-06-05,2026,574,573,559,573,99.825783972125436,-3.4856816879694974,-3.4407027818448066,13.961605584642234,573,99.825783972125436,-6.978628686488892,-7.8598484848484862,16.753926701570681,570,99.303135888501743,-13.018842056218547,-18.661298963839585,17.894736842105264,4.2258298505323646,570,15.6140350877193,570,17.894736842105264,570,15.43859649122807,570,35.789473684210527,BEAR,3.3970298111356114,HIGH,BEAR_HIGH
2026-06-08,2026,574,573,559,573,99.825783972125436,-7.645915153868593,-7.9734219269102962,3.3158813263525309,573,99.825783972125436,-12.733602778120396,-13.755158184319116,7.1553228621291449,570,99.303135888501743,-19.107156415894039,-23.445376246600183,13.333333333333334,4.6857925160323628,570,7.5438596491228065,570,14.385964912280702,570,19.649122807017545,570,25.964912280701753,BEAR,3.3970900337443561,HIGH,BEAR_HIGH
2026-06-09,2026,574,573,559,573,99.825783972125436,5.4039236361703367,4.5855379188712631,89.877835951134372,573,99.825783972125436,-6.4137747806927203,-7.9854809437386542,19.022687609075042,570,99.303135888501743,-15.155479521717343,-19.941893174127351,16.140350877192983,5.4018010403899881,571,13.485113835376533,571,14.185639229422067,571,23.467600700525391,571,20.840630472854642,BEAR,3.3971502563531004,HIGH,BEAR_HIGH
2026-06-10,2026,574,573,560,573,99.825783972125436,-1.1406471642758995,-1.3256006628003305,31.762652705061083,573,99.825783972125436,-5.2721015140853096,-6.3291139240506329,21.291448516579408,571,99.477351916376307,-16.132302184304386,-20.175953079178889,14.535901926444833,4.9285154995291398,572,11.888111888111888,572,13.111888111888112,572,17.307692307692307,572,18.006993006993007,BEAR,3.3973717978142268,HIGH,BEAR_HIGH
2026-06-11,2026,574,573,560,573,99.825783972125436,2.8618967200382706,1.740812379110257,67.539267015706798,573,99.825783972125436,-4.3671678950063679,-6.1246040126715968,24.258289703315882,572,99.651567944250871,-11.472463908251548,-16.518812008761756,19.055944055944053,5.4946500884789984,572,20.104895104895103,572,12.237762237762238,572,43.006993006993007,572,25.699300699300696,BEAR,3.3975933392753532,HIGH,BEAR_HIGH
2026-06-12,2026,574,573,560,573,99.825783972125436,3.5445292220810853,2.7358490566037785,76.788830715532285,573,99.825783972125436,2.4996603199092222,0.106496272630463,50.261780104712038,572,99.651567944250871,-8.8115065869758151,-12.817496710395147,21.328671328671327,6.4605390165860301,572,28.496503496503493,572,13.286713286713287,572,38.636363636363633,572,33.91608391608392,BEAR,3.3979325681416634,HIGH,BEAR_HIGH
2026-06-15,2026,574,574,560,573,99.825783972125436,2.0562278941931043,1.980198019801982,68.586387434554979,573,99.825783972125436,13.154637852116668,11.035653650254671,92.32111692844677,572,99.651567944250871,-8.9277355340728413,-13.12910412757974,20.804195804195803,5.8035941866200851,572,39.510489510489514,572,19.755244755244757,572,21.678321678321677,572,35.314685314685313,BEAR,3.3982717970079741,HIGH,BEAR_HIGH
2026-06-16,2026,574,574,560,574,100,0.18253385048194667,-0.10594158526728285,47.21254355400697,573,99.825783972125436,7.5030714131949061,6.4264849074975761,81.500872600349041,572,99.651567944250871,-4.4552891479214694,-8.757787555035657,26.3986013986014,5.1042343354571997,572,41.78321678321678,572,26.223776223776223,572,23.95104895104895,572,37.587412587412587,BEAR,3.3983861469916494,HIGH,BEAR_HIGH
2026-06-17,2026,574,574,560,574,100,0.39176532804177161,-0.094528171806407199,47.560975609756099,573,99.825783972125436,9.0608975366346876,7.638888888888884,88.656195462478181,572,99.651567944250871,-2.4662003402101638,-6.491342759483743,30.944055944055943,4.9104396971925599,572,43.531468531468533,572,36.363636363636367,572,21.853146853146853,572,39.335664335664333,BEAR,3.3985004969753247,HIGH,BEAR_HIGH
2026-06-18,2026,574,574,560,574,100,-3.0499662836569921,-3.5227700613601032,11.672473867595819,573,99.825783972125436,3.0243988956341328,1.3157894736842035,57.940663176265275,572,99.651567944250871,-3.0663477491500433,-8.0565676510052473,27.447552447552447,4.8107464589425746,572,29.195804195804197,572,40.034965034965033,572,18.706293706293707,572,29.02097902097902,BEAR,3.4011568467225506,HIGH,BEAR_HIGH
2026-06-19,2026,574,573,559,573,99.825783972125436,-3.1820489060478301,-3.5849056603773577,13.089005235602095,572,99.651567944250871,-3.8704586443235955,-4.6320135789754744,23.95104895104895,571,99.477351916376307,-4.173399679567579,-7.6426264800861121,27.495621716287218,4.4548260593434916,571,21.716287215411558,571,36.602451838879155,571,36.952714535901926,571,24.868651488616461,BEAR,3.4038131964697764,HIGH,BEAR_HIGH
2026-06-22,2026,574,574,559,573,99.825783972125436,-1.6574941778566841,-2.4316109422492405,21.98952879581152,573,99.825783972125436,-7.3606728902999663,-8.528784648187635,12.739965095986038,571,99.477351916376307,-10.231291228912102,-13.099630996309964,15.936952714535902,4.6975614635966858,571,15.586690017513135,571,29.422066549912433,571,11.033274956217163,571,22.241681260945708,BEAR,3.4038903892425552,HIGH,BEAR_HIGH
2026-06-23,2026,574,574,559,574,100,-6.9643580204934592,-7.0417155357358379,4.1811846689895473,573,99.825783972125436,-13.839145419750883,-14.742014742014742,4.1884816753926701,571,99.477351916376307,-19.874951266144919,-21.573604060913709,8.0560420315236421,4.8228460178753076,571,7.530647985989491,571,22.241681260945708,571,28.896672504378284,571,20.315236427320489,BEAR,3.4039675820153334,HIGH,BEAR_HIGH
2026-06-24,2026,574,573,559,573,99.825783972125436,1.05980885159829,0.42432814710042782,54.973821989528794,573,99.825783972125436,-13.358692800492262,-14.111922141119226,4.7120418848167542,571,99.477351916376307,-19.840390684761054,-21.119324181626187,8.5814360770577931,4.3786211312254135,572,9.6153846153846168,572,15.55944055944056,572,16.083916083916083,572,20.27972027972028,BEAR,3.4076407203475787,HIGH,BEAR_HIGH
2026-06-25,2026,574,574,559,573,99.825783972125436,-1.9783100374351645,-2.126813227611446,25.305410122164052,573,99.825783972125436,-12.335794266477579,-13.064133016627078,6.6317626527050617,572,99.651567944250871,-18.66938599506846,-20.195038079365411,10.48951048951049,4.7616221088981092,572,10.664335664335663,572,12.412587412587413,572,14.86013986013986,572,20.97902097902098,BEAR,3.4113138586798244,HIGH,BEAR_HIGH
2026-06-26,2026,574,574,559,574,100,-4.3059194112324359,-4.8529364723945978,9.0592334494773521,573,99.825783972125436,-13.269667161475951,-14.22727272727272,6.9808027923211169,572,99.651567944250871,-20.259098030830796,-22.235950867440216,9.79020979020979,4.3696083317855123,572,8.5664335664335667,572,10.48951048951049,572,31.46853146853147,572,18.006993006993007,BEAR,3.4123839653018777,HIGH,BEAR_HIGH
2026-06-29,2026,574,574,559,574,100,8.0984700027947785,7.9147325108667177,92.508710801393718,573,99.825783972125436,-4.6407344343813808,-5.3571428571428603,23.909249563699824,572,99.651567944250871,-12.861657935946209,-14.460666594444234,16.60839160839161,5.9360802137807722,572,18.356643356643357,572,9.6153846153846168,572,26.74825174825175,572,26.573426573426573,BEAR,3.4134540719239306,HIGH,BEAR_HIGH
2026-06-30,2026,574,574,559,574,100,-0.76119239185234666,-1.5276230086564868,31.533101045296171,573,99.825783972125436,1.758694441041688,0,49.738219895287962,572,99.651567944250871,-11.735591365811548,-14.060755336617403,18.356643356643357,5.2757793492507181,572,17.657342657342657,572,11.888111888111888,572,17.482517482517483,572,22.552447552447553,BEAR,3.4180509619813035,HIGH,BEAR_HIGH
2026-07-01,2026,574,574,559,574,100,2.7553508755820579,1.8711023765625945,70.20905923344948,573,99.825783972125436,3.5490960870338917,1.4541387024608501,59.685863874345543,572,99.651567944250871,-7.0316739895250002,-10.463174421924066,24.475524475524477,5.8221968383588836,572,28.146853146853147,572,13.286713286713287,572,24.475524475524477,572,24.475524475524477,BEAR,3.4226478520386769,HIGH,BEAR_HIGH
2026-07-02,2026,574,574,559,574,100,-4.9997309577839815,-4.7953509762113828,19.860627177700348,574,100,0.13421235114024435,-1.0062358276643979,44.947735191637634,572,99.651567944250871,-13.572326753915743,-15.243167894265845,17.307692307692307,5.8942967337513705,572,22.552447552447553,572,14.86013986013986,572,27.447552447552447,572,25.874125874125873,BEAR,3.4229578574249433,HIGH,BEAR_HIGH
2026-07-03,2026,574,574,559,574,100,0.71634323720854987,0.7167367864096108,60.452961672473869,574,100,5.2063017049801799,5.230847546989148,75.78397212543554,572,99.651567944250871,-10.283471126431614,-11.463283377635726,21.678321678321677,4.0352600859875176,572,22.9020979020979,572,21.328671328671327,572,18.181818181818183,572,23.076923076923077,BEAR,3.4232678628112096,HIGH,BEAR_HIGH
2026-07-06,2026,574,574,559,574,100,-1.1656580602815263,-1.3178031815606897,31.881533101045296,574,100,-3.7094825999137075,-4.7491638290279852,29.790940766550523,572,99.651567944250871,-3.9637255564533409,-5.1287341145403502,37.06293706293706,4.7779521858246907,572,21.328671328671327,572,21.328671328671327,572,10.664335664335663,572,19.405594405594407,BEAR,3.423612848782069,HIGH,BEAR_HIGH
2026-07-07,2026,574,573,558,573,99.825783972125436,-1.8211094881819267,-2.1786492374727628,30.366492146596858,573,99.825783972125436,-4.4899671687538607,-4.9147442326980979,31.239092495636999,571,99.477351916376307,-10.47710786957316,-11.711711711711716,26.094570928196148,4.9392944972714057,571,24.343257443082312,571,22.066549912434326,571,22.942206654991242,571,20.665499124343256,BEAR,3.4239578347529278,HIGH,BEAR_HIGH
2026-07-08,2026,574,572,557,572,99.651567944250871,-4.8078897704775612,-5.2115286298568542,6.9930069930069934,572,99.651567944250871,-11.282313336339898,-12.260805697946086,18.356643356643357,570,99.303135888501743,-14.129690174572342,-16.385883232953741,20,4.36752535020692,570,17.543859649122805,570,20.526315789473685,570,30.175438596491226,570,21.228070175438596,BEAR,3.4259960249943515,HIGH,BEAR_HIGH
2026-07-09,2026,574,573,558,572,99.651567944250871,0.20166763314975206,-0.33474702089157915,44.755244755244753,572,99.651567944250871,-6.8024173987833612,-7.4090834293236814,15.55944055944056,570,99.303135888501743,-16.343244171167701,-17.291823724005351,13.684210526315791,4.4257067157943153,570,13.684210526315791,570,20.350877192982455,570,37.719298245614034,570,23.684210526315788,BEAR,3.4280342152357752,HIGH,BEAR_HIGH
2026-07-10,2026,574,573,558,573,99.825783972125436,5.8460304740268381,5.3984575835475557,90.401396160558463,572,99.651567944250871,-2.2489664033915173,-2.7860155672479014,27.27272727272727,570,99.303135888501743,-14.548478989172413,-15.993700441098479,15.263157894736842,5.9176545152066593,571,22.942206654991242,571,19.614711033274958,571,26.970227670753065,571,27.320490367775829,BEAR,3.4284982022461099,HIGH,BEAR_HIGH
2026-07-13,2026,574,573,559,573,99.825783972125436,-4.044415403870488,-4.0441176470588207,16.230366492146597,572,99.651567944250871,-5.0392493476277185,-5.2631578947368478,23.251748251748253,571,99.477351916376307,-19.363051039996439,-22.396576319543502,12.259194395796849,4.6217088090695473,571,18.388791593695274,571,19.264448336252187,571,30.998248686514884,571,34.150612959719787,BEAR,3.4289621892564441,HIGH,BEAR_HIGH
2026-07-14,2026,574,573,560,573,99.825783972125436,-2.1270823137321666,-2.4809160305343525,18.32460732984293,572,99.651567944250871,-5.2636210161196395,-6.2763417918539393,18.006993006993007,571,99.477351916376307,-21.116955524697254,-23.734610123119012,9.4570928196147115,4.0688001035201866,571,16.812609457092819,571,18.038528896672503,571,40.280210157618214,571,39.229422066549915,BEAR,3.4291415140151624,HIGH,BEAR_HIGH
2026-07-15,2026,574,572,561,572,99.651567944250871,5.0826837110150729,4.5402089205770153,87.937062937062933,571,99.477351916376307,4.7481630042917642,2.6717557251908497,66.024518388791591,570,99.303135888501743,-17.901704077692699,-19.555976430976429,12.631578947368421,5.224844514125472,570,24.736842105263158,570,20.87719298245614,570,22.982456140350877,570,33.859649122807021,BEAR,3.4293208387738812,HIGH,BEAR_HIGH
2026-07-16,2026,574,572,562,572,99.651567944250871,-2.9779258315839865,-2.9800307219662034,23.6013986013986,572,99.651567944250871,1.2748588272544403,0.62114197530864768,53.671328671328666,570,99.303135888501743,-17.554422506030825,-20.486164684647971,14.210526315789473,4.8527581521171248,570,24.736842105263158,570,24.210526315789473,570,12.631578947368421,570,27.543859649122808,BEAR,3.4321782019951081,HIGH,BEAR_HIGH
2026-07-20,2026,574,572,562,572,99.651567944250871,-4.7611378864015217,-5.1889846836739641,7.5174825174825166,572,99.651567944250871,-8.7421021585264871,-9.7187785462612535,10.839160839160838,570,99.303135888501743,-18.774324566351886,-21.510693863178709,13.157894736842104,4.5680056293677183,570,16.315789473684212,570,22.105263157894736,570,16.140350877192983,570,25.964912280701753,BEAR,3.4350355652163356,HIGH,BEAR_HIGH
2026-07-21,2026,574,572,562,572,99.651567944250871,1.1481548776681405,0.86871539736489412,62.93706293706294,572,99.651567944250871,-3.9531501083023324,-4.8597201505788785,20.62937062937063,570,99.303135888501743,-16.414268408328123,-19.262916969966938,15.43859649122807,4.2102654996912392,570,17.719298245614034,570,20.701754385964914,570,15.263157894736842,570,21.754385964912281,BEAR,3.4367932948349678,HIGH,BEAR_HIGH
2026-07-22,2026,574,572,562,572,99.651567944250871,0.7178665512863589,0.43956256279464867,54.54545454545454,572,99.651567944250871,-1.1864261482953322,-1.7929582854955994,35.489510489510486,570,99.303135888501743,-9.7776918981612102,-11.133875248838748,25.789473684210527,4.5006451998801777,570,19.649122807017545,570,20.350877192982455,570,21.228070175438596,570,17.894736842105264,BEAR,3.4385510244536004,HIGH,BEAR_HIGH
2026-07-23,2026,574,572,562,572,99.651567944250871,5.5427435267490397,5.019940575496129,91.95804195804196,572,99.651567944250871,-0.60637402583156896,-0.77355716630196913,43.88111888111888,570,99.303135888501743,-5.6420119951841725,-7.3829850123448226,32.807017543859651,5.110655902544905,571,40.455341506129599,571,22.416812609457093,571,30.472854640980735,571,21.366024518388791,BEAR,3.4428913192419488,HIGH,BEAR_HIGH
2026-07-24,2026,574,572,563,572,99.651567944250871,-4.1652766945263409,-3.9757149408240711,19.93006993006993,572,99.651567944250871,-1.7880657988102828,-1.7303176633119643,39.685314685314687,571,99.477351916376307,-7.4718454555136029,-9.2178770949720708,30.823117338003502,4.7529951114078317,571,30.998248686514884,571,21.366024518388791,571,24.343257443082312,571,23.642732049036777,BEAR,3.4472316140302972,HIGH,BEAR_HIGH
2026-07-27,2026,574,573,563,572,99.651567944250871,0.80784877460995463,0.8032258064516129,61.888111888111887,572,99.651567944250871,3.8541211749038986,4.0141444735084297,74.650349650349639,571,99.477351916376307,-2.6520302203389452,-3.7525354969573992,42.556917688266196,5.1825419391462999,571,33.274956217162874,571,25.744308231173381,571,18.038528896672503,571,23.817863397548162,NEUTRAL,3.4485105254613408,HIGH,NEUTRAL_HIGH
2026-07-28,2026,574,573,563,573,99.825783972125436,-7.6804610140184684,-7.5098814229249022,2.7923211169284468,572,99.651567944250871,-5.0870706063559394,-4.0378965922444223,28.671328671328673,571,99.477351916376307,-16.471330514879732,-18.003273322422263,17.863397548161121,4.8822636258608503,571,14.360770577933449,571,27.320490367775829,571,38.17863397548161,571,26.970227670753065,BEAR,3.4497894368923849,HIGH,BEAR_HIGH
2026-07-29,2026,574,572,563,572,99.651567944250871,-6.2935763137523688,-6.604236915408296,7.5174825174825166,571,99.477351916376307,-11.529291689425955,-11.509900990099007,12.784588441331,570,99.303135888501743,-20.365986150022149,-22.483064406318082,16.315789473684212,4.8537286912879392,570,9.8245614035087723,570,23.333333333333332,570,85.438596491228068,570,42.631578947368418,BEAR,3.4514971955843885,HIGH,BEAR_HIGH
2026-07-30,2026,574,571,564,571,99.477351916376307,-1.0914630283361697,-0.80321285140562126,41.856392294220669,570,99.303135888501743,-16.871875561054019,-17.430944437825175,8.5964912280701764,569,99.128919860627178,-22.909774053285666,-24.220183486238533,14.059753954305801,5.1574625495842552,569,11.950790861159929,569,16.695957820738137,569,59.050966608084352,569,52.196836555360285,BEAR,3.4532049542763921,HIGH,BEAR_HIGH
2026-07-31,2026,574,572,564,571,99.477351916376307,10.744701765067921,10.01984126984128,91.593695271453583,570,99.303135888501743,-4.847041812803548,-4.4073867844359684,21.929824561403507,569,99.128919860627178,-11.861113255306398,-13.07929969104017,21.265377855887522,8.4987952557021469,569,23.725834797891039,569,15.114235500878733,569,65.026362038664317,569,65.905096660808439,BEAR,3.4536156794213806,HIGH,BEAR_HIGH
2026-08-03,2026,574,572,564,572,99.651567944250871,1.558282819552683,0.98176911213924134,60.314685314685313,571,99.477351916376307,-4.251752245206597,-4.3137254901960738,20.490367775831874,569,99.128919860627178,-11.334009699135596,-12.255772646536412,19.332161687170473,4.8896058622173024,569,31.107205623901578,569,13.884007029876976,569,30.755711775043938,569,73.4622144112478,BEAR,3.4540264045663687,HIGH,BEAR_HIGH
2026-08-04,2026,574,572,564,572,99.651567944250871,5.6294806825906072,4.9950007560584986,93.181818181818173,571,99.477351916376307,9.649786666763319,8.6190009794319344,90.367775831873914,569,99.128919860627178,-5.3189086116270117,-5.8333333333333348,30.579964850615116,4.9170083110043183,569,62.390158172231992,569,18.453427065026361,569,42.1792618629174,569,73.637961335676621,BEAR,3.4545262341543923,HIGH,BEAR_HIGH
2026-08-05,2026,574,572,565,572,99.651567944250871,3.5029109111393835,2.6335046762333114,80.069930069930066,571,99.477351916376307,21.57228945161037,21.344537815126039,94.746059544658493,569,99.128919860627178,-0.27884084502967138,-1.8450184501844993,43.409490333919152,4.9068891265554528,569,75.395430579964852,569,36.203866432337435,569,37.258347978910365,569,59.753954305799653,NEUTRAL,3.4550260637424164,HIGH,NEUTRAL_HIGH
2026-08-06,2026,574,572,566,572,99.651567944250871,0.29614142793843035,0.17295914933710405,50.52447552447552,571,99.477351916376307,23.555787338846738,21.849710982658955,95.621716287215406,569,99.128919860627178,5.2272923388347223,3.668478260869557,63.796133567662558,4.5656825321318291,570,77.368421052631575,570,60.877192982456144,570,32.631578947368425,570,49.649122807017541,BULL,3.4575103077127753,HIGH,BULL_HIGH
2026-08-07,2026,574,572,566,572,99.651567944250871,0.094374300841230399,-0.16822208696828375,46.328671328671327,572,99.651567944250871,11.470371849671496,9.8318601566286574,90.034965034965026,570,99.303135888501743,5.1718013557682054,5.0554972848816391,65.438596491228068,4.4712694668388657,570,77.719298245614027,570,71.578947368421055,570,29.649122807017541,570,42.280701754385966,BULL,3.4599945516831339,HIGH,BULL_HIGH
2026-08-10,2026,574,572,566,572,99.651567944250871,5.1314632704712615,4.6325579753626833,84.615384615384613,572,99.651567944250871,15.411611833782057,13.420283646711439,94.930069930069934,570,99.303135888501743,4.4935356464001082,3.9729090438703425,63.157894736842103,5.1851796745275083,570,86.140350877192986,570,79.649122807017548,570,40.175438596491233,570,44.385964912280699,BULL,3.4691654616784202,HIGH,BULL_HIGH
2026-08-11,2026,574,572,566,572,99.651567944250871,0.79726169371312783,0.17809566099974411,52.622377622377627,572,99.651567944250871,9.9371274362836406,8.1753981781868212,92.132867132867133,570,99.303135888501743,9.5454997024834469,7.9165135849122663,74.912280701754383,4.9002961284663975,570,88.421052631578945,570,84.035087719298247,570,35.087719298245609,570,43.508771929824562,BULL,3.4783363716737066,HIGH,BULL_HIGH
2026-08-12,2026,574,572,566,572,99.651567944250871,0.70558891171256855,0.2269392168473105,52.097902097902093,572,99.651567944250871,6.9624655531246429,4.7494335328246091,81.11888111888112,570,99.303135888501743,12.557935087841033,11.194967629868636,79.298245614035096,4.6865844390763076,570,88.596491228070178,570,87.368421052631589,570,34.210526315789473,570,41.228070175438596,BULL,3.4800718197984084,HIGH,BULL_HIGH
2026-08-13,2026,574,572,566,572,99.651567944250871,0.95440253801570252,0.25657894736841319,51.573426573426573,572,99.651567944250871,7.8075430612904748,5.4453430834227046,77.7972027972028,570,99.303135888501743,8.0577325251061964,6.7762041662088652,72.10526315789474,4.8788261383066631,570,88.070175438596493,570,91.228070175438589,570,53.157894736842103,570,47.543859649122808,BULL,3.4818072679231098,HIGH,BULL_HIGH
2026-08-14,2026,574,572,566,572,99.651567944250871,1.0635555976648261,0.74560489194634982,59.965034965034967,572,99.651567944250871,8.9210066407415347,6.781134856300663,78.496503496503493,570,99.303135888501743,12.678380349872125,10.725924020238399,78.245614035087712,4.6198507479602018,570,91.403508771929822,570,91.578947368421055,570,37.719298245614034,570,48.245614035087719,BULL,3.4820630703556255,HIGH,BULL_HIGH
2026-08-18,2026,574,572,566,572,99.651567944250871,-3.0484562637438475,-3.7651981294609893,17.132867132867133,572,99.651567944250871,0.49167317166897273,-1.5644409937888235,39.685314685314687,570,99.303135888501743,14.678636469765395,11.670480444681953,81.929824561403507,5.0847154652497712,570,81.05263157894737,570,92.10526315789474,570,48.596491228070178,570,50.350877192982459,BULL,3.4823188727881411,HIGH,BULL_HIGH
2026-08-19,2026,574,572,566,572,99.651567944250871,-1.6068614784840567,-2.0670914542728682,22.202797202797203,572,99.651567944250871,-1.9872691203617732,-3.6086462663146581,30.594405594405593,570,99.303135888501743,11.653770446906067,8.8183451994193636,75.964912280701753,4.2481634696531847,570,70.175438596491219,570,88.94736842105263,570,23.157894736842106,570,46.140350877192979,BULL,3.4825042565703734,HIGH,BULL_HIGH
2026-08-20,2026,574,572,566,572,99.651567944250871,1.606707071452343,1.0740073094452685,66.258741258741267,572,99.651567944250871,-1.2099950905242207,-2.6145942071888202,33.04195804195804,570,99.303135888501743,12.475349600459989,9.4373499235974698,77.192982456140342,4.8122218507460985,570,73.15789473684211,570,85.614035087719301,570,25.438596491228072,570,44.561403508771932,BULL,3.4826896403526062,HIGH,BULL_HIGH
2026-08-21,2026,574,573,567,572,99.651567944250871,-3.6855438529228719,-4.0498310228291645,15.384615384615385,572,99.651567944250871,-5.6542962011752183,-7.0224253475100031,19.230769230769234,570,99.303135888501743,2.6049179137589573,0.16646135970679315,50.701754385964918,4.290401472402225,570,51.929824561403507,570,78.94736842105263,570,22.105263157894736,570,34.912280701754383,NEUTRAL,3.4840533309457253,HIGH,NEUTRAL_HIGH
2026-08-24,2026,574,573,567,573,99.825783972125436,1.6026893226719559,0.77519379844961367,63.525305410122165,572,99.651567944250871,-5.1545347369054753,-6.3249572829528589,20.804195804195803,570,99.303135888501743,8.9415334863252873,5.6784698612269313,65.438596491228068,5.0911435497610773,571,58.493870402802109,571,69.527145359019258,571,21.541155866900176,571,30.122591943957964,BULL,3.4854170215388449,HIGH,BULL_HIGH
2026-08-25,2026,574,574,567,573,99.825783972125436,2.2900521227675603,1.740139211136893,72.251308900523554,572,99.651567944250871,0.032129632451381701,-1.1593180482069365,41.433566433566433,571,99.477351916376307,10.522766325371968,6.042296072507547,69.702276707530658,4.5365486534072295,571,68.126094570928203,571,65.148861646234678,571,21.891418563922944,571,23.992994746059544,BULL,3.4854384263975673,HIGH,BULL_HIGH
2026-08-26,2026,574,573,566,573,99.825783972125436,0.88545128525703343,0.41436464088397962,56.544502617801051,571,99.477351916376307,2.4765708931219179,1.0489510489510412,59.369527145359022,570,99.303135888501743,20.641810386049205,15.772911583328275,88.245614035087712,3.9312405960025378,570,69.824561403508767,570,62.631578947368418,570,21.929824561403507,570,24.210526315789473,BULL,3.4854598312562897,HIGH,BULL_HIGH
2026-08-27,2026,574,574,566,573,99.825783972125436,0.95735677641458405,0.4237288135593209,56.544502617801051,571,99.477351916376307,1.7699167592619316,0.92118730808596883,56.392294220665498,570,99.303135888501743,30.605199907857763,25.266602667142948,93.859649122807014,4.0057186463608847,570,67.017543859649123,570,58.771929824561411,570,26.315789473684209,570,25.263157894736842,BULL,3.4854835798447636,HIGH,BULL_HIGH
2026-08-28,2026,574,574,566,574,100,0.79528921794610141,0.40041043071176174,55.749128919860624,572,99.651567944250871,6.5663230727739919,5.1300056318954175,79.895104895104893,570,99.303135888501743,33.194757582396697,27.267454123602619,94.73684210526315,4.331543474562352,571,65.849387040280206,571,59.544658493870408,571,26.444833625218916,571,26.970227670753065,BULL,3.4855073284332372,HIGH,BULL_HIGH
2026-08-31,2026,574,574,566,574,100,-0.013574561627332922,-0.45587375803623481,41.637630662020911,572,99.651567944250871,4.8785093355912679,3.3303327092035095,74.300699300699307,571,99.477351916376307,20.368217543489695,15.370018975332078,85.464098073555164,4.1583808694069839,571,61.295971978984241,571,60.595446584938706,571,36.952714535901926,571,34.325744308231172,BULL,3.4862420916402055,HIGH,BULL_HIGH
2026-09-01,2026,574,574,566,574,100,-0.38642977750238006,-0.83348770434862884,34.843205574912893,573,99.825783972125436,2.2186221505468273,0.63176895306860104,53.752181500872595,571,99.477351916376307,18.084776328832646,13.336713995943208,83.887915936952723,4.5145516617531918,571,54.991243432574436,571,58.844133099824866,571,25.39404553415061,571,33.975481611208409,BULL,3.4869768548471733,HIGH,BULL_HIGH
2026-09-02,2026,574,574,566,574,100,-2.4363577706304476,-2.8066964262728922,14.634146341463413,573,99.825783972125436,-1.1312650326616058,-2.5423728813559365,33.507853403141361,571,99.477351916376307,9.2158170393237135,4.7727272727272618,61.120840630472848,4.0609407071222909,571,39.579684763572679,571,56.217162872154113,571,27.845884413309985,571,35.726795096322242,BULL,3.487367124281084,HIGH,BULL_HIGH
2026-09-03,2026,574,574,566,574,100,-0.43793704177934972,-0.84621834989977995,38.850174216027874,574,100,-2.4004801278866039,-3.9628564191634075,31.184668989547038,571,99.477351916376307,5.1775606553269782,0.40899795501021508,50.963222416812613,4.2395312474882108,571,39.05429071803853,571,48.861646234676009,571,30.823117338003502,571,38.003502626970224,NEUTRAL,3.4877573937149942,HIGH,NEUTRAL_HIGH
2026-09-04,2026,574,574,566,574,100,2.3304919100138681,1.4440961733715896,74.912891986062718,574,100,-1.0275841795351177,-2.1850680848984836,31.881533101045296,571,99.477351916376307,7.2894368649444061,1.5367727771679496,54.991243432574436,4.3159859355887109,571,44.483362521891415,571,45.709281961471106,571,24.518388791593697,571,37.127845884413304,NEUTRAL,3.4880677019548134,HIGH,NEUTRAL_HIGH
2026-09-07,2026,574,574,566,574,100,1.3643144293081899,0.71845894266846511,63.763066202090592,574,100,0.31097009469058756,-0.95162629235528984,41.811846689895468,571,99.477351916376307,8.852912221681521,2.4691358024691468,58.143607705779331,4.3319976167720924,571,52.189141856392297,571,43.432574430823117,571,23.817863397548162,571,29.947460595446586,NEUTRAL,3.4883780101946322,HIGH,NEUTRAL_HIGH
2026-09-08,2026,574,574,567,574,100,-0.6251077854677054,-1.3140051437923739,28.04878048780488,574,100,0.083903942874893542,-1.6728312465340123,37.630662020905923,571,99.477351916376307,3.0598496454304906,-1.0391686650679466,46.760070052539405,4.702455538161046,571,45.359019264448335,571,43.607705779334502,571,33.274956217162874,571,34.150612959719787,NEUTRAL,3.4889621779178377,HIGH,NEUTRAL_HIGH
2026-09-09,2026,574,573,566,573,99.825783972125436,2.3292830235230921,1.35644310474754,65.968586387434556,573,99.825783972125436,4.9407315928659177,2.8806584362139898,67.539267015706798,570,99.303135888501743,3.6583245237295885,0.72194781285382925,51.929824561403507,4.6676545273109609,570,56.491228070175438,570,47.719298245614034,570,37.192982456140349,570,35.964912280701753,NEUTRAL,3.4895463456410432,HIGH,NEUTRAL_HIGH
2026-09-10,2026,574,574,566,573,99.825783972125436,0.55243742629188919,0,48.691099476439788,573,99.825783972125436,6.0447912653145677,3.6585365853658569,69.45898778359512,570,99.303135888501743,3.4473598852370677,0.52215192749122119,51.929824561403507,4.0541955828328708,570,59.298245614035082,570,53.333333333333336,570,52.105263157894733,570,41.578947368421055,NEUTRAL,3.4896116599459663,HIGH,NEUTRAL_HIGH
2026-09-11,2026,574,574,566,574,100,-0.4142053410325407,-0.8757592896148636,37.804878048780488,573,99.825783972125436,3.209884380880407,0.81761006289309257,55.322862129144859,570,99.303135888501743,2.1824032426670676,-0.88206541059366872,47.543859649122808,4.598671735100055,570,54.035087719298247,570,56.315789473684205,570,31.05263157894737,570,45.263157894736842,NEUTRAL,3.4896769742508895,HIGH,NEUTRAL_HIGH
2026-09-14,2026,574,574,566,574,100,-1.3579372617311729,-2.0527353725668274,27.00348432055749,573,99.825783972125436,0.43914806265383366,-1.9230769230769276,37.696335078534034,570,99.303135888501743,-0.18817101684007048,-2.6755719833434721,42.807017543859651,5.1675818964083673,570,45.614035087719294,570,55.614035087719294,570,27.543859649122808,570,49.122807017543856,NEUTRAL,3.4924301404373632,HIGH,NEUTRAL_HIGH
2026-09-15,2026,574,574,566,574,100,1.552634668379717,0.7111161679371869,58.536585365853654,573,99.825783972125436,2.5959531281192989,0.1851851851851771,50.959860383944154,570,99.303135888501743,4.4896319546816512,0.31663202368320542,50.877192982456144,4.9576591300816153,570,49.298245614035082,570,57.543859649122808,570,27.543859649122808,570,48.070175438596493,NEUTRAL,3.4951833066238369,HIGH,NEUTRAL_HIGH
2026-09-16,2026,574,574,566,574,100,-0.29574596126094271,-0.68607649824273254,36.759581881533101,573,99.825783972125436,-0.028377855614703983,-2.1249999999999991,37.870855148342059,570,99.303135888501743,5.9278446521908643,2.0102708125615432,54.736842105263165,4.1293575469222077,570,48.245614035087719,570,52.280701754385959,570,23.859649122807017,570,44.912280701754383,NEUTRAL,3.4984193638602483,HIGH,NEUTRAL_HIGH
2026-09-17,2026,574,574,566,574,100,1.6777987978367188,1.0487134868807035,69.337979094076658,574,100,1.1342795272600374,-1.218093759438732,41.11498257839721,570,99.303135888501743,5.9166987574118917,2.1774690626333526,57.368421052631582,4.0965134748406458,571,55.341506129597192,571,51.488616462346762,571,23.29246935201401,571,31.523642732049034,NEUTRAL,3.5016554210966597,HIGH,NEUTRAL_HIGH
2026-09-18,2026,574,574,567,574,100,0.45092060074218832,-0.24296335634625404,44.599303135888505,574,100,2.0002335466448167,-0.50215719849583951,46.515679442508713,571,99.477351916376307,10.628846089749198,5.8789289871944206,66.199649737302977,3.6265575871899114,571,53.94045534150613,571,49.211908931698773,571,44.133099824868651,571,37.478108581436075,BULL,3.5036530913022919,HIGH,BULL_HIGH
2026-09-21,2026,574,574,567,574,100,0.56203469359733738,-0.1120762910127359,47.386759581881535,574,100,4.0911325694577281,1.4087202251185427,57.317073170731703,571,99.477351916376307,9.8045766639105096,5.1612903225806361,63.747810858143609,4.1722543202505395,572,56.81818181818182,572,51.22377622377622,572,25.699300699300696,572,35.314685314685313,BULL,3.505650761507924,HIGH,BULL_HIGH
2026-09-22,2026,574,574,567,574,100,-0.4273732996210135,-0.75449309673674136,32.926829268292686,574,100,2.0570866425383225,-0.35582583942550539,48.257839721254356,572,99.651567944250871,6.7928617652147256,2.9422635930239638,58.391608391608393,3.4407237278602931,572,53.4965034965035,572,52.7972027972028,572,31.46853146853147,572,35.314685314685313,NEUTRAL,3.5062887126314735,LOW,NEUTRAL_LOW
2026-09-23,2026,574,574,567,574,100,0.51766014014826067,-0.15639207128568805,46.167247386759577,574,100,2.8874049889542048,0.43692371104643296,52.961672473867594,572,99.651567944250871,6.5537557798842192,1.7575561012525331,56.293706293706293,3.6513077911893475,573,49.214659685863879,573,54.973821989528794,573,25.479930191972077,573,38.219895287958117,NEUTRAL,3.505650761507924,HIGH,NEUTRAL_HIGH
2026-09-28,2026,574,574,567,574,100,0.13305834803194228,-0.091053632310517052,47.735191637630663,574,100,1.2011426571528405,-0.29660161359705833,46.167247386759577,573,99.825783972125436,5.5341601658422697,1.1210762331838486,53.054101221640494,4.1138048761350703,573,52.705061082024429,573,54.275741710296685,573,25.305410122164052,573,41.012216404886566,NEUTRAL,3.5062887126314735,HIGH,NEUTRAL_HIGH
2026-09-29,2026,574,574,567,574,100,0.27591735487320651,-0.48445645990816133,41.637630662020911,574,100,1.1267969979170429,-1.0994946143295437,40.418118466898953,573,99.825783972125436,5.2390041637135241,-0.70921985815602928,47.643979057591622,4.1173808723980336,573,47.818499127399647,573,52.181500872600353,573,23.211169284467715,573,31.762652705061083,NEUTRAL,3.5069266637550234,HIGH,NEUTRAL_HIGH
2026-09-30,2026,574,574,567,574,100,0.060147342365890664,-0.34129692832765007,42.334494773519168,574,100,0.52714561943110272,-1.2965819652223041,41.289198606271775,573,99.825783972125436,5.2905694880930696,0.2103049421661396,50.261780104712038,3.2805213248014193,573,49.040139616055846,573,49.738219895287962,573,26.003490401396164,573,31.588132635253054,NEUTRAL,3.5071705718745347,LOW,NEUTRAL_LOW
2026-10-01,2026,574,574,567,574,100,2.4355293480387532,1.7709341805636991,73.344947735191639,574,100,3.4844039492999155,1.0358445645621051,55.226480836236938,573,99.825783972125436,8.4496269087879075,1.9417475728155329,55.497382198952884,4.1147490110728091,573,57.76614310645725,573,51.657940663176262,573,36.64921465968586,573,32.286212914485169,NEUTRAL,3.5069266637550234,HIGH,NEUTRAL_HIGH
2026-10-02,2026,574,574,567,574,100,1.1002603204197192,0.66961951569292077,62.717770034843198,574,100,4.0129049498243514,2.5430224063806017,66.550522648083614,573,99.825783972125436,12.462745048977199,6.4888888888888996,66.143106457242581,3.6096482386784774,573,59.860383944153575,573,53.57766143106457,573,33.158813263525303,573,30.890052356020941,BULL,3.5071705718745347,HIGH,BULL_HIGH
2026-10-06,2026,574,574,567,574,100,2.0131918430520863,1.0822643614054717,65.853658536585371,574,100,6.1227597001135639,4.4207420874870618,68.641114982578401,573,99.825783972125436,15.891443655593257,7.5229357798165086,66.143106457242581,4.2803243435284299,573,62.827225130890049,573,57.76614310645725,573,40.837696335078533,573,36.64921465968586,BULL,3.5074144799940465,HIGH,BULL_HIGH
2026-10-07,2026,574,574,568,574,100,-2.7767691215587398,-3.1476508317255067,20.209059233449477,574,100,2.7400207110467232,1.3502350092579385,58.013937282229968,573,99.825783972125436,9.6725695053678535,3.61648444070648,58.289703315881326,4.0863792330713276,573,56.02094240837696,573,58.289703315881326,573,32.460732984293195,573,39.965095986038399,NEUTRAL,3.5082729385081572,HIGH,NEUTRAL_HIGH
