heat,strategy,year,dimension,regime,horizon,calendar_days,signal_count,evaluated_count,signal_dates,evaluated_dates,immature_count,missing_path_count,invalid_price_count,split_purged_count,mean_return_pct,median_return_pct,win_rate_pct,date_weighted_mean_return_pct,date_weighted_win_rate_pct,p10_return_pct,p25_return_pct,p75_return_pct,p90_return_pct
non_overheated,A,ALL,direction,BEAR,5,220,958,941,199,195,0,3,0,14,0.03378252341923229,-0.97560975609756184,44.952178533475028,0.45495546962372929,46.631713016328398,-10.536398467432948,-5.5655296229802476,3.5460992907801359,10.646387832699622
non_overheated,A,ALL,direction,BEAR,10,220,958,933,199,194,0,7,0,18,0.18843097038492279,-0.81775700934579865,45.337620578778136,0.430497948091766,46.794024989901281,-14.612132391768107,-7.5495049504950451,5.950095969289837,16.213105822004295
non_overheated,A,ALL,direction,BEAR,20,220,958,902,199,187,0,7,0,49,2.2142337138709833,-0.57853850728515899,48.558758314855879,2.4648168864161697,49.682455096893598,-17.866405928365584,-8.6063679245283069,9.8876908852302545,23.892021578444531
non_overheated,A,ALL,direction,BULL,5,190,2436,2379,186,182,45,2,0,10,1.7204042054392945,0,49.432534678436319,1.3423827612613601,48.897362965811034,-8.7867252744056508,-4.3446800478197929,5.222633530717502,13.020847300705562
non_overheated,A,ALL,direction,BULL,10,190,2436,2319,186,177,50,4,0,63,2.5467722974544866,0,49.633462699439413,2.6882824118208632,49.868142768460331,-12.087871251750848,-6.0529571813830065,7.2830676254228006,18.839389736477127
non_overheated,A,ALL,direction,BULL,20,190,2436,2291,186,175,61,8,0,76,4.960655468383786,0.73664825046040316,51.81143605412484,4.8095512584427196,50.841019753777104,-16.198979591836739,-7.7876661399758351,12.742755309697362,29.22259777885079
non_overheated,A,ALL,direction,NEUTRAL,5,242,1915,1864,211,204,28,1,0,22,1.4844897710650182,0,48.766094420600858,1.3656841629704355,48.952262869573737,-8.619225489257099,-4.5057740942746562,4.7516723463334518,12.084943847581945
non_overheated,A,ALL,direction,NEUTRAL,10,242,1915,1806,211,195,59,3,0,47,3.0400888107754604,-0.10209939499092875,49.390919158361015,2.4316513256545256,48.295537190341257,-10.961557133742062,-5.6210015590559683,7.8038110474489608,20.034133134467659
non_overheated,A,ALL,direction,NEUTRAL,20,242,1915,1569,211,174,161,5,0,180,6.1317834508686477,1.0284331518451315,52.390057361376677,4.5773377900815664,49.863628328758566,-14.862736752500529,-7.4275362318840576,13.515406162464982,32.774117997217317
non_overheated,A,ALL,direction,UNKNOWN,5,20,0,0,0,0,0,0,0,0,,,,,,,,,
non_overheated,A,ALL,direction,UNKNOWN,10,20,0,0,0,0,0,0,0,0,,,,,,,,,
non_overheated,A,ALL,direction,UNKNOWN,20,20,0,0,0,0,0,0,0,0,,,,,,,,,
non_overheated,A,ALL,volatility_regime,HIGH,5,395,3726,3627,381,371,63,1,0,35,1.7619441263418414,-0.1079913606911397,48.938516680452167,1.6266148118390711,49.146670035759321,-9.2229020180805428,-4.6515903658760793,5.3430160075087718,13.97375799995719
non_overheated,A,ALL,volatility_regime,HIGH,10,395,3726,3532,381,361,90,6,0,98,2.8413597248297382,0.12495895187667465,50.226500566251417,2.5584622355347624,49.735474946878512,-12.521939640600692,-6.1638055409523709,7.9649815865498184,20.068053651849056
non_overheated,A,ALL,volatility_regime,HIGH,20,395,3726,3269,381,336,203,12,0,242,5.6592062974551567,1.2247838616714637,52.79902110737229,4.917934588011148,51.306265456193202,-16.742309983048518,-7.9225352112675997,13.810483870967747,31.695557840780467
non_overheated,A,ALL,volatility_regime,LOW,5,216,1571,1545,214,209,10,5,0,11,0.307550541044813,-0.35193564605329181,46.990291262135926,0.028661275028604449,46.349367496433722,-8.6901140546387818,-4.6315233885333535,3.5714285714285809,9.1128688279951842
non_overheated,A,ALL,volatility_regime,LOW,10,216,1571,1514,214,204,19,8,0,30,1.0138540698668579,-0.9258306884526446,45.442536327608984,0.53815479085401641,45.757314122639201,-11.23798932384342,-6.3663614320860455,5.5371700628729315,14.312949516972806
non_overheated,A,ALL,volatility_regime,LOW,20,216,1571,1481,214,199,19,8,0,63,3.0344349312811922,-0.2341920374707262,48.548278190411885,2.2489742796874053,48.283904669781421,-14.812646370023421,-7.5102040816326543,9.7067745197168875,23.275862068965523
non_overheated,A,ALL,volatility_regime,UNKNOWN,5,61,12,12,1,1,0,0,0,0,2.1652466988898587,0.92975609756097422,58.333333333333336,2.1652466988898591,58.333333333333336,-4.5444496432331274,-2.9430902706052473,5.1321897198487125,12.19403373262503
non_overheated,A,ALL,volatility_regime,UNKNOWN,10,61,12,12,1,1,0,0,0,0,0.12615296245930283,-2.1380384016606131,33.333333333333329,0.12615296245930305,33.333333333333329,-10.971049245525789,-6.5560142862929878,7.1173017053437535,8.7378444484543927
non_overheated,A,ALL,volatility_regime,UNKNOWN,20,61,12,12,1,1,0,0,0,0,-0.92289976804696361,-3.8486136856268454,16.666666666666664,-0.9228997680469635,16.666666666666664,-8.7045629325813927,-5.6539956442849064,-0.72306010928961661,15.307741007194254
non_overheated,A,ALL,joint_regime,BEAR_HIGH,5,125,531,523,112,110,0,0,0,8,0.90305938238302907,-0.95602294455067183,44.933078393881452,1.4831660975369172,48.075893803166522,-11.212355212355209,-5.660019440046665,4.7839026291700781,13.240158681721088
non_overheated,A,ALL,joint_regime,BEAR_HIGH,10,125,531,521,112,110,0,2,0,8,0.69440291907664242,-0.81775700934579865,45.489443378119006,1.1510751545512528,46.97188669915942,-15.480427046263346,-8.3854818523153902,7.5196408529741854,18.063068035471176
non_overheated,A,ALL,joint_regime,BEAR_HIGH,20,125,531,493,112,104,0,2,0,36,2.9791877431477225,0.75809786354239506,51.115618661257614,3.3820275627672669,51.488087233279543,-19.406751538004293,-9.6459096459096454,10.895522388059709,28.587009096188606
non_overheated,A,ALL,joint_regime,BEAR_LOW,5,89,427,418,87,85,0,3,0,6,-1.053853355140733,-1.104528650646952,44.976076555023923,-0.8756700488521616,44.762773174537877,-9.5151393489157012,-5.3891197501578558,2.9552155541316298,7.1437098501173839
non_overheated,A,ALL,joint_regime,BEAR_LOW,10,89,427,412,87,84,0,5,0,10,-0.4514024890043638,-0.81470245505261274,45.145631067961169,-0.51311506036708565,46.56111084682513,-11.808325035829466,-6.6398775353999273,4.4923423869944523,11.781336484272567
non_overheated,A,ALL,joint_regime,BEAR_LOW,20,89,427,409,87,83,0,5,0,13,1.2921742115887525,-0.98360655737704805,45.47677261613692,1.3155408582172055,47.419976275397971,-15.684171650674816,-7.6215505913271988,8.1508515815085207,19.162442262350968
non_overheated,A,ALL,joint_regime,BEAR_UNKNOWN,5,6,0,0,0,0,0,0,0,0,,,,,,,,,
non_overheated,A,ALL,joint_regime,BEAR_UNKNOWN,10,6,0,0,0,0,0,0,0,0,,,,,,,,,
non_overheated,A,ALL,joint_regime,BEAR_UNKNOWN,20,6,0,0,0,0,0,0,0,0,,,,,,,,,
non_overheated,A,ALL,joint_regime,BULL_HIGH,5,141,1952,1898,141,138,45,1,0,8,1.7046922156984863,-0.10263945062352615,48.998946259220233,1.2338611348987072,48.065102388593402,-9.172338639083911,-4.5257834130380035,5.3322148587095501,13.697259023511695
non_overheated,A,ALL,joint_regime,BULL_HIGH,10,141,1952,1838,141,133,50,3,0,61,2.6482764001602415,0,49.891186071817195,2.8542286928985825,50.248837024566328,-12.685460688890007,-6.1164914757617677,7.4834757799493721,19.21461562781543
non_overheated,A,ALL,joint_regime,BULL_HIGH,20,141,1952,1810,141,131,61,7,0,74,4.8219782024210476,0.4843324889764466,51.104972375690608,4.5626509980541048,49.086972183564455,-17.064353836313469,-8.5538510706295945,12.819219125979973,28.990774366027441
non_overheated,A,ALL,joint_regime,BULL_LOW,5,45,484,481,45,44,0,1,0,2,1.7824028676597812,0.25100401606426009,51.143451143451145,1.6827460439442261,51.507634776175458,-7.641509433962268,-3.5449735449735398,4.674905964535192,10.546670847705665
non_overheated,A,ALL,joint_regime,BULL_LOW,10,45,484,481,45,44,0,1,0,2,2.1589042293189826,-0.26809651474530838,48.648648648648653,2.1866720621995763,48.717407857958101,-10.09316770186336,-5.9192200557103059,6.8014705882353033,17.132216014897583
non_overheated,A,ALL,joint_regime,BULL_LOW,20,45,484,481,45,44,0,1,0,2,5.4824971552705914,1.5306122448979664,54.469854469854475,5.5446406700542763,56.063297746910187,-13.04909560723514,-5.762081784386619,12.184615384615396,29.985652797704443
non_overheated,A,ALL,joint_regime,BULL_UNKNOWN,5,4,0,0,0,0,0,0,0,0,,,,,,,,,
non_overheated,A,ALL,joint_regime,BULL_UNKNOWN,10,4,0,0,0,0,0,0,0,0,,,,,,,,,
non_overheated,A,ALL,joint_regime,BULL_UNKNOWN,20,4,0,0,0,0,0,0,0,0,,,,,,,,,
non_overheated,A,ALL,joint_regime,NEUTRAL_HIGH,5,129,1243,1206,128,123,18,0,0,19,2.2245153099998407,0.18221164965144249,50.580431177446108,2.1955527467253075,51.317740937337405,-8.5740097098091148,-4.3219009093588916,5.5207590258195101,15.025556866164081
non_overheated,A,ALL,joint_regime,NEUTRAL_HIGH,10,129,1243,1173,128,118,40,1,0,29,4.0974992359464455,0.80000000000000071,52.855924978687128,3.5370693548466101,51.733081310578676,-10.608999145264361,-5.1229508196721341,9.4577553593947048,21.869439919809547
non_overheated,A,ALL,joint_regime,NEUTRAL_HIGH,20,129,1243,966,128,101,142,3,0,132,8.5956783464047426,2.7137241906234788,56.832298136645967,6.9602759831570502,53.997532326464359,-14.467677206615376,-6.7372022961239892,17.286762063078442,40.145192283902247
non_overheated,A,ALL,joint_regime,NEUTRAL_LOW,5,82,660,646,82,80,10,1,0,3,0.09031038547787619,-0.43269410489327198,45.201238390092882,0.079766683748326225,45.198076959590118,-8.6872282036575932,-4.9077847791024922,3.3852463140945033,8.4390708452083167
non_overheated,A,ALL,joint_regime,NEUTRAL_LOW,10,82,660,621,82,76,19,2,0,18,1.0990659467726094,-1.3207547169811318,43.156199677938808,0.74567989037201543,43.155168738617498,-11.350455675227831,-6.7720090293453712,5.5928411633109576,14.0304781923279
non_overheated,A,ALL,joint_regime,NEUTRAL_LOW,20,82,660,591,82,72,19,2,0,48,2.2477457681937234,-1.2569832402234635,45.854483925549914,1.3109972353246866,44.525748577283665,-15.156507413509058,-8.365899968755258,8.0019483433808603,20.30323005932761
non_overheated,A,ALL,joint_regime,NEUTRAL_UNKNOWN,5,31,12,12,1,1,0,0,0,0,2.1652466988898587,0.92975609756097422,58.333333333333336,2.1652466988898591,58.333333333333336,-4.5444496432331274,-2.9430902706052473,5.1321897198487125,12.19403373262503
non_overheated,A,ALL,joint_regime,NEUTRAL_UNKNOWN,10,31,12,12,1,1,0,0,0,0,0.12615296245930283,-2.1380384016606131,33.333333333333329,0.12615296245930305,33.333333333333329,-10.971049245525789,-6.5560142862929878,7.1173017053437535,8.7378444484543927
non_overheated,A,ALL,joint_regime,NEUTRAL_UNKNOWN,20,31,12,12,1,1,0,0,0,0,-0.92289976804696361,-3.8486136856268454,16.666666666666664,-0.9228997680469635,16.666666666666664,-8.7045629325813927,-5.6539956442849064,-0.72306010928961661,15.307741007194254
non_overheated,A,ALL,joint_regime,UNKNOWN_UNKNOWN,5,20,0,0,0,0,0,0,0,0,,,,,,,,,
non_overheated,A,ALL,joint_regime,UNKNOWN_UNKNOWN,10,20,0,0,0,0,0,0,0,0,,,,,,,,,
non_overheated,A,ALL,joint_regime,UNKNOWN_UNKNOWN,20,20,0,0,0,0,0,0,0,0,,,,,,,,,
non_overheated,A,2024,direction,BEAR,5,116,633,616,108,104,0,3,0,14,-0.38860128642606834,-1.1311349109434932,44.155844155844157,0.14389157783383191,46.815185348839194,-9.293634094519053,-5.3530267930403657,3.070396980912987,8.43969663337033
non_overheated,A,2024,direction,BEAR,10,116,633,608,108,103,0,7,0,18,-0.59900879207394464,-1.2582520228018756,42.598684210526315,-0.021081720951825585,44.129538207208121,-13.003511217052429,-7.1172190082020474,4.5907350065189032,12.069055832676595
non_overheated,A,2024,direction,BEAR,20,116,633,577,108,96,0,7,0,49,0.21697148250066584,-1.6329196603527052,44.020797227036397,0.45186719960209665,43.900711556961561,-16.678700361010829,-8.3769633507853367,7.0631970260222943,16.838154897494302
non_overheated,A,2024,direction,BULL,5,20,204,204,16,16,0,0,0,0,0.022978183861269416,-1.2871169998816989,41.666666666666671,0.12353418690807566,42.660505854439677,-7.8837025316455716,-4.6575469268167025,2.665634475566053,8.2942766947843456
non_overheated,A,2024,direction,BULL,10,20,204,204,16,16,0,0,0,0,0.5278652801588638,-2.0734433602463964,40.686274509803923,0.60087886983420979,41.05697050090432,-9.8654507948899788,-6.2900774408337572,3.8931513393221207,12.153684860583509
non_overheated,A,2024,direction,BULL,20,20,204,203,16,16,0,1,0,0,0.56948385421005343,-1.9442096365173245,41.379310344827587,0.90870475983543153,42.256048179761414,-15.384153827531948,-9.1879225971887184,4.7005713119771411,18.952521674113925
non_overheated,A,2024,direction,NEUTRAL,5,88,407,403,58,57,0,1,0,3,-1.0234904352184095,-1.010701545778836,41.687344913151364,-0.9576046925873597,43.320418373049954,-9.3542577823514286,-5.93016989422423,2.2979312424932785,7.6528624363596265
non_overheated,A,2024,direction,NEUTRAL,10,88,407,384,58,53,0,2,0,21,-1.0100042409672096,-2.3689284069981609,36.458333333333329,-0.68171446147493164,37.785913248177394,-11.736903872826201,-8.3324644137952877,3.0610589864512541,10.676748735954375
non_overheated,A,2024,direction,NEUTRAL,20,88,407,372,58,50,0,2,0,33,0.045541810650067516,-2.9506991395083224,39.247311827956985,-0.28626346980430012,39.706164946164954,-17.322039091074231,-9.6300864773246584,5.343531937734836,17.375887440855234
non_overheated,A,2024,direction,UNKNOWN,5,20,0,0,0,0,0,0,0,0,,,,,,,,,
non_overheated,A,2024,direction,UNKNOWN,10,20,0,0,0,0,0,0,0,0,,,,,,,,,
non_overheated,A,2024,direction,UNKNOWN,20,20,0,0,0,0,0,0,0,0,,,,,,,,,
non_overheated,A,2024,volatility_regime,HIGH,5,77,535,527,76,74,0,0,0,8,0.2370340676460381,-1.041666666666663,42.69449715370019,0.90343095226865888,47.197851256674795,-8.9268291109225633,-5.3586359083765576,3.2509315060412769,9.7257599702519251
non_overheated,A,2024,volatility_regime,HIGH,10,77,535,522,76,73,0,2,0,11,-0.033368636903442682,-1.8434924517180542,41.187739463601531,0.48672439415779883,41.713658040410664,-12.853805617428156,-7.6818810976335081,5.282579141580884,14.536452982340512
non_overheated,A,2024,volatility_regime,HIGH,20,77,535,485,76,65,0,3,0,47,1.4555784751307974,-1.4128728414442682,46.185567010309278,1.0215072367561151,44.738798054635161,-16.102195470334067,-8.8940092165898594,7.5136612021857951,20.276922493913013
non_overheated,A,2024,volatility_regime,LOW,5,106,697,684,105,102,0,4,0,9,-1.1667505882454947,-1.1635051510143768,42.836257309941523,-1.0456993486176702,43.819969518498922,-9.2497584139486104,-5.5527361547028473,2.5346275318109068,6.844365312107251
non_overheated,A,2024,volatility_regime,LOW,10,106,697,662,105,98,0,7,0,28,-0.94932003632307138,-1.7631103074141063,39.728096676737159,-0.65658424015143579,42.106908114561179,-11.761594854521343,-7.2014955668493972,3.2052797478329396,10.512707701765278
non_overheated,A,2024,volatility_regime,LOW,20,106,697,655,105,96,0,7,0,35,-0.66739151427866095,-2.4311183144246407,39.389312977099237,-0.22780954991820168,41.158174869112372,-17.244927240401026,-9.0259873342487644,5.3691049699999382,15.581918009956622
non_overheated,A,2024,volatility_regime,UNKNOWN,5,61,12,12,1,1,0,0,0,0,2.1652466988898587,0.92975609756097422,58.333333333333336,2.1652466988898591,58.333333333333336,-4.5444496432331274,-2.9430902706052473,5.1321897198487125,12.19403373262503
non_overheated,A,2024,volatility_regime,UNKNOWN,10,61,12,12,1,1,0,0,0,0,0.12615296245930283,-2.1380384016606131,33.333333333333329,0.12615296245930305,33.333333333333329,-10.971049245525789,-6.5560142862929878,7.1173017053437535,8.7378444484543927
non_overheated,A,2024,volatility_regime,UNKNOWN,20,61,12,12,1,1,0,0,0,0,-0.92289976804696361,-3.8486136856268454,16.666666666666664,-0.9228997680469635,16.666666666666664,-8.7045629325813927,-5.6539956442849064,-0.72306010928961661,15.307741007194254
non_overheated,A,2024,joint_regime,BEAR_HIGH,5,49,299,291,48,46,0,0,0,8,0.66875801939979451,-1.0226442658875068,43.298969072164951,1.5114313296511597,47.60643342165082,-8.9276807980049888,-5.0418522960403056,3.5954881886273937,9.7982708933717522
non_overheated,A,2024,joint_regime,BEAR_HIGH,10,49,299,289,48,46,0,2,0,8,-0.13570037573476854,-1.7570074196207708,41.868512110726641,0.55814683242666729,42.629459912068604,-13.400940037031761,-8.0802603036876359,5.8078141499471991,14.387755102040808
non_overheated,A,2024,joint_regime,BEAR_HIGH,20,49,299,261,48,40,0,2,0,36,0.5381802948572082,-0.77619663648124115,47.892720306513411,0.82793773429651174,46.616050616050622,-19.058295964125559,-9.2882991556091703,7.5136612021857951,16.970387243735765
non_overheated,A,2024,joint_regime,BEAR_LOW,5,61,334,325,60,58,0,3,0,6,-1.3353445417963024,-1.2131715771230511,44.92307692307692,-0.94070891498680731,46.187643773850674,-9.8074067544499322,-5.5198973042361992,2.8019925280199143,6.8165610279258741
non_overheated,A,2024,joint_regime,BEAR_LOW,10,61,334,319,60,57,0,5,0,10,-1.0187458839925088,-1.0040059866366249,43.260188087774296,-0.48852932543271499,45.340127708548756,-11.333391002246753,-6.6310352996920177,3.4005442272207032,10.404509102711744
non_overheated,A,2024,joint_regime,BEAR_LOW,20,61,334,316,60,56,0,5,0,13,-0.048330732768503616,-1.8926505028240836,40.822784810126585,0.18324538910608584,41.961183657612224,-15.474029981876392,-7.6996864972133121,6.9646648756839857,16.50856164383562
non_overheated,A,2024,joint_regime,BEAR_UNKNOWN,5,6,0,0,0,0,0,0,0,0,,,,,,,,,
non_overheated,A,2024,joint_regime,BEAR_UNKNOWN,10,6,0,0,0,0,0,0,0,0,,,,,,,,,
non_overheated,A,2024,joint_regime,BEAR_UNKNOWN,20,6,0,0,0,0,0,0,0,0,,,,,,,,,
non_overheated,A,2024,joint_regime,BULL_HIGH,5,6,81,81,6,6,0,0,0,0,0.48715436232672549,-1.3118062563067578,40.74074074074074,0.44833133533933217,40.276292335115869,-7.8869047619047663,-4.7385620915032725,2.7874564459930307,11.111111111111116
non_overheated,A,2024,joint_regime,BULL_HIGH,10,6,81,81,6,6,0,0,0,0,1.9481888899909889,-0.66030814380043645,46.913580246913575,1.9692056239847302,46.942959001782533,-8.6601307189542513,-5.5499495459132238,6.0747663551401931,14.814814814814811
non_overheated,A,2024,joint_regime,BULL_HIGH,20,6,81,80,6,6,0,1,0,0,4.383811021708512,0.69681219681220197,53.75,4.5517564755993289,53.700874289109578,-11.378475806861069,-8.9544600098895444,7.6006634981932883,27.897850352754148
non_overheated,A,2024,joint_regime,BULL_LOW,5,10,123,123,10,10,0,0,0,0,-0.28269881171354294,-1.1554621848739457,42.276422764227647,-0.071344102150678296,44.091033966033969,-7.7430523638814863,-4.6076118205344851,2.5800523579691093,6.0915890419461673
non_overheated,A,2024,joint_regime,BULL_LOW,10,10,123,123,10,10,0,0,0,0,-0.40746977997448736,-2.9639175257731964,36.585365853658537,-0.22011718265610244,37.525377400377401,-9.907015668494676,-7.2104572289507232,3.0934652807132812,10.240909302917988
non_overheated,A,2024,joint_regime,BULL_LOW,20,10,123,123,10,10,0,0,0,0,-1.9113793441629277,-3.2216494845360821,33.333333333333329,-1.2771262696229067,35.389152514152514,-17.202858584624849,-9.457589361055792,2.7045169456090585,9.4611453558821914
non_overheated,A,2024,joint_regime,BULL_UNKNOWN,5,4,0,0,0,0,0,0,0,0,,,,,,,,,
non_overheated,A,2024,joint_regime,BULL_UNKNOWN,10,4,0,0,0,0,0,0,0,0,,,,,,,,,
non_overheated,A,2024,joint_regime,BULL_UNKNOWN,20,4,0,0,0,0,0,0,0,0,,,,,,,,,
non_overheated,A,2024,joint_regime,NEUTRAL_HIGH,5,22,155,155,22,22,0,0,0,0,-0.7042008602860832,-1.0404624277456698,42.58064516129032,-0.24372448673220906,48.231240981240987,-9.450395227474413,-5.8218013445993648,2.8706435048617918,8.2180810999575407
non_overheated,A,2024,joint_regime,NEUTRAL_HIGH,10,22,155,152,22,21,0,0,0,3,-0.89476526293104652,-2.5502261625262426,36.84210526315789,-0.093290822000750381,38.213529856387005,-11.22058267261008,-8.0610506686501804,2.5147491016951848,12.224388452929857
non_overheated,A,2024,joint_regime,NEUTRAL_HIGH,20,22,155,144,22,19,0,0,0,11,1.4915668176668353,-3.3306966933432602,38.888888888888893,0.31420642966794982,37.956558061821219,-15.545155502392344,-8.6737549562482901,7.0052937856061197,22.027477598823587
non_overheated,A,2024,joint_regime,NEUTRAL_LOW,5,35,240,236,35,34,0,1,0,3,-1.3953325103192984,-1.1219126335115404,40.254237288135592,-1.5113757490664932,39.701270951270956,-9.6029117819693202,-6.1001772091237854,1.961894132653053,6.8784709913742184
non_overheated,A,2024,joint_regime,NEUTRAL_LOW,10,35,240,220,35,31,0,2,0,18,-1.1515961096154594,-2.2053500875840628,36.363636363636367,-1.1063842631811267,37.639869091481998,-12.081189494124812,-8.6747243900802822,2.9731640458885602,10.474135593016031
non_overheated,A,2024,joint_regime,NEUTRAL_LOW,20,35,240,216,35,30,0,2,0,22,-0.86467255076683169,-2.7482890679012826,40.74074074074074,-0.64533986286196976,41.582232582232578,-19.919672227443606,-10.529330198348102,4.9982271861011451,15.68254276898694
non_overheated,A,2024,joint_regime,NEUTRAL_UNKNOWN,5,31,12,12,1,1,0,0,0,0,2.1652466988898587,0.92975609756097422,58.333333333333336,2.1652466988898591,58.333333333333336,-4.5444496432331274,-2.9430902706052473,5.1321897198487125,12.19403373262503
non_overheated,A,2024,joint_regime,NEUTRAL_UNKNOWN,10,31,12,12,1,1,0,0,0,0,0.12615296245930283,-2.1380384016606131,33.333333333333329,0.12615296245930305,33.333333333333329,-10.971049245525789,-6.5560142862929878,7.1173017053437535,8.7378444484543927
non_overheated,A,2024,joint_regime,NEUTRAL_UNKNOWN,20,31,12,12,1,1,0,0,0,0,-0.92289976804696361,-3.8486136856268454,16.666666666666664,-0.9228997680469635,16.666666666666664,-8.7045629325813927,-5.6539956442849064,-0.72306010928961661,15.307741007194254
non_overheated,A,2024,joint_regime,UNKNOWN_UNKNOWN,5,20,0,0,0,0,0,0,0,0,,,,,,,,,
non_overheated,A,2024,joint_regime,UNKNOWN_UNKNOWN,10,20,0,0,0,0,0,0,0,0,,,,,,,,,
non_overheated,A,2024,joint_regime,UNKNOWN_UNKNOWN,20,20,0,0,0,0,0,0,0,0,,,,,,,,,
non_overheated,A,2025,direction,BEAR,5,40,159,159,38,38,0,0,0,0,-0.060555016044210264,0,46.540880503144656,-0.067261253426811871,46.152882205513784,-9.9062570320462768,-4.8285504462772577,3.6057977241747086,8.2944379618825295
non_overheated,A,2025,direction,BEAR,10,40,159,159,38,38,0,0,0,0,0.67808993434961384,0.1366120218579292,50.314465408805034,0.18554834417370253,51.368003341687555,-15.335385198162788,-7.1931898946824333,6.734330259943011,16.828028064992619
non_overheated,A,2025,direction,BEAR,20,40,159,159,38,38,0,0,0,0,4.5624050899059432,2.1493212669683186,55.345911949685537,4.2036319885573468,57.414369256474508,-16.07676465081445,-6.4973440742955688,12.391186007431777,22.931485058516085
non_overheated,A,2025,direction,BULL,5,104,1380,1368,104,102,0,2,0,10,1.3495082833092313,-0.30108472057344116,47.73391812865497,1.1503725282734385,47.524384858199383,-7.9124034784662829,-3.9757503792030633,4.5251306756124263,10.774517762807157
non_overheated,A,2025,direction,BULL,10,104,1380,1315,104,98,0,2,0,63,2.2657000074070068,-0.1074113856068703,49.201520912547529,2.1202451550366885,49.45719249580258,-10.164165704758243,-5.5385139740967988,6.2953763650996697,16.528600430503332
non_overheated,A,2025,direction,BULL,20,104,1380,1300,104,97,0,4,0,76,5.7335737251611008,2.1411933789275417,56.615384615384613,5.453370985633935,55.882011718046797,-11.694370084891409,-5.2202215777504248,12.535058806669879,27.301610145586633
non_overheated,A,2025,direction,NEUTRAL,5,98,993,974,98,95,0,0,0,19,1.2402290131520519,0.17467382026582484,50.308008213552355,1.325396213995004,50.770639300635978,-7.8885785613980319,-3.8741696914049579,4.5325917252146795,10.779088329543553
non_overheated,A,2025,direction,NEUTRAL,10,98,993,967,98,94,0,0,0,26,2.7461309766387059,0,49.741468459152017,2.5348175483852806,49.916497424920287,-9.9719833128553876,-5.1730495105958401,7.4856321839080415,17.648730314369761
non_overheated,A,2025,direction,NEUTRAL,20,98,993,845,98,85,0,1,0,147,4.5495834601091865,0.66280033140015948,51.242603550295861,3.4899215819280163,48.850488667325301,-14.005128667184326,-7.321965897693083,11.78529754959159,26.219415054109515
non_overheated,A,2025,direction,UNKNOWN,5,0,0,0,0,0,0,0,0,0,,,,,,,,,
non_overheated,A,2025,direction,UNKNOWN,10,0,0,0,0,0,0,0,0,0,,,,,,,,,
non_overheated,A,2025,direction,UNKNOWN,20,0,0,0,0,0,0,0,0,0,,,,,,,,,
non_overheated,A,2025,volatility_regime,HIGH,5,134,1677,1649,133,129,0,1,0,27,1.0679167393997571,-0.248756218905477,47.665251667677381,0.9837416740802799,48.289525730703431,-8.2174790272910716,-4.1425020712510303,4.3868921775898517,10.773437373786333
non_overheated,A,2025,volatility_regime,HIGH,10,134,1677,1589,133,124,0,1,0,87,2.2525459646866794,-0.1144164759725452,49.276274386406541,2.2498296689625197,50.668747288095851,-10.177883242934632,-5.294117647058826,6.25,15.892269444048857
non_overheated,A,2025,volatility_regime,HIGH,20,134,1677,1478,133,117,0,4,0,195,4.7985972264660148,1.2349600242209435,53.856562922868747,4.4097669844924035,52.113508233055619,-12.855780506693216,-6.0936395905450302,11.523470784521756,25.385778747458719
non_overheated,A,2025,volatility_regime,LOW,5,108,855,852,107,106,0,1,0,2,1.5064406567557491,0.19103608337712735,50.586854460093903,1.0735097606305763,49.01093107212769,-7.93586234143726,-3.6519728014037938,4.528276333144909,10.519217687074821
non_overheated,A,2025,volatility_regime,LOW,10,108,855,852,107,106,0,1,0,2,2.5392311335965925,0,49.882629107981217,1.6427248383873592,49.132217790484916,-10.786616161616156,-5.6190303724542252,7.4299417608770106,18.180722891566258
non_overheated,A,2025,volatility_regime,LOW,20,108,855,826,107,103,0,1,0,28,5.9699026332687257,2.246902673481832,55.811138014527849,4.5574329946596217,54.925361571375873,-12.696426240692137,-6.2182208976584965,13.880214670424314,28.821848892396652
non_overheated,A,2025,volatility_regime,UNKNOWN,5,0,0,0,0,0,0,0,0,0,,,,,,,,,
non_overheated,A,2025,volatility_regime,UNKNOWN,10,0,0,0,0,0,0,0,0,0,,,,,,,,,
non_overheated,A,2025,volatility_regime,UNKNOWN,20,0,0,0,0,0,0,0,0,0,,,,,,,,,
non_overheated,A,2025,joint_regime,BEAR_HIGH,5,12,66,66,11,11,0,0,0,0,-0.047038199787896598,0,48.484848484848484,1.5740826775436396,57.077922077922075,-10.190264041603507,-5.0248343704466993,3.7937683300870879,8.3829882232179997
non_overheated,A,2025,joint_regime,BEAR_HIGH,10,12,66,66,11,11,0,0,0,0,-0.4725123024579363,-0.31938518352172535,48.484848484848484,2.0278482363428312,56.839826839826834,-15.379279321937588,-8.2823927576017908,6.3985292798852118,16.370333898645072
non_overheated,A,2025,joint_regime,BEAR_HIGH,20,12,66,66,11,11,0,0,0,0,2.7522825030363331,-1.025980299498036,46.969696969696969,5.528169647553808,54.155844155844157,-15.899357111807632,-6.5202096598304475,10.190716758216052,24.134129941136273
non_overheated,A,2025,joint_regime,BEAR_LOW,5,28,93,93,27,27,0,0,0,0,-0.070147595322884324,-0.46838407494145251,45.161290322580641,-0.73595692900736631,41.701940035273367,-8.9996752322490359,-4.7169811320754711,3.5343035343035289,7.9783792914150489
non_overheated,A,2025,joint_regime,BEAR_LOW,10,28,93,93,27,27,0,0,0,0,1.4946463604711018,0.56818181818181213,51.612903225806448,-0.56501827856186826,49.138741916519699,-13.986107586906874,-6.7796610169491567,7.3214285714285667,17.145923601772992
non_overheated,A,2025,joint_regime,BEAR_LOW,20,28,93,93,27,27,0,0,0,0,5.8470082160714716,3.6954087346024567,61.29032258064516,3.6640055348921208,58.741916519694307,-16.372140257986377,-5.8713886300093225,14.464534075104307,22.391796154075127
non_overheated,A,2025,joint_regime,BEAR_UNKNOWN,5,0,0,0,0,0,0,0,0,0,,,,,,,,,
non_overheated,A,2025,joint_regime,BEAR_UNKNOWN,10,0,0,0,0,0,0,0,0,0,,,,,,,,,
non_overheated,A,2025,joint_regime,BEAR_UNKNOWN,20,0,0,0,0,0,0,0,0,0,,,,,,,,,
non_overheated,A,2025,joint_regime,BULL_HIGH,5,69,1019,1010,69,68,0,1,0,8,0.94457385978406716,-0.64533593388039767,45.445544554455445,0.62623133718879398,44.442083309484673,-8.1813902002646124,-4.2668854850474114,4.2444842752944023,10.258688370145501
non_overheated,A,2025,joint_regime,BULL_HIGH,10,69,1019,957,69,64,0,1,0,61,1.9758033359466265,-0.28818443804035082,47.857889237199579,1.7088950410977044,48.101448325660492,-10.115663322185059,-5.6122448979591848,5.8823529411764719,15.225025043256517
non_overheated,A,2025,joint_regime,BULL_HIGH,20,69,1019,942,69,63,0,3,0,74,4.8635510102889974,1.4082049141359687,54.670912951167729,4.3212941813948333,52.50256445917487,-11.718168161814488,-5.626962323390897,11.332665473044019,23.623519728405832
non_overheated,A,2025,joint_regime,BULL_LOW,5,35,361,358,35,34,0,1,0,2,2.4919210424165379,0.73166131756687847,54.189944134078218,2.1986549104427278,53.688987955628832,-7.5449386929090068,-3.1587531373673343,5.7196424326988238,11.770185046884082
non_overheated,A,2025,joint_regime,BULL_LOW,10,35,361,358,35,34,0,1,0,2,3.0406472548583592,0.71525376826635512,52.793296089385478,2.8945512518630121,52.009181521952421,-10.391121134785445,-4.7644709013312028,7.650951199338289,18.194602047966725
non_overheated,A,2025,joint_regime,BULL_LOW,20,35,361,358,35,34,0,1,0,2,8.0228513715564098,4.7681700868121411,61.731843575418999,7.5510427111357998,62.143928697721272,-11.5398898571519,-4.5373569423450633,16.326501586199583,31.700314611036383
non_overheated,A,2025,joint_regime,BULL_UNKNOWN,5,0,0,0,0,0,0,0,0,0,,,,,,,,,
non_overheated,A,2025,joint_regime,BULL_UNKNOWN,10,0,0,0,0,0,0,0,0,0,,,,,,,,,
non_overheated,A,2025,joint_regime,BULL_UNKNOWN,20,0,0,0,0,0,0,0,0,0,,,,,,,,,
non_overheated,A,2025,joint_regime,NEUTRAL_HIGH,5,53,592,573,53,50,0,0,0,19,1.4137515289254672,0.40858018386107359,51.483420593368237,1.3400807114907616,51.58860022717284,-7.8565152643335834,-3.8303693570451487,4.7961630695443569,11.446723359875563
non_overheated,A,2025,joint_regime,NEUTRAL_HIGH,10,53,592,566,53,49,0,0,0,26,3.0382288999088987,0.62048840423898355,51.766784452296818,3.0061890963536388,52.636609707010571,-9.497727999357636,-4.4434955878166784,7.5802317046632259,16.655313147075589
non_overheated,A,2025,joint_regime,NEUTRAL_HIGH,20,53,592,470,53,43,0,1,0,121,4.9557680932428436,1.1538461538461495,53.191489361702125,4.2532869217359259,51.021037595935013,-14.352258629497189,-6.9245720040281977,12.552530182378636,27.319300417891974
non_overheated,A,2025,joint_regime,NEUTRAL_LOW,5,45,401,401,45,45,0,0,0,0,0.99227788712171061,0,48.628428927680801,1.3090801056663834,49.861793826706105,-7.9482439926062867,-3.9589442815249232,4.0527803958529729,9.5969289827255277
non_overheated,A,2025,joint_regime,NEUTRAL_LOW,10,45,401,401,45,45,0,0,0,0,2.3338431348159387,-0.9451795841209808,46.882793017456358,2.0215463072641802,46.954597384421945,-10.810810810810812,-5.844155844155841,6.7934782608695565,18.236714975845398
non_overheated,A,2025,joint_regime,NEUTRAL_LOW,20,45,401,375,45,42,0,0,0,26,4.0404987199150044,-0.36832412523020158,48.799999999999997,2.7083808768865842,46.628260002320154,-13.15434038888724,-7.5791810889877471,10.634192932187201,23.878378479843683
non_overheated,A,2025,joint_regime,NEUTRAL_UNKNOWN,5,0,0,0,0,0,0,0,0,0,,,,,,,,,
non_overheated,A,2025,joint_regime,NEUTRAL_UNKNOWN,10,0,0,0,0,0,0,0,0,0,,,,,,,,,
non_overheated,A,2025,joint_regime,NEUTRAL_UNKNOWN,20,0,0,0,0,0,0,0,0,0,,,,,,,,,
non_overheated,A,2025,joint_regime,UNKNOWN_UNKNOWN,5,0,0,0,0,0,0,0,0,0,,,,,,,,,
non_overheated,A,2025,joint_regime,UNKNOWN_UNKNOWN,10,0,0,0,0,0,0,0,0,0,,,,,,,,,
non_overheated,A,2025,joint_regime,UNKNOWN_UNKNOWN,20,0,0,0,0,0,0,0,0,0,,,,,,,,,
non_overheated,A,2026,direction,BEAR,5,64,166,166,53,53,0,0,0,0,1.6915421357047296,-0.96800233631985644,46.385542168674696,1.4397645304175004,46.615004492362992,-16.327082117978104,-8.096091193446556,8.7784162966064496,19.886219889424495
non_overheated,A,2026,direction,BEAR,10,64,166,166,53,53,0,0,0,0,2.6035369963162807,0.33615541193422466,50.602409638554214,1.4837204171554701,48.692722371967662,-19.314256467522803,-10.202171045489788,13.044083120509525,27.694209232450152
non_overheated,A,2026,direction,BEAR,20,64,166,166,53,53,0,0,0,0,6.9073726217692615,3.2899186689096527,57.831325301204814,4.8642168119404419,54.611410601976637,-23.131990707657472,-11.247083615564085,21.817935077624586,38.632877904293991
non_overheated,A,2026,direction,BULL,5,66,852,807,66,64,45,0,0,0,2.7782239450623969,0.79702444208289425,54.27509293680297,1.9531112136741817,52.644761102659935,-11.225151253241146,-5.0617503610826233,7.3273196215440928,19.572637785094898
non_overheated,A,2026,direction,BULL,10,66,852,800,66,63,50,2,0,0,3.5236061636304159,0.897842525560133,52.625,4.1020301552595226,52.745156784354855,-15.956196581196581,-7.711146985864473,11.102702096647615,25.163561455710688
non_overheated,A,2026,direction,BULL,20,66,852,788,66,62,61,3,0,0,4.816764737250228,-1.2068551638944103,46.573604060913702,4.8089549752196339,45.16978305458499,-22.730561661742023,-13.149346378655544,17.302838334050087,36.234773445732358
non_overheated,A,2026,direction,NEUTRAL,5,56,515,487,55,52,28,0,0,0,4.0484035315156355,0.35087719298245718,51.540041067761813,3.9859691614215973,51.803597010938041,-8.8201885707912613,-4.3480383500742681,7.2317567567567567,20.010925281550499
non_overheated,A,2026,direction,NEUTRAL,10,56,515,455,55,48,59,1,0,0,7.0829304755654121,3.278688524590168,59.560439560439562,5.6672921960955724,56.725533167096643,-10.944827586206896,-4.2767167817960132,15.190965257161203,30.377486591078839
non_overheated,A,2026,direction,NEUTRAL,20,56,515,352,55,39,161,2,0,0,16.362013230280741,9.1430808362275329,69.034090909090907,13.1827337051417,65.09414218392547,-14.163422735213331,-3.2982155459219675,26.964118620888222,51.156014782995719
non_overheated,A,2026,direction,UNKNOWN,5,0,0,0,0,0,0,0,0,0,,,,,,,,,
non_overheated,A,2026,direction,UNKNOWN,10,0,0,0,0,0,0,0,0,0,,,,,,,,,
non_overheated,A,2026,direction,UNKNOWN,20,0,0,0,0,0,0,0,0,0,,,,,,,,,
non_overheated,A,2026,volatility_regime,HIGH,5,184,1514,1451,172,168,63,0,0,0,3.1045208058733271,0.61919504643963563,52.653342522398347,2.4387948140955871,50.663242684595424,-10.589812332439674,-5.0686434554553514,7.33142592554199,19.986216402481041
non_overheated,A,2026,volatility_regime,HIGH,10,184,1514,1421,172,164,90,3,0,0,4.5558095979416589,1.6018306636155666,54.609429978888102,3.713994556726691,52.600516799690723,-15.049226441631502,-6.8315665488810406,12.378303198887352,27.978817299205641
non_overheated,A,2026,volatility_regime,HIGH,20,184,1514,1306,172,154,203,5,0,0,8.1942290392233534,2.3770497188675295,54.05819295558959,6.9486059350453688,53.464953613390421,-21.462766363414339,-10.572755417956653,20.706402433886911,42.810304613192912
non_overheated,A,2026,volatility_regime,LOW,5,2,19,9,2,1,10,0,0,0,-1.140494586860382,-3.9272727272727241,22.222222222222221,-1.140494586860382,22.222222222222221,-6.3670381280822257,-5.5269922879177429,-1.8957345971563957,9.2430357953336948
non_overheated,A,2026,volatility_regime,LOW,10,2,19,0,2,0,19,0,0,0,,,,,,,,,
non_overheated,A,2026,volatility_regime,LOW,20,2,19,0,2,0,19,0,0,0,,,,,,,,,
non_overheated,A,2026,volatility_regime,UNKNOWN,5,0,0,0,0,0,0,0,0,0,,,,,,,,,
non_overheated,A,2026,volatility_regime,UNKNOWN,10,0,0,0,0,0,0,0,0,0,,,,,,,,,
non_overheated,A,2026,volatility_regime,UNKNOWN,20,0,0,0,0,0,0,0,0,0,,,,,,,,,
non_overheated,A,2026,joint_regime,BEAR_HIGH,5,64,166,166,53,53,0,0,0,0,1.6915421357047296,-0.96800233631985644,46.385542168674696,1.4397645304175004,46.615004492362992,-16.327082117978104,-8.096091193446556,8.7784162966064496,19.886219889424495
non_overheated,A,2026,joint_regime,BEAR_HIGH,10,64,166,166,53,53,0,0,0,0,2.6035369963162807,0.33615541193422466,50.602409638554214,1.4837204171554701,48.692722371967662,-19.314256467522803,-10.202171045489788,13.044083120509525,27.694209232450152
non_overheated,A,2026,joint_regime,BEAR_HIGH,20,64,166,166,53,53,0,0,0,0,6.9073726217692615,3.2899186689096527,57.831325301204814,4.8642168119404419,54.611410601976637,-23.131990707657472,-11.247083615564085,21.817935077624586,38.632877904293991
non_overheated,A,2026,joint_regime,BEAR_LOW,5,0,0,0,0,0,0,0,0,0,,,,,,,,,
non_overheated,A,2026,joint_regime,BEAR_LOW,10,0,0,0,0,0,0,0,0,0,,,,,,,,,
non_overheated,A,2026,joint_regime,BEAR_LOW,20,0,0,0,0,0,0,0,0,0,,,,,,,,,
non_overheated,A,2026,joint_regime,BEAR_UNKNOWN,5,0,0,0,0,0,0,0,0,0,,,,,,,,,
non_overheated,A,2026,joint_regime,BEAR_UNKNOWN,10,0,0,0,0,0,0,0,0,0,,,,,,,,,
non_overheated,A,2026,joint_regime,BEAR_UNKNOWN,20,0,0,0,0,0,0,0,0,0,,,,,,,,,
non_overheated,A,2026,joint_regime,BULL_HIGH,5,66,852,807,66,64,45,0,0,0,2.7782239450623969,0.79702444208289425,54.27509293680297,1.9531112136741817,52.644761102659935,-11.225151253241146,-5.0617503610826233,7.3273196215440928,19.572637785094898
non_overheated,A,2026,joint_regime,BULL_HIGH,10,66,852,800,66,63,50,2,0,0,3.5236061636304159,0.897842525560133,52.625,4.1020301552595226,52.745156784354855,-15.956196581196581,-7.711146985864473,11.102702096647615,25.163561455710688
non_overheated,A,2026,joint_regime,BULL_HIGH,20,66,852,788,66,62,61,3,0,0,4.816764737250228,-1.2068551638944103,46.573604060913702,4.8089549752196339,45.16978305458499,-22.730561661742023,-13.149346378655544,17.302838334050087,36.234773445732358
non_overheated,A,2026,joint_regime,BULL_LOW,5,0,0,0,0,0,0,0,0,0,,,,,,,,,
non_overheated,A,2026,joint_regime,BULL_LOW,10,0,0,0,0,0,0,0,0,0,,,,,,,,,
non_overheated,A,2026,joint_regime,BULL_LOW,20,0,0,0,0,0,0,0,0,0,,,,,,,,,
non_overheated,A,2026,joint_regime,BULL_UNKNOWN,5,0,0,0,0,0,0,0,0,0,,,,,,,,,
non_overheated,A,2026,joint_regime,BULL_UNKNOWN,10,0,0,0,0,0,0,0,0,0,,,,,,,,,
non_overheated,A,2026,joint_regime,BULL_UNKNOWN,20,0,0,0,0,0,0,0,0,0,,,,,,,,,
non_overheated,A,2026,joint_regime,NEUTRAL_HIGH,5,54,496,478,53,51,18,0,0,0,4.1461024500624646,0.53536335471057184,52.09205020920502,4.0864880584467338,52.383623967579531,-8.866175201512954,-4.2176615071886863,7.2476351351351322,20.312603855101365
non_overheated,A,2026,joint_regime,NEUTRAL_HIGH,10,54,496,455,53,48,40,1,0,0,7.0829304755654121,3.278688524590168,59.560439560439562,5.6672921960955724,56.725533167096643,-10.944827586206896,-4.2767167817960132,15.190965257161203,30.377486591078839
non_overheated,A,2026,joint_regime,NEUTRAL_HIGH,20,54,496,352,53,39,142,2,0,0,16.362013230280741,9.1430808362275329,69.034090909090907,13.1827337051417,65.09414218392547,-14.163422735213331,-3.2982155459219675,26.964118620888222,51.156014782995719
non_overheated,A,2026,joint_regime,NEUTRAL_LOW,5,2,19,9,2,1,10,0,0,0,-1.140494586860382,-3.9272727272727241,22.222222222222221,-1.140494586860382,22.222222222222221,-6.3670381280822257,-5.5269922879177429,-1.8957345971563957,9.2430357953336948
non_overheated,A,2026,joint_regime,NEUTRAL_LOW,10,2,19,0,2,0,19,0,0,0,,,,,,,,,
non_overheated,A,2026,joint_regime,NEUTRAL_LOW,20,2,19,0,2,0,19,0,0,0,,,,,,,,,
non_overheated,A,2026,joint_regime,NEUTRAL_UNKNOWN,5,0,0,0,0,0,0,0,0,0,,,,,,,,,
non_overheated,A,2026,joint_regime,NEUTRAL_UNKNOWN,10,0,0,0,0,0,0,0,0,0,,,,,,,,,
non_overheated,A,2026,joint_regime,NEUTRAL_UNKNOWN,20,0,0,0,0,0,0,0,0,0,,,,,,,,,
non_overheated,A,2026,joint_regime,UNKNOWN_UNKNOWN,5,0,0,0,0,0,0,0,0,0,,,,,,,,,
non_overheated,A,2026,joint_regime,UNKNOWN_UNKNOWN,10,0,0,0,0,0,0,0,0,0,,,,,,,,,
non_overheated,A,2026,joint_regime,UNKNOWN_UNKNOWN,20,0,0,0,0,0,0,0,0,0,,,,,,,,,
non_overheated,B,ALL,direction,BEAR,5,220,2531,2504,204,200,0,0,0,27,-0.63460691131965263,-0.50955689629592626,46.126198083067095,-0.70839612669849583,43.993149253291264,-11.407343621193901,-5.0212112599904355,3.3979997031099165,8.6985897688906508
non_overheated,B,ALL,direction,BEAR,10,220,2531,2498,204,199,0,5,0,28,-0.6112117600250051,-0.69818447666626371,46.036829463570854,-0.93339532185391094,43.941872078587309,-15.098385631620735,-7.3387465082576284,4.9527106231667171,13.134134395095666
non_overheated,B,ALL,direction,BEAR,20,220,2531,2466,204,193,0,10,0,55,0.2370111454377927,-1.1491006719286379,45.296025952960264,-0.10707923253458258,45.622053263685096,-19.976129060227386,-9.2871792738686807,7.5971433190885067,19.41141799221672
non_overheated,B,ALL,direction,BULL,5,190,2107,2012,183,179,62,0,0,33,1.669494477233443,0,49.155069582504964,1.1683883895300806,47.604260938195615,-7.7518853735546331,-3.672152695497632,4.76933768697877,12.192946171011814
non_overheated,B,ALL,direction,BULL,10,190,2107,1953,183,174,77,1,0,76,2.2191627983146396,0,49.769585253456221,1.2770693181467907,46.545979348531176,-11.534434152235201,-5.7395143487858684,6.6246056782334417,15.897071706641924
non_overheated,B,ALL,direction,BULL,20,190,2107,1916,183,172,93,3,0,95,4.0724018715515191,0.37253057123667332,51.304801670146141,2.6873362830138716,47.672714378412437,-14.738293471920244,-7.1428571428571397,10.512811823766622,25.593068297655453
non_overheated,B,ALL,direction,NEUTRAL,5,242,3294,3217,211,204,32,0,0,45,1.7916604985931435,0.30959752321981782,51.818464407833389,1.4393158532800845,50.208987895455138,-7.1679660672391714,-3.3766233766233777,4.8681541582150212,11.612032758086364
non_overheated,B,ALL,direction,NEUTRAL,10,242,3294,3108,211,195,84,2,0,100,3.7091214230420935,0.76094614026114271,53.410553410553405,3.0686756949182317,51.574543274671548,-10.016511015184841,-4.6542899542687532,8.375165303754077,19.725563682524331
non_overheated,B,ALL,direction,NEUTRAL,20,242,3294,2705,211,174,213,10,0,366,6.4034740211648957,1.4354066985645897,54.011090573012943,4.0641529042863391,49.514298295757634,-13.655096368105488,-6.6580478345184204,13.057324840764339,31.992739061704583
non_overheated,B,ALL,direction,UNKNOWN,5,20,0,0,0,0,0,0,0,0,,,,,,,,,
non_overheated,B,ALL,direction,UNKNOWN,10,20,0,0,0,0,0,0,0,0,,,,,,,,,
non_overheated,B,ALL,direction,UNKNOWN,20,20,0,0,0,0,0,0,0,0,,,,,,,,,
non_overheated,B,ALL,volatility_regime,HIGH,5,395,5216,5056,386,376,86,0,0,74,1.2559097764907208,0,49.723101265822784,0.749973615951254,47.175940434896248,-9.0496715927750433,-4.0098911183632149,4.9847141698161792,12.356585089211713
non_overheated,B,ALL,volatility_regime,HIGH,10,395,5216,4932,386,366,139,4,0,141,2.3300900974766243,0.27211337687146342,50.70965125709651,1.1919717108088581,47.052666056930697,-12.882473382473384,-6.035395967270599,7.5128877842216664,18.415616639636269
non_overheated,B,ALL,volatility_regime,HIGH,20,395,5216,4561,386,341,284,15,0,356,4.4577842005473434,0.58651026392961825,51.326463494847616,2.4164393109304987,47.868531773698024,-17.109826589595379,-7.6923076923076863,11.671469740634,29.032258064516125
non_overheated,B,ALL,volatility_regime,LOW,5,216,2704,2665,211,206,8,0,0,31,0.44402670180896936,-0.1091703056768533,48.517823639774861,0.38373130838445807,47.528830836960175,-7.6552296844387406,-3.6977491961414759,3.5256410256410358,8.3624621759673818
non_overheated,B,ALL,volatility_regime,LOW,10,216,2704,2615,211,201,22,4,0,63,1.0965877360069696,-0.14749262536872801,48.87189292543021,0.99815423672122761,48.030811502525452,-10.343767778616902,-5.1400671603737909,5.4941278673381948,13.210125929427948
non_overheated,B,ALL,volatility_regime,LOW,20,216,2704,2514,211,197,22,8,0,160,2.1442682224192491,-0.38344309851425223,48.289578361177405,1.6542316165304098,46.939501124918593,-14.516247139588103,-7.5203744161344055,8.2612154767896868,20.556424660456528
non_overheated,B,ALL,volatility_regime,UNKNOWN,5,61,12,12,1,1,0,0,0,0,0.044001330452589117,-1.2010729187363398,33.333333333333329,0.04400133045258927,33.333333333333329,-4.399888070471536,-3.3832898769641546,1.863914178414694,2.5711640460722536
non_overheated,B,ALL,volatility_regime,UNKNOWN,10,61,12,12,1,1,0,0,0,0,-2.0344949193402022,-3.8194799295974526,25,-2.0344949193402022,25,-11.635588536810708,-10.059389513603032,0.25150460390452323,7.1982157444664523
non_overheated,B,ALL,volatility_regime,UNKNOWN,20,61,12,12,1,1,0,0,0,0,-1.1712793387565437,0.87145245894129086,50,-1.1712793387565437,50,-12.740460600587047,-9.3037628999338793,5.396865951285978,9.6505951774206338
non_overheated,B,ALL,joint_regime,BEAR_HIGH,5,125,1340,1326,117,115,0,0,0,14,-1.4493131065566316,-1.4822790322008172,41.025641025641022,-1.15139211465296,40.737418473206851,-13.842033280145881,-6.7647193368975431,3.1440484761219079,9.4875804529201417
non_overheated,B,ALL,joint_regime,BEAR_HIGH,10,125,1340,1324,117,115,0,2,0,14,-2.0557820068915507,-2.2589027134481685,40.936555891238669,-1.9273433005275804,40.099501729835005,-18.178423067938287,-10.113038277511963,4.3064462127553824,13.060578163257869
non_overheated,B,ALL,joint_regime,BEAR_HIGH,20,125,1340,1293,117,109,0,6,0,41,-1.1201946486322352,-2.4967148488830526,40.680587780355758,-1.0762781869774916,43.035127629818028,-23.957647344552022,-11.657662780779075,6.8757539203859963,18.901701995528239
non_overheated,B,ALL,joint_regime,BEAR_LOW,5,89,1191,1178,87,85,0,0,0,13,0.28245625921025758,0.24760138552555316,51.867572156196943,-0.10904861358363252,48.397961485170178,-8.1194108827938987,-3.4819456608143762,3.5127186246589281,7.5954554985798337
non_overheated,B,ALL,joint_regime,BEAR_LOW,10,89,1191,1174,87,84,0,3,0,14,1.0179287909556649,0.46789298634612997,51.788756388415671,0.42736679180647019,49.20226005604583,-10.616326624391137,-4.6664074650077749,5.7187069484060054,13.186006084311165
non_overheated,B,ALL,joint_regime,BEAR_LOW,20,89,1191,1173,87,84,0,4,0,14,1.7330615220213779,0.13642564802183171,50.38363171355499,1.1505717916830018,48.978897240964962,-14.94005413726601,-6.6437571592210753,8.5450346420323342,19.63600084650966
non_overheated,B,ALL,joint_regime,BEAR_UNKNOWN,5,6,0,0,0,0,0,0,0,0,,,,,,,,,
non_overheated,B,ALL,joint_regime,BEAR_UNKNOWN,10,6,0,0,0,0,0,0,0,0,,,,,,,,,
non_overheated,B,ALL,joint_regime,BEAR_UNKNOWN,20,6,0,0,0,0,0,0,0,0,,,,,,,,,
non_overheated,B,ALL,joint_regime,BULL_HIGH,5,141,1709,1625,140,137,62,0,0,22,1.6878602151863795,-0.14825796886582801,48.553846153846152,1.101217114107778,46.70852012057523,-8.1542362636287038,-3.7891268533772671,5.0349650349650332,12.664970821487355
non_overheated,B,ALL,joint_regime,BULL_HIGH,10,141,1709,1566,140,132,77,1,0,65,2.238113384031386,-0.19730083123190573,48.978288633461048,1.1570887304414961,45.481736459554909,-11.975166112095863,-5.974845752254387,6.6457322110916035,16.134299985844002
non_overheated,B,ALL,joint_regime,BULL_HIGH,20,141,1709,1529,140,130,93,3,0,84,4.212932574683669,0.36900369003689532,51.079136690647488,2.5474029711359685,46.979154849790994,-15.535602848594976,-7.3959938366717983,11.149825783972124,26.952106430155204
non_overheated,B,ALL,joint_regime,BULL_LOW,5,45,398,387,43,42,0,0,0,11,1.5923773605059961,0.34324942791761343,51.679586563307488,1.3874946926933054,50.526082176623973,-6.705056209306556,-2.9229639677907038,4.2032629385932108,9.5836226318361639
non_overheated,B,ALL,joint_regime,BULL_LOW,10,45,398,387,43,42,0,0,0,11,2.1424790328561794,0.47244094488187999,52.97157622739018,1.6541511652205743,49.890742713885125,-9.1480132291616769,-4.9448976670960372,6.351459221618672,14.828755491461452
non_overheated,B,ALL,joint_regime,BULL_LOW,20,45,398,387,43,42,0,0,0,11,3.5171784992283719,0.44247787610618422,52.196382428940566,3.1204632007311903,49.819446252716929,-12.245183999129106,-6.2364192296156311,8.8524234761716123,22.069619839036843
non_overheated,B,ALL,joint_regime,BULL_UNKNOWN,5,4,0,0,0,0,0,0,0,0,,,,,,,,,
non_overheated,B,ALL,joint_regime,BULL_UNKNOWN,10,4,0,0,0,0,0,0,0,0,,,,,,,,,
non_overheated,B,ALL,joint_regime,BULL_UNKNOWN,20,4,0,0,0,0,0,0,0,0,,,,,,,,,
non_overheated,B,ALL,joint_regime,NEUTRAL_HIGH,5,129,2167,2105,129,124,24,0,0,38,2.6265539950372023,0.91463414634145324,56.104513064133023,2.1252695818548091,53.663574375672518,-6.6211538461538471,-2.8625954198473247,5.805515239477498,13.536209642728432
non_overheated,B,ALL,joint_regime,NEUTRAL_HIGH,10,129,2167,2042,129,119,62,1,0,62,5.2443556211978333,1.9822526379554617,58.374142997061703,4.2451295235162716,55.514654329784541,-9.5754945563358937,-3.9870719646717205,10.550004782330387,22.518691989945754
non_overheated,B,ALL,joint_regime,NEUTRAL_HIGH,20,129,2167,1739,129,102,191,6,0,231,8.8204666547938952,3.4188034188034289,59.45945945945946,5.9819386388252047,54.167159732431699,-12.595778341639127,-5.1813377846517508,16.264875231441589,35.729099265010866
non_overheated,B,ALL,joint_regime,NEUTRAL_LOW,5,82,1115,1100,81,79,8,0,0,7,0.21304331677763602,-0.63958892574694781,43.81818181818182,0.38029119732516842,45.000214870330666,-7.7142584509385603,-4.1192642140277318,3.2686202686202646,8.8347586292371503
non_overheated,B,ALL,joint_regime,NEUTRAL_LOW,10,82,1115,1054,81,75,22,1,0,38,0.80017945290411152,-0.94428790526803741,44.117647058823529,1.270077895066122,45.677227644221205,-10.325813048354117,-5.542818366127328,4.7844031563042062,12.652337260082351
non_overheated,B,ALL,joint_regime,NEUTRAL_LOW,20,82,1115,954,81,71,22,4,0,135,2.0929361285424903,-1.7621268482925223,44.129979035639408,1.3827625848508247,42.823064940194286,-15.032890396758084,-8.8896726175998424,7.5704336458709003,22.077302849569264
non_overheated,B,ALL,joint_regime,NEUTRAL_UNKNOWN,5,31,12,12,1,1,0,0,0,0,0.044001330452589117,-1.2010729187363398,33.333333333333329,0.04400133045258927,33.333333333333329,-4.399888070471536,-3.3832898769641546,1.863914178414694,2.5711640460722536
non_overheated,B,ALL,joint_regime,NEUTRAL_UNKNOWN,10,31,12,12,1,1,0,0,0,0,-2.0344949193402022,-3.8194799295974526,25,-2.0344949193402022,25,-11.635588536810708,-10.059389513603032,0.25150460390452323,7.1982157444664523
non_overheated,B,ALL,joint_regime,NEUTRAL_UNKNOWN,20,31,12,12,1,1,0,0,0,0,-1.1712793387565437,0.87145245894129086,50,-1.1712793387565437,50,-12.740460600587047,-9.3037628999338793,5.396865951285978,9.6505951774206338
non_overheated,B,ALL,joint_regime,UNKNOWN_UNKNOWN,5,20,0,0,0,0,0,0,0,0,,,,,,,,,
non_overheated,B,ALL,joint_regime,UNKNOWN_UNKNOWN,10,20,0,0,0,0,0,0,0,0,,,,,,,,,
non_overheated,B,ALL,joint_regime,UNKNOWN_UNKNOWN,20,20,0,0,0,0,0,0,0,0,,,,,,,,,
non_overheated,B,2024,direction,BEAR,5,116,1335,1308,107,103,0,0,0,27,0.067279416184434546,-0.15331378299120452,48.241590214067273,-0.14329650810148084,46.100779645047488,-8.7163883118232732,-4.1116272632116173,3.3232247276613003,7.7487721912342717
non_overheated,B,2024,direction,BEAR,10,116,1335,1302,107,102,0,5,0,28,-0.82718152601745476,-1.3614311352978636,42.780337941628268,-0.61176517682857168,42.974511441795968,-12.652654221021653,-6.8384051786940878,3.8547135357224489,11.038953828760642
non_overheated,B,2024,direction,BEAR,20,116,1335,1274,107,96,0,6,0,55,-1.3015862787382975,-2.0243246787306601,40.188383045525903,-0.8942240138917521,43.053367498520906,-17.67947697078915,-9.1440167013267573,4.77363692100446,13.795835378251416
non_overheated,B,2024,direction,BULL,5,20,134,134,16,16,0,0,0,0,0.93585797589968267,0.60898386339486299,52.985074626865668,0.82426323617037744,54.95483989050166,-6.6466065540996153,-3.0627019667420932,3.4820841551610804,7.0092454362117271
non_overheated,B,2024,direction,BULL,10,20,134,134,16,16,0,0,0,0,0.36349923894449598,-0.72562553925797912,46.268656716417908,0.20256070579270569,44.657578940667179,-8.933118739623179,-5.3871542629027651,3.9511167814324177,11.664459745762711
non_overheated,B,2024,direction,BULL,20,20,134,134,16,16,0,0,0,0,0.8389458833286294,-0.2928297755883934,47.761194029850742,0.86883694977215997,48.842150496562262,-13.21482156642352,-7.5590408192190504,7.0376210034619522,17.335837846559951
non_overheated,B,2024,direction,NEUTRAL,5,88,726,719,58,57,0,0,0,7,-0.13366019055883785,-0.77777777777777724,42.420027816411682,-0.38824710326508655,40.475502008417116,-7.8701629159644435,-4.2240004325376432,2.7005693992090851,8.1963557312929591
non_overheated,B,2024,direction,NEUTRAL,10,88,726,668,58,53,0,1,0,57,0.34565908672275752,-1.3139443522501848,41.766467065868262,0.076882869336297205,41.016925336724697,-10.34399559151772,-5.8440483148256419,3.8405739839078632,11.805395332327635
non_overheated,B,2024,direction,NEUTRAL,20,88,726,568,58,50,0,2,0,156,-0.71570155187919449,-3.3763428500270587,37.676056338028168,-0.88023886412036034,37.220861566831807,-16.385699921149911,-9.5455591948050422,5.6003411243969632,14.916830629781913
non_overheated,B,2024,direction,UNKNOWN,5,20,0,0,0,0,0,0,0,0,,,,,,,,,
non_overheated,B,2024,direction,UNKNOWN,10,20,0,0,0,0,0,0,0,0,,,,,,,,,
non_overheated,B,2024,direction,UNKNOWN,20,20,0,0,0,0,0,0,0,0,,,,,,,,,
non_overheated,B,2024,volatility_regime,HIGH,5,77,905,891,76,74,0,0,0,14,0.13946794514864158,-0.54446460980036582,45.342312008978674,-0.1407617980772633,44.260225938710477,-8.1542351453855897,-4.3046357615894042,3.2356240185448244,8.3521444695259657
non_overheated,B,2024,volatility_regime,HIGH,10,77,905,870,76,73,0,2,0,33,-1.102134904481882,-1.8386578769438833,40.689655172413794,-0.54891993661593208,41.690755926803853,-13.314388714733537,-7.5227377225745879,3.8826796291378587,11.119791666666675
non_overheated,B,2024,volatility_regime,HIGH,20,77,905,785,76,65,0,3,0,117,-1.1807974437826407,-2.718078381795197,38.726114649681534,-0.34340483039089215,43.867165512808057,-17.602204944670703,-9.5684803001876197,5.0304878048780477,13.459826361483819
non_overheated,B,2024,volatility_regime,LOW,5,106,1278,1258,104,101,0,0,0,20,-0.0059532487797115874,-0.2341062120192749,47.615262321144677,-0.13197071004526278,45.803676270987978,-8.2104146801844777,-3.9879236598633154,3.072182558722619,7.4928471248246833
non_overheated,B,2024,volatility_regime,LOW,10,106,1278,1222,104,97,0,4,0,52,0.15211958020127486,-0.8867428195633853,44.271685761047465,-0.13380035439901061,43.333951446428784,-10.285988873236077,-5.3884443960877713,3.8448348633533858,11.365211565818639
non_overheated,B,2024,volatility_regime,LOW,20,106,1278,1179,104,96,0,5,0,94,-0.85779415333289755,-1.7667844522968212,40.712468193384218,-0.9631610836365323,40.35703133137573,-16.660016625103903,-8.7574777774124701,5.0445167308602157,15.01118309721719
non_overheated,B,2024,volatility_regime,UNKNOWN,5,61,12,12,1,1,0,0,0,0,0.044001330452589117,-1.2010729187363398,33.333333333333329,0.04400133045258927,33.333333333333329,-4.399888070471536,-3.3832898769641546,1.863914178414694,2.5711640460722536
non_overheated,B,2024,volatility_regime,UNKNOWN,10,61,12,12,1,1,0,0,0,0,-2.0344949193402022,-3.8194799295974526,25,-2.0344949193402022,25,-11.635588536810708,-10.059389513603032,0.25150460390452323,7.1982157444664523
non_overheated,B,2024,volatility_regime,UNKNOWN,20,61,12,12,1,1,0,0,0,0,-1.1712793387565437,0.87145245894129086,50,-1.1712793387565437,50,-12.740460600587047,-9.3037628999338793,5.396865951285978,9.6505951774206338
non_overheated,B,2024,joint_regime,BEAR_HIGH,5,49,573,559,48,46,0,0,0,14,-0.076532757107938512,-0.74626865671641995,44.364937388193205,-0.19922830207315981,42.764140008759,-9.1057781040803079,-4.437765315627912,3.0886113225233158,7.8962303946006003
non_overheated,B,2024,joint_regime,BEAR_HIGH,10,49,573,557,48,46,0,2,0,14,-1.7795899997019136,-2.0613834173156209,39.856373429084378,-0.59363272641038489,41.28964147661037,-15.570133353647195,-8.0188679245283048,3.950338600451464,10.355733892887164
non_overheated,B,2024,joint_regime,BEAR_HIGH,20,49,573,529,48,40,0,3,0,41,-1.4372321708809308,-2.718078381795197,37.240075614366731,-0.1166607881472066,44.09244533830563,-18.133050128067087,-9.4999999999999964,4.1285849353923645,13.438989739542228
non_overheated,B,2024,joint_regime,BEAR_LOW,5,61,762,749,59,57,0,0,0,13,0.17461053083121245,0.1886792452830299,51.134846461949266,-0.098158569106792687,48.793506369069803,-8.6879196293888725,-3.7275064267352169,3.4368070953436858,7.6628634523371337
non_overheated,B,2024,joint_regime,BEAR_LOW,10,61,762,745,59,56,0,3,0,14,-0.11511237186679289,-0.77247191011236005,44.966442953020135,-0.62665968967208219,44.358511770341295,-10.556680161943316,-5.499926622489637,3.7137069547602986,11.386963777363297
non_overheated,B,2024,joint_regime,BEAR_LOW,20,61,762,745,59,56,0,3,0,14,-1.2052685915658778,-1.2530090735139776,42.281879194630875,-1.4496263179949989,42.311169041531812,-17.088222511951322,-8.656447249774569,5.32407407407407,13.965551700367529
non_overheated,B,2024,joint_regime,BEAR_UNKNOWN,5,6,0,0,0,0,0,0,0,0,,,,,,,,,
non_overheated,B,2024,joint_regime,BEAR_UNKNOWN,10,6,0,0,0,0,0,0,0,0,,,,,,,,,
non_overheated,B,2024,joint_regime,BEAR_UNKNOWN,20,6,0,0,0,0,0,0,0,0,,,,,,,,,
non_overheated,B,2024,joint_regime,BULL_HIGH,5,6,44,44,6,6,0,0,0,0,0.0004609988396037303,0.34005961076418728,52.272727272727273,0.071585691745578453,56.06421356421356,-6.6080610692721891,-3.6869767514238596,3.4092154284461995,4.6314220693367112
non_overheated,B,2024,joint_regime,BULL_HIGH,10,6,44,44,6,6,0,0,0,0,-1.0480917306909878,-1.8972197110861067,40.909090909090914,-0.96392312983958206,40.937950937950937,-8.6785779647880972,-5.8508272549368421,2.1460116619750669,6.5414958010612798
non_overheated,B,2024,joint_regime,BULL_HIGH,20,6,44,44,6,6,0,0,0,0,2.7326734598470726,1.3131458094144621,61.363636363636367,2.5811619675763944,62.7994227994228,-11.420179711153882,-7.0627465329972772,9.0036746236474166,15.12875473899097
non_overheated,B,2024,joint_regime,BULL_LOW,5,10,90,90,10,10,0,0,0,0,1.3931631646846101,0.79895594601476772,53.333333333333336,1.2758697628252569,54.289215686274503,-7.280983211868822,-2.7889224963843442,3.5052456324162042,8.9701983243185968
non_overheated,B,2024,joint_regime,BULL_LOW,10,10,90,90,10,10,0,0,0,0,1.0536103796551766,-0.43922258927925339,48.888888888888886,0.90245100717207849,46.889355742296914,-9.0953504043126685,-4.7596213244378545,3.9806936654308127,13.425389755011141
non_overheated,B,2024,joint_regime,BULL_LOW,20,10,90,90,10,10,0,0,0,0,-0.086876487413719949,-1.5983386511543571,41.111111111111107,-0.15855806091038036,40.46778711484594,-14.899156538966102,-7.873204615022372,3.8326518644012646,19.089244089244094
non_overheated,B,2024,joint_regime,BULL_UNKNOWN,5,4,0,0,0,0,0,0,0,0,,,,,,,,,
non_overheated,B,2024,joint_regime,BULL_UNKNOWN,10,4,0,0,0,0,0,0,0,0,,,,,,,,,
non_overheated,B,2024,joint_regime,BULL_UNKNOWN,20,4,0,0,0,0,0,0,0,0,,,,,,,,,
non_overheated,B,2024,joint_regime,NEUTRAL_HIGH,5,22,288,288,22,22,0,0,0,0,0.57995648056192628,-0.33987998258742647,46.180555555555557,-0.076426605128436784,44.169136258017296,-7.7805699121410923,-4.0739780061063637,3.394355453852016,10.285707925695904
non_overheated,B,2024,joint_regime,NEUTRAL_HIGH,10,22,288,269,22,21,0,0,0,19,0.29178549845773899,-1.310861423220977,42.37918215613383,-0.33240529424037313,42.784474719280894,-11.182031344127378,-6.3209876543209855,3.4734917733089565,13.305449792152114
non_overheated,B,2024,joint_regime,NEUTRAL_HIGH,20,22,288,212,22,19,0,0,0,76,-1.3531500339935461,-3.5791339346824547,37.735849056603776,-1.7443081186830578,37.414284631776887,-15.990294007829858,-10.400485539163364,5.9447194633907072,12.296707236358287
non_overheated,B,2024,joint_regime,NEUTRAL_LOW,5,35,426,419,35,34,0,0,0,7,-0.62925336367319851,-0.93209054593874641,40.095465393794747,-0.60272649716873261,38.295567160884161,-7.9332953645695889,-4.70686640945262,2.354283670449397,6.7122339231574255
non_overheated,B,2024,joint_regime,NEUTRAL_LOW,10,35,426,387,35,31,0,1,0,38,0.45690932784949012,-1.2704174228675091,41.860465116279073,0.42225155397457409,40.33622818520999,-9.9663777481824347,-5.3608705704434492,3.905074040702627,10.428306049400362
non_overheated,B,2024,joint_regime,NEUTRAL_LOW,20,35,426,344,35,30,0,2,0,80,-0.3069631459176525,-3.3763428500270587,37.209302325581397,-0.3232936537427793,36.672389011260975,-16.455068944608119,-9.1836936722895359,4.8821190064142872,17.319889657341186
non_overheated,B,2024,joint_regime,NEUTRAL_UNKNOWN,5,31,12,12,1,1,0,0,0,0,0.044001330452589117,-1.2010729187363398,33.333333333333329,0.04400133045258927,33.333333333333329,-4.399888070471536,-3.3832898769641546,1.863914178414694,2.5711640460722536
non_overheated,B,2024,joint_regime,NEUTRAL_UNKNOWN,10,31,12,12,1,1,0,0,0,0,-2.0344949193402022,-3.8194799295974526,25,-2.0344949193402022,25,-11.635588536810708,-10.059389513603032,0.25150460390452323,7.1982157444664523
non_overheated,B,2024,joint_regime,NEUTRAL_UNKNOWN,20,31,12,12,1,1,0,0,0,0,-1.1712793387565437,0.87145245894129086,50,-1.1712793387565437,50,-12.740460600587047,-9.3037628999338793,5.396865951285978,9.6505951774206338
non_overheated,B,2024,joint_regime,UNKNOWN_UNKNOWN,5,20,0,0,0,0,0,0,0,0,,,,,,,,,
non_overheated,B,2024,joint_regime,UNKNOWN_UNKNOWN,10,20,0,0,0,0,0,0,0,0,,,,,,,,,
non_overheated,B,2024,joint_regime,UNKNOWN_UNKNOWN,20,20,0,0,0,0,0,0,0,0,,,,,,,,,
non_overheated,B,2025,direction,BEAR,5,40,608,608,39,39,0,0,0,0,0.56821467861946795,0.49566979915238729,53.125,-0.019964641371741365,47.043896278286709,-6.765342437044743,-2.8819959493382035,3.7861095521721619,7.6856277564004749
non_overheated,B,2025,direction,BEAR,10,40,608,608,39,39,0,0,0,0,2.7168458200034724,2.3234630057353378,62.664473684210535,2.0255778820449399,57.671358402464477,-10.80985915492958,-2.611191462018331,7.53431142692253,15.408815034185229
non_overheated,B,2025,direction,BEAR,20,40,608,606,39,39,0,2,0,0,6.2926387802987085,3.8624290302449182,61.881188118811878,5.0942261064922754,58.793492847344538,-10.483137565301497,-3.7144460754684392,12.767032075067796,25.713875758407355
non_overheated,B,2025,direction,BULL,5,104,1210,1177,102,100,0,0,0,33,1.2137532038331997,-0.348432055749126,46.983857264231091,0.86835790902534082,45.203105464987217,-7.0217531604722678,-3.6114570361145737,4.1221374045801618,9.5836226318361675
non_overheated,B,2025,direction,BULL,10,104,1210,1134,102,96,0,0,0,76,2.0379958863815872,0.3424697700057488,51.322751322751323,1.502037898410802,48.652795013700683,-9.7831295267902867,-4.9421123838312822,6.1120874478954974,13.611633446961072
non_overheated,B,2025,direction,BULL,20,104,1210,1114,102,95,0,1,0,95,4.2390272012238972,0.9419236866256897,53.321364452423701,4.1702759551691067,51.612423917286101,-11.49825783972126,-5.7016360565685131,9.5510090471667191,21.955645816409426
non_overheated,B,2025,direction,NEUTRAL,5,98,1586,1548,97,94,0,0,0,38,1.4519239125450603,0.18677800100452829,50.904392764857889,1.4088152790270327,51.962648766373562,-6.7777777777777741,-3.2771122583663352,4.3184845160566923,10.712737127371271
non_overheated,B,2025,direction,NEUTRAL,10,98,1586,1543,97,93,0,0,0,43,3.1217292750158445,0.60851926977687476,53.013609850939723,3.0751214557231146,53.744186357608612,-9.1420009656359564,-4.4489012307586782,7.6230677048115698,17.46215812782965
non_overheated,B,2025,direction,NEUTRAL,20,98,1586,1371,97,84,0,5,0,210,4.7439610008259967,0.67226890756302282,51.787016776075859,3.9430097191849831,51.466920992344853,-13.498312710911131,-6.9348747591522155,10.630149735840789,28.222523744911808
non_overheated,B,2025,direction,UNKNOWN,5,0,0,0,0,0,0,0,0,0,,,,,,,,,
non_overheated,B,2025,direction,UNKNOWN,10,0,0,0,0,0,0,0,0,0,,,,,,,,,
non_overheated,B,2025,direction,UNKNOWN,20,0,0,0,0,0,0,0,0,0,,,,,,,,,
non_overheated,B,2025,volatility_regime,HIGH,5,134,2000,1940,133,129,0,0,0,60,1.5173764091658515,0.15577117033244151,50.515463917525771,1.0400907681045235,47.64474579670992,-6.6144110715539304,-3.1473150014396767,4.4767642722565339,10.530195267037387
non_overheated,B,2025,volatility_regime,HIGH,10,134,2000,1892,133,124,0,0,0,108,3.2230819568794988,1.0088418206170235,55.17970401691332,2.3836438312239392,52.155329101330295,-8.8233641461829162,-4.0682893180922362,7.1973013493253468,16.379096431932911
non_overheated,B,2025,volatility_regime,HIGH,20,134,2000,1756,133,117,0,5,0,239,4.9188817296215275,1.1569694806353725,53.815489749430526,4.339459468548756,52.534539681612756,-12.20187481377919,-5.7261021921603792,10.695531392431894,24.407196207476144
non_overheated,B,2025,volatility_regime,LOW,5,108,1404,1393,105,104,0,0,0,11,0.77381911582937124,0,49.102656137832021,0.81071247146243952,48.974416130917675,-7.2999848874112097,-3.5732516590097014,3.7807183364839241,8.8375782363512432
non_overheated,B,2025,volatility_regime,LOW,10,108,1404,1393,105,104,0,0,0,11,1.9251161540935158,0.58335337984123381,52.907394113424267,2.0539195765160656,52.411536747154074,-10.387419918462435,-4.8997772828507804,6.6857688634192955,14.498245736528824
non_overheated,B,2025,volatility_regime,LOW,20,108,1404,1335,105,101,0,3,0,66,4.7955278037014821,1.4732965009208066,54.981273408239709,4.1420504206494835,53.196106077196958,-12.404720851418039,-6.2463462825976865,10.879416092998451,25.417584902006226
non_overheated,B,2025,volatility_regime,UNKNOWN,5,0,0,0,0,0,0,0,0,0,,,,,,,,,
non_overheated,B,2025,volatility_regime,UNKNOWN,10,0,0,0,0,0,0,0,0,0,,,,,,,,,
non_overheated,B,2025,volatility_regime,UNKNOWN,20,0,0,0,0,0,0,0,0,0,,,,,,,,,
non_overheated,B,2025,joint_regime,BEAR_HIGH,5,12,179,179,11,11,0,0,0,0,0.80181194884654305,0.52875082617316316,53.072625698324025,0.26322479109306068,45.646826513699587,-5.8632443498878608,-2.1684510790077822,4.500713897628339,8.4548357219459973
non_overheated,B,2025,joint_regime,BEAR_HIGH,10,12,179,179,11,11,0,0,0,0,2.0728220164212297,1.3513513513513598,60.33519553072626,0.72779856967023282,54.569981102488839,-10.464225944520967,-3.4712261173905525,6.9007061304965811,15.955846614310216
non_overheated,B,2025,joint_regime,BEAR_HIGH,20,12,179,178,11,11,0,1,0,0,4.9580496337829381,2.4595974153070577,55.617977528089888,1.8952467131006012,49.831301739196476,-12.642045413139453,-6.2088267127602821,10.790686927739323,23.604134875707643
non_overheated,B,2025,joint_regime,BEAR_LOW,5,28,429,429,28,28,0,0,0,0,0.47074635374616625,0.49382716049382042,53.146853146853147,-0.13121763269719947,47.59274511437453,-6.8101850045590062,-3.1941031941031928,3.6211699164345297,7.5583886675520144
non_overheated,B,2025,joint_regime,BEAR_LOW,10,28,429,429,28,28,0,0,0,0,2.9855643767429161,2.9161603888213872,63.636363636363633,2.5354197547635748,58.889756627454901,-11.149366402997035,-2.5210084033613467,7.8838174273858863,15.043478260869556
non_overheated,B,2025,joint_regime,BEAR_LOW,20,28,429,428,28,28,0,1,0,0,6.8476781917001279,4.2163229100364292,64.485981308411212,6.3509680110390052,62.314353639831296,-10.057201424206658,-2.7313770582621717,13.736485146059612,25.64271084339773
non_overheated,B,2025,joint_regime,BEAR_UNKNOWN,5,0,0,0,0,0,0,0,0,0,,,,,,,,,
non_overheated,B,2025,joint_regime,BEAR_UNKNOWN,10,0,0,0,0,0,0,0,0,0,,,,,,,,,
non_overheated,B,2025,joint_regime,BEAR_UNKNOWN,20,0,0,0,0,0,0,0,0,0,,,,,,,,,
non_overheated,B,2025,joint_regime,BULL_HIGH,5,69,902,880,69,68,0,0,0,22,1.065593371838035,-0.46332294981085709,45.56818181818182,0.60764281525982089,43.251577234459688,-7.0688291556380394,-3.6791818497310418,3.9742707262720889,9.5177535391042039
non_overheated,B,2025,joint_regime,BULL_HIGH,10,69,902,837,69,64,0,0,0,65,1.8838385706216771,0.1414427157001352,50.298685782556753,1.3085281153108386,47.564854449297812,-9.9291101573676634,-4.8681541582150096,5.7071960297766724,13.360536084919652
non_overheated,B,2025,joint_regime,BULL_HIGH,20,69,902,817,69,63,0,1,0,84,4.1044177957096775,0.84033613445377853,52.509179926560591,4.1830346143055772,51.03875239169092,-11.615686840109253,-5.7919092401851007,9.980430528375738,21.712344484241402
non_overheated,B,2025,joint_regime,BULL_LOW,5,35,308,297,33,32,0,0,0,11,1.6527452986336886,0.1742160278745741,51.178451178451176,1.4223774832770706,49.35010295485818,-6.3238360809403433,-3.1192660550458662,4.2432814710042335,9.7238698884490411
non_overheated,B,2025,joint_regime,BULL_LOW,10,35,308,297,33,32,0,0,0,11,2.4724392307958776,0.5530973451327359,54.208754208754208,1.889057464610729,50.828676142506446,-9.1480132291616769,-5.0067658998646847,6.7381316998468499,15.615466637419983
non_overheated,B,2025,joint_regime,BULL_LOW,20,35,308,297,33,32,0,0,0,11,4.6093163739683991,1.5555555555555545,55.555555555555557,4.145157344994181,52.74183973330161,-11.387981765437218,-5.3497942386831259,9.302325581395344,23.412703336832298
non_overheated,B,2025,joint_regime,BULL_UNKNOWN,5,0,0,0,0,0,0,0,0,0,,,,,,,,,
non_overheated,B,2025,joint_regime,BULL_UNKNOWN,10,0,0,0,0,0,0,0,0,0,,,,,,,,,
non_overheated,B,2025,joint_regime,BULL_UNKNOWN,20,0,0,0,0,0,0,0,0,0,,,,,,,,,
non_overheated,B,2025,joint_regime,NEUTRAL_HIGH,5,53,919,881,53,50,0,0,0,38,2.1140337431563565,0.71684587813620737,54.937570942111236,1.7991304989158408,54.058997283632507,-6.2452399086062478,-2.6755852842809347,4.7777777777777697,11.615833874107718
non_overheated,B,2025,joint_regime,NEUTRAL_HIGH,10,53,919,876,53,49,0,0,0,43,4.7377431939112649,1.9485032093908285,58.789954337899545,4.1595969678673947,57.608986360867789,-7.2690558140339316,-3.4077332374439244,9.2034269048486994,19.332465654920892
non_overheated,B,2025,joint_regime,NEUTRAL_HIGH,20,53,919,761,53,43,0,3,0,155,5.7841184537545764,1.2880562060889833,54.796320630749015,5.1939037970894573,55.417567975372165,-12.229836584080122,-5.555555555555558,11.071428571428577,29.166666666666675
non_overheated,B,2025,joint_regime,NEUTRAL_LOW,5,45,667,667,44,44,0,0,0,0,0.57738304182759093,-0.5482456140350922,45.57721139430285,0.96527525642611434,49.580434542215691,-7.4339622641509431,-3.9382054341660031,3.7860937653983577,9.4808206958073207
non_overheated,B,2025,joint_regime,NEUTRAL_LOW,10,45,667,667,44,44,0,0,0,0,0.99934817613670213,-0.85603112840466622,45.42728635682159,1.8674100899260766,49.440204535797285,-10.882691397750968,-5.9669477985682224,5.5973266499582337,13.393898759637951
non_overheated,B,2025,joint_regime,NEUTRAL_LOW,20,45,667,610,44,41,0,2,0,55,3.4463219488937864,-0.70378927055667617,48.032786885245905,2.631096417968096,47.323559522340602,-14.609060860959925,-8.6313017741695504,8.9004632170534173,26.79347376167042
non_overheated,B,2025,joint_regime,NEUTRAL_UNKNOWN,5,0,0,0,0,0,0,0,0,0,,,,,,,,,
non_overheated,B,2025,joint_regime,NEUTRAL_UNKNOWN,10,0,0,0,0,0,0,0,0,0,,,,,,,,,
non_overheated,B,2025,joint_regime,NEUTRAL_UNKNOWN,20,0,0,0,0,0,0,0,0,0,,,,,,,,,
non_overheated,B,2025,joint_regime,UNKNOWN_UNKNOWN,5,0,0,0,0,0,0,0,0,0,,,,,,,,,
non_overheated,B,2025,joint_regime,UNKNOWN_UNKNOWN,10,0,0,0,0,0,0,0,0,0,,,,,,,,,
non_overheated,B,2025,joint_regime,UNKNOWN_UNKNOWN,20,0,0,0,0,0,0,0,0,0,,,,,,,,,
non_overheated,B,2026,direction,BEAR,5,64,588,588,58,58,0,0,0,0,-3.4396797736637539,-3.6760126342949948,34.183673469387756,-2.1748459308922197,38.198924006296181,-19.076734546765184,-11.458725909995387,2.8008973726409314,12.747169864520062
non_overheated,B,2026,direction,BEAR,10,64,588,588,58,58,0,0,0,0,-3.5742498099147064,-4.2214102778579186,36.054421768707485,-3.4886751450373561,36.4111965324064,-21.391563160477315,-13.233225513105337,3.9121342606627643,14.417388082890747
non_overheated,B,2026,direction,BEAR,20,64,588,586,58,58,0,2,0,0,-2.6802878790082434,-4.0740901426637492,39.249146757679185,-2.3016483568752579,41.017013430806529,-31.433148460067109,-19.114071691085911,7.6393888627364079,24.369560719720226
non_overheated,B,2026,direction,BULL,5,66,763,701,65,63,62,0,0,0,2.5749363744813891,0.31665611146294292,52.068473609129818,1.7320241118194331,49.548805130004247,-9.5959595959595916,-4.1198501872659161,7.2161033042157152,16.596931659693158
non_overheated,B,2026,direction,BULL,10,66,763,685,65,62,77,1,0,0,2.8820857108514009,-0.42598509052182981,47.883211678832119,1.2060234164100212,43.77114229481424,-14.660621245337813,-7.640638119227539,8.4905660377358583,22.386577640814938
non_overheated,B,2026,direction,BULL,20,66,763,668,65,61,93,2,0,0,4.4431540948551689,-0.4363432226456187,48.65269461077844,0.85482350395026663,41.230363819668248,-20.136607594936706,-10.604083738758657,14.367304345023207,34.547603623367152
non_overheated,B,2026,direction,NEUTRAL,5,56,982,950,56,53,32,0,0,0,3.802416088806519,1.7562450234767879,60.421052631578945,3.4589034476736997,57.566810040640689,-6.9511955453652128,-2.7436814263322922,7.1164021164021154,17.871474094181522
non_overheated,B,2026,direction,NEUTRAL,10,56,982,897,56,49,84,1,0,0,7.2243264677085568,3.8413878562577386,62.764771460423631,6.2924627153465664,58.876113560345722,-11.459320065355614,-3.711066931742879,14.154411764705888,28.93899761782427
non_overheated,B,2026,direction,NEUTRAL,20,56,982,766,56,40,213,3,0,0,14.652669943323735,8.8819509023233998,70.104438642297652,10.499043303507557,60.780586544081736,-11.41567455052569,-1.7632799571125568,25,42.48386513628293
non_overheated,B,2026,direction,UNKNOWN,5,0,0,0,0,0,0,0,0,0,,,,,,,,,
non_overheated,B,2026,direction,UNKNOWN,10,0,0,0,0,0,0,0,0,0,,,,,,,,,
non_overheated,B,2026,direction,UNKNOWN,20,0,0,0,0,0,0,0,0,0,,,,,,,,,
non_overheated,B,2026,volatility_regime,HIGH,5,184,2311,2225,177,173,86,0,0,0,1.4750128795630979,0.1996007984031988,50.786516853932582,0.91465169693586978,48.073553042085727,-11.780409605443955,-5.0890585241730291,6.419753086419755,15.59958072563888
non_overheated,B,2026,volatility_regime,HIGH,10,184,2311,2170,177,169,139,2,0,0,2.9275533019529667,0.31622154006140096,50.829493087557609,1.0695915174984405,45.624791630857956,-15.389101884329879,-7.7499804243990305,9.5238095238095344,23.373079713819838
non_overheated,B,2026,volatility_regime,HIGH,20,184,2311,2020,177,159,284,7,0,0,6.2481799083417844,1.9976556849639613,54.059405940594061,2.1296249130975058,46.070832916665481,-21.091798681776137,-9.583461617405586,17.591111356281253,36.101230012586285
non_overheated,B,2026,volatility_regime,LOW,5,2,22,14,2,1,8,0,0,0,8.0635942096761841,7.3750206138013308,71.428571428571431,8.0635942096761841,71.428571428571431,-1.4800754424992713,0.5538735266109901,15.064060985753208,18.304532555757937
non_overheated,B,2026,volatility_regime,LOW,10,2,22,0,2,0,22,0,0,0,,,,,,,,,
non_overheated,B,2026,volatility_regime,LOW,20,2,22,0,2,0,22,0,0,0,,,,,,,,,
non_overheated,B,2026,volatility_regime,UNKNOWN,5,0,0,0,0,0,0,0,0,0,,,,,,,,,
non_overheated,B,2026,volatility_regime,UNKNOWN,10,0,0,0,0,0,0,0,0,0,,,,,,,,,
non_overheated,B,2026,volatility_regime,UNKNOWN,20,0,0,0,0,0,0,0,0,0,,,,,,,,,
non_overheated,B,2026,joint_regime,BEAR_HIGH,5,64,588,588,58,58,0,0,0,0,-3.4396797736637539,-3.6760126342949948,34.183673469387756,-2.1748459308922197,38.198924006296181,-19.076734546765184,-11.458725909995387,2.8008973726409314,12.747169864520062
non_overheated,B,2026,joint_regime,BEAR_HIGH,10,64,588,588,58,58,0,0,0,0,-3.5742498099147064,-4.2214102778579186,36.054421768707485,-3.4886751450373561,36.4111965324064,-21.391563160477315,-13.233225513105337,3.9121342606627643,14.417388082890747
non_overheated,B,2026,joint_regime,BEAR_HIGH,20,64,588,586,58,58,0,2,0,0,-2.6802878790082434,-4.0740901426637492,39.249146757679185,-2.3016483568752579,41.017013430806529,-31.433148460067109,-19.114071691085911,7.6393888627364079,24.369560719720226
non_overheated,B,2026,joint_regime,BEAR_LOW,5,0,0,0,0,0,0,0,0,0,,,,,,,,,
non_overheated,B,2026,joint_regime,BEAR_LOW,10,0,0,0,0,0,0,0,0,0,,,,,,,,,
non_overheated,B,2026,joint_regime,BEAR_LOW,20,0,0,0,0,0,0,0,0,0,,,,,,,,,
non_overheated,B,2026,joint_regime,BEAR_UNKNOWN,5,0,0,0,0,0,0,0,0,0,,,,,,,,,
non_overheated,B,2026,joint_regime,BEAR_UNKNOWN,10,0,0,0,0,0,0,0,0,0,,,,,,,,,
non_overheated,B,2026,joint_regime,BEAR_UNKNOWN,20,0,0,0,0,0,0,0,0,0,,,,,,,,,
non_overheated,B,2026,joint_regime,BULL_HIGH,5,66,763,701,65,63,62,0,0,0,2.5749363744813891,0.31665611146294292,52.068473609129818,1.7320241118194331,49.548805130004247,-9.5959595959595916,-4.1198501872659161,7.2161033042157152,16.596931659693158
non_overheated,B,2026,joint_regime,BULL_HIGH,10,66,763,685,65,62,77,1,0,0,2.8820857108514009,-0.42598509052182981,47.883211678832119,1.2060234164100212,43.77114229481424,-14.660621245337813,-7.640638119227539,8.4905660377358583,22.386577640814938
non_overheated,B,2026,joint_regime,BULL_HIGH,20,66,763,668,65,61,93,2,0,0,4.4431540948551689,-0.4363432226456187,48.65269461077844,0.85482350395026663,41.230363819668248,-20.136607594936706,-10.604083738758657,14.367304345023207,34.547603623367152
non_overheated,B,2026,joint_regime,BULL_LOW,5,0,0,0,0,0,0,0,0,0,,,,,,,,,
non_overheated,B,2026,joint_regime,BULL_LOW,10,0,0,0,0,0,0,0,0,0,,,,,,,,,
non_overheated,B,2026,joint_regime,BULL_LOW,20,0,0,0,0,0,0,0,0,0,,,,,,,,,
non_overheated,B,2026,joint_regime,BULL_UNKNOWN,5,0,0,0,0,0,0,0,0,0,,,,,,,,,
non_overheated,B,2026,joint_regime,BULL_UNKNOWN,10,0,0,0,0,0,0,0,0,0,,,,,,,,,
non_overheated,B,2026,joint_regime,BULL_UNKNOWN,20,0,0,0,0,0,0,0,0,0,,,,,,,,,
non_overheated,B,2026,joint_regime,NEUTRAL_HIGH,5,54,960,936,54,52,24,0,0,0,3.7386805186225716,1.6347504733980833,60.256410256410255,3.3703517022505753,57.300237706257406,-7.0640222112265665,-2.7963855364709413,6.8551381051380975,17.774103665192776
non_overheated,B,2026,joint_regime,NEUTRAL_HIGH,10,54,960,897,54,49,62,1,0,0,7.2243264677085568,3.8413878562577386,62.764771460423631,6.2924627153465664,58.876113560345722,-11.459320065355614,-3.711066931742879,14.154411764705888,28.93899761782427
non_overheated,B,2026,joint_regime,NEUTRAL_HIGH,20,54,960,766,54,40,191,3,0,0,14.652669943323735,8.8819509023233998,70.104438642297652,10.499043303507557,60.780586544081736,-11.41567455052569,-1.7632799571125568,25,42.48386513628293
non_overheated,B,2026,joint_regime,NEUTRAL_LOW,5,2,22,14,2,1,8,0,0,0,8.0635942096761841,7.3750206138013308,71.428571428571431,8.0635942096761841,71.428571428571431,-1.4800754424992713,0.5538735266109901,15.064060985753208,18.304532555757937
non_overheated,B,2026,joint_regime,NEUTRAL_LOW,10,2,22,0,2,0,22,0,0,0,,,,,,,,,
non_overheated,B,2026,joint_regime,NEUTRAL_LOW,20,2,22,0,2,0,22,0,0,0,,,,,,,,,
non_overheated,B,2026,joint_regime,NEUTRAL_UNKNOWN,5,0,0,0,0,0,0,0,0,0,,,,,,,,,
non_overheated,B,2026,joint_regime,NEUTRAL_UNKNOWN,10,0,0,0,0,0,0,0,0,0,,,,,,,,,
non_overheated,B,2026,joint_regime,NEUTRAL_UNKNOWN,20,0,0,0,0,0,0,0,0,0,,,,,,,,,
non_overheated,B,2026,joint_regime,UNKNOWN_UNKNOWN,5,0,0,0,0,0,0,0,0,0,,,,,,,,,
non_overheated,B,2026,joint_regime,UNKNOWN_UNKNOWN,10,0,0,0,0,0,0,0,0,0,,,,,,,,,
non_overheated,B,2026,joint_regime,UNKNOWN_UNKNOWN,20,0,0,0,0,0,0,0,0,0,,,,,,,,,
non_overheated,C,ALL,direction,BEAR,5,220,1487,1464,210,206,0,2,0,21,-0.41986044113133597,-1.0192228101446545,43.442622950819668,-0.061624985308208417,45.372792913983659,-12.071777867095392,-5.8427783884427269,3.9592300383965773,12.439490135979948
non_overheated,C,ALL,direction,BEAR,10,220,1487,1459,210,205,0,4,0,24,-0.25680813949832804,-1.5341701534170138,43.728581220013709,-0.30487483653707315,44.099018596579569,-16.090424565441218,-8.2127831442899932,5.5413174546879995,15.229790429021186
non_overheated,C,ALL,direction,BEAR,20,220,1487,1412,210,199,0,7,0,68,1.1040564690240346,-1.9343140015609328,43.626062322946176,1.2181883908975848,45.749546238239709,-20.291137600414608,-10.520382395382391,9.4527342260502785,23.503158184340144
non_overheated,C,ALL,direction,BULL,5,190,2575,2521,186,182,35,2,0,17,1.6183366252964255,-0.36407541562181173,47.441491471638237,1.2094975210658527,45.502022081301931,-9.1245376078914919,-4.5566502463054164,5.207785376117835,13.394216133942161
non_overheated,C,ALL,direction,BULL,10,190,2575,2451,186,177,44,4,0,76,2.498140619727387,-0.42194092827003699,47.654018767849863,2.4611472383011259,46.974959924667829,-11.908931698774085,-6.3972903015180824,7.1000257674552758,19.374369323915232
non_overheated,C,ALL,direction,BULL,20,190,2575,2414,186,175,59,9,0,93,4.824257291824404,0.4096714363312936,51.118475559237773,4.4399954322008659,49.454048335670741,-16.566277836691413,-7.8750278308353927,11.86999002161982,29.954898527675272
non_overheated,C,ALL,direction,NEUTRAL,5,242,2601,2522,210,203,36,2,0,41,1.9562259704232516,0,49.841395717684378,1.6043314691468626,47.343992371109266,-8.3804609563123531,-4.1420732408088741,5.489219808056756,13.252199558324453
non_overheated,C,ALL,direction,NEUTRAL,10,242,2601,2440,210,194,77,5,0,79,3.7444486366462444,0.60781557591185187,52.131147540983605,3.3175362310600414,50.098209622688593,-11.285687655750248,-5.4545966501093828,8.8261216958674051,21.10812828900583
non_overheated,C,ALL,direction,NEUTRAL,20,242,2601,2120,210,173,187,8,0,286,5.7562696593352456,0.67987591930646074,51.792452830188687,4.0900904365086124,48.297369386899952,-14.903133339922901,-7.9984191966552061,12.642469772403992,33.469407511960718
non_overheated,C,ALL,direction,UNKNOWN,5,20,0,0,0,0,0,0,0,0,,,,,,,,,
non_overheated,C,ALL,direction,UNKNOWN,10,20,0,0,0,0,0,0,0,0,,,,,,,,,
non_overheated,C,ALL,direction,UNKNOWN,20,20,0,0,0,0,0,0,0,0,,,,,,,,,
non_overheated,C,ALL,volatility_regime,HIGH,5,395,4624,4511,390,380,56,3,0,54,1.6753996714999453,-0.14969823986384909,48.769674129904679,1.1676054118307599,46.091869080331051,-9.6741344195519368,-4.7699364855328152,5.8492762425346738,14.617169373549888
non_overheated,C,ALL,volatility_regime,HIGH,10,395,4624,4401,390,370,92,6,0,125,2.9192565905081347,0,49.73869575096569,2.1997351509760685,47.821766614718271,-13.124999999999998,-6.4949006977992436,8.5660213452469556,20.815450643776835
non_overheated,C,ALL,volatility_regime,HIGH,20,395,4624,4056,390,346,217,14,0,337,5.163670008566136,0.39889828453657505,50.862919132149898,3.6162039129394326,47.787503403560734,-17.532615820773309,-8.5870449461053475,12.817294638301075,32.927118409274961
non_overheated,C,ALL,volatility_regime,LOW,5,216,2030,1987,215,210,15,3,0,25,0.42039548267103743,-0.55555555555555347,44.539506794162051,0.42280857177498332,46.093519597345342,-8.8092231151932623,-4.5921029781504199,3.523366983628895,9.4838139609607275
non_overheated,C,ALL,volatility_regime,LOW,10,216,2030,1940,215,205,29,7,0,54,1.0566370527658115,-0.85322240517665127,45.72164948453608,0.99632713508655513,45.64704154194451,-11.334538152610437,-6.42590840969953,5.6793392855064244,14.518856391448633
non_overheated,C,ALL,volatility_regime,LOW,20,216,2030,1881,215,200,29,10,0,110,2.389744809116304,-0.60120240480961984,46.943115364167994,2.3961994804109441,47.786823321157684,-15.485278080697928,-8.2692307692307736,9.1199999999999939,23.529411764705888
non_overheated,C,ALL,volatility_regime,UNKNOWN,5,61,9,9,1,1,0,0,0,0,0.63323352887214446,-0.97357440890125635,44.444444444444443,0.63323352887214446,44.444444444444443,-4.9482253337675015,-3.1553398058252413,1.4880952380952328,5.1711046189881742
non_overheated,C,ALL,volatility_regime,UNKNOWN,10,61,9,9,1,1,0,0,0,0,-1.4233200390418703,-4.4799999999999951,22.222222222222221,-1.4233200390418699,22.222222222222221,-11.375406387454579,-9.9514563106796068,0,10.669777691360434
non_overheated,C,ALL,volatility_regime,UNKNOWN,20,61,9,9,1,1,0,0,0,0,-3.4421140194717643,-5.5059523809523832,22.222222222222221,-3.4421140194717643,22.222222222222221,-14.323008167668368,-11.627906976744184,-0.1600000000000045,13.567437941538664
non_overheated,C,ALL,joint_regime,BEAR_HIGH,5,125,845,837,121,119,0,1,0,7,-0.45822832586406853,-1.5042511445389153,42.293906810035843,-0.044307153257107004,42.946690536903084,-14.171441477533966,-7.4032080568246288,4.8245614035087758,14.270044398015148
non_overheated,C,ALL,joint_regime,BEAR_HIGH,10,125,845,837,121,119,0,1,0,7,-0.59756634739494241,-2.10280373831776,42.532855436081242,-0.59488631944989334,42.993802416071318,-18.427734902296656,-10.582524271844662,6.5859197577592843,17.783488063660478
non_overheated,C,ALL,joint_regime,BEAR_HIGH,20,125,845,793,121,114,0,4,0,48,0.80548649370950942,-2.676056338028165,42.24464060529634,0.54919303957805921,44.020612671928461,-21.794634597594822,-12.659123055162658,10.20408163265305,26.937722910923309
non_overheated,C,ALL,joint_regime,BEAR_LOW,5,89,642,627,89,87,0,1,0,14,-0.36864206868907545,-0.40586366185149098,44.976076555023923,-0.085312594665462094,48.691254786082375,-8.9122807017543852,-4.926900921658989,3.1540613758493596,8.2304582210242518
non_overheated,C,ALL,joint_regime,BEAR_LOW,10,89,642,622,89,86,0,3,0,17,0.20173626566158556,-0.86843310593422429,45.337620578778136,0.09642012237717773,45.628329357980512,-11.723068245910882,-6.5333963867970803,4.8014370007978426,12.562055529822073
non_overheated,C,ALL,joint_regime,BEAR_LOW,20,89,642,619,89,85,0,3,0,20,1.4865540302912692,-1.1253196930946283,45.395799676898221,2.1154292150202423,48.068351256586553,-15.793383997371404,-8.5924105473284431,8.4860415117908978,20.42503788680666
non_overheated,C,ALL,joint_regime,BEAR_UNKNOWN,5,6,0,0,0,0,0,0,0,0,,,,,,,,,
non_overheated,C,ALL,joint_regime,BEAR_UNKNOWN,10,6,0,0,0,0,0,0,0,0,,,,,,,,,
non_overheated,C,ALL,joint_regime,BEAR_UNKNOWN,20,6,0,0,0,0,0,0,0,0,,,,,,,,,
non_overheated,C,ALL,joint_regime,BULL_HIGH,5,141,2087,2040,141,138,35,1,0,11,1.6439995389132998,-0.35274356103023313,47.598039215686271,1.0020877805496606,44.761002761424422,-9.2610571736785303,-4.707615004764798,5.3624783124828879,13.968299835184823
non_overheated,C,ALL,joint_regime,BULL_HIGH,10,141,2087,1970,141,133,44,3,0,70,2.5520519643933044,-0.3193322820598587,47.969543147208121,2.2974897981915912,46.928066317431764,-12.311053935748559,-6.3992141408017149,7.0774272110332825,19.39005739152373
non_overheated,C,ALL,joint_regime,BULL_HIGH,20,141,2087,1934,141,131,59,7,0,87,4.6995459645004827,0.29653124341041387,50.827300930713548,4.0231443612800843,48.237879921551759,-17.220402661845831,-8.3276067933126185,11.395533217567117,28.890297956168439
non_overheated,C,ALL,joint_regime,BULL_LOW,5,45,488,481,45,44,0,1,0,6,1.5094959937404513,-0.38461538461538319,46.777546777546782,1.8600098890484547,47.826128130008648,-8.728652751423148,-3.8793103448275912,4.6184738955823201,11.980676328502415
non_overheated,C,ALL,joint_regime,BULL_LOW,10,45,488,481,45,44,0,1,0,6,2.2773394783721739,-0.89385474860335101,46.361746361746363,2.9558390459049453,47.116706510176819,-10.250817884405672,-6.3798219584569775,7.1129707112970619,19.164265129682988
non_overheated,C,ALL,joint_regime,BULL_LOW,20,45,488,480,45,44,0,2,0,6,5.3267400148337032,1.1143106580114637,52.291666666666671,5.6810747569877398,53.074913386797704,-14.107812822098538,-6.9514138441275488,13.949461408553566,31.67235355278644
non_overheated,C,ALL,joint_regime,BULL_UNKNOWN,5,4,0,0,0,0,0,0,0,0,,,,,,,,,
non_overheated,C,ALL,joint_regime,BULL_UNKNOWN,10,4,0,0,0,0,0,0,0,0,,,,,,,,,
non_overheated,C,ALL,joint_regime,BULL_UNKNOWN,20,4,0,0,0,0,0,0,0,0,,,,,,,,,
non_overheated,C,ALL,joint_regime,NEUTRAL_HIGH,5,129,1692,1634,128,123,21,1,0,36,2.8075311918612895,0.74744427685603521,53.549571603427168,2.5258088944506607,50.62793248420946,-8.2611646932439253,-3.8774541114771743,6.66051660516605,15.930752946419735
non_overheated,C,ALL,joint_regime,NEUTRAL_HIGH,10,129,1692,1594,128,118,48,2,0,48,5.2197421064874909,1.562617746442363,55.708908406524472,4.907858768781364,53.697952031481734,-11.116716591376056,-4.8241682216078967,10.393247462919597,25
non_overheated,C,ALL,joint_regime,NEUTRAL_HIGH,20,129,1692,1329,128,101,158,3,0,202,8.4395582166205205,2.2429906542056122,56.057185854025583,6.5501647132421184,51.455089735731576,-14.278910650797492,-6.9139966273187188,17.130919220055716,40.176009736448812
non_overheated,C,ALL,joint_regime,NEUTRAL_LOW,5,82,900,879,81,79,15,1,0,5,0.38725463952928801,-0.76433121019108263,43.003412969283275,0.18191848975328717,42.26772545991107,-8.6365205740640576,-4.7000904672739932,3.1666534433513194,9.1692258327595599
non_overheated,C,ALL,joint_regime,NEUTRAL_LOW,10,82,900,837,81,75,29,3,0,31,0.99043684113160391,-0.81577158395649274,45.639187574671446,0.87864018864651972,44.806294731526933,-11.560975609756097,-6.25,5.7581573896353211,14.49019156205612
non_overheated,C,ALL,joint_regime,NEUTRAL_LOW,20,82,900,782,81,71,29,5,0,84,1.3019153888456461,-1.244428872990383,44.884910485933503,0.69663554222545998,44.172656597219451,-15.687456441037167,-8.9676480769410674,7.1071428571428559,20.090309336379509
non_overheated,C,ALL,joint_regime,NEUTRAL_UNKNOWN,5,31,9,9,1,1,0,0,0,0,0.63323352887214446,-0.97357440890125635,44.444444444444443,0.63323352887214446,44.444444444444443,-4.9482253337675015,-3.1553398058252413,1.4880952380952328,5.1711046189881742
non_overheated,C,ALL,joint_regime,NEUTRAL_UNKNOWN,10,31,9,9,1,1,0,0,0,0,-1.4233200390418703,-4.4799999999999951,22.222222222222221,-1.4233200390418699,22.222222222222221,-11.375406387454579,-9.9514563106796068,0,10.669777691360434
non_overheated,C,ALL,joint_regime,NEUTRAL_UNKNOWN,20,31,9,9,1,1,0,0,0,0,-3.4421140194717643,-5.5059523809523832,22.222222222222221,-3.4421140194717643,22.222222222222221,-14.323008167668368,-11.627906976744184,-0.1600000000000045,13.567437941538664
non_overheated,C,ALL,joint_regime,UNKNOWN_UNKNOWN,5,20,0,0,0,0,0,0,0,0,,,,,,,,,
non_overheated,C,ALL,joint_regime,UNKNOWN_UNKNOWN,10,20,0,0,0,0,0,0,0,0,,,,,,,,,
non_overheated,C,ALL,joint_regime,UNKNOWN_UNKNOWN,20,20,0,0,0,0,0,0,0,0,,,,,,,,,
non_overheated,C,2024,direction,BEAR,5,116,917,895,108,104,0,1,0,21,-0.57208193623736414,-1.0158013544018021,42.458100558659218,-0.23288793902765828,45.300302497276476,-9.156655807791509,-5.1876292721363129,2.9948107418295233,8.0785513171641341
non_overheated,C,2024,direction,BEAR,10,116,917,890,108,103,0,3,0,24,-0.68766313000827461,-1.6269693007036568,42.022471910112358,-0.41797766317423857,42.43357990445368,-13.346606939030426,-7.2651796867148137,4.214925841954253,12.161929129718562
non_overheated,C,2024,direction,BEAR,20,116,917,845,108,97,0,4,0,68,-1.3183319338460913,-2.7223774181227234,37.396449704142007,-0.72242089728571468,40.228805844785228,-17.946102106635127,-10.164638511095204,5.2083333333333259,15.184433792605725
non_overheated,C,2024,direction,BULL,5,20,206,206,16,16,0,0,0,0,-0.05623728939977192,-1.3015851297675851,39.805825242718448,0.1390215341940475,41.370955433455428,-8.2471617235974506,-4.0237736215286315,2.1753288453729476,8.4764916135348187
non_overheated,C,2024,direction,BULL,10,20,206,206,16,16,0,0,0,0,0.12944714599409485,-2.5204253288936105,37.864077669902912,0.51598232567507618,39.555028305028308,-9.6694457805568899,-6.4548504108051379,3.5858748284405935,12.138892279852641
non_overheated,C,2024,direction,BULL,20,20,206,205,16,16,0,1,0,0,1.038510337493082,-1.9442096365173245,41.951219512195124,1.8849330000770221,43.874907771966598,-14.843281192776873,-8.5714285714285747,4.7413793103448176,21.841503683007367
non_overheated,C,2024,direction,NEUTRAL,5,88,608,602,58,57,0,1,0,5,-0.75980268192251621,-1.6262391736379334,36.877076411960132,-1.3567930232311689,33.781766479134902,-9.8514285170451252,-5.6852896850455688,2.2934701953994496,7.7087235431136412
non_overheated,C,2024,direction,NEUTRAL,10,88,608,567,58,53,0,3,0,38,-1.2131385946222888,-2.4539877300613462,36.684303350970012,-1.17383431918083,36.620590686905892,-12.323382092079084,-7.9398571477864825,3.274189910533043,9.8150066219116745
non_overheated,C,2024,direction,NEUTRAL,20,88,608,516,58,50,0,4,0,88,-1.9824378150053461,-4.0688675548589348,34.496124031007753,-1.7777268672957869,35.074089309383425,-17.688245735970419,-10.623331928641667,4.1728191899424782,15.275300309470218
non_overheated,C,2024,direction,UNKNOWN,5,20,0,0,0,0,0,0,0,0,,,,,,,,,
non_overheated,C,2024,direction,UNKNOWN,10,20,0,0,0,0,0,0,0,0,,,,,,,,,
non_overheated,C,2024,direction,UNKNOWN,20,20,0,0,0,0,0,0,0,0,,,,,,,,,
non_overheated,C,2024,volatility_regime,HIGH,5,77,742,735,75,73,0,0,0,7,-0.40577227921247655,-1.3118062563067578,40.680272108843532,-0.29489524481020918,39.826971309646567,-9.1730285980333264,-5.5371359258843462,3.0811340846847335,9.1134692806906177
non_overheated,C,2024,volatility_regime,HIGH,10,77,742,728,75,72,0,0,0,14,-0.52811672300699875,-2.2198908283311169,39.697802197802197,0.026042300779333536,41.105541834708497,-13.898783240113824,-7.7136307525762842,4.3871255149419977,14.478697729399611
non_overheated,C,2024,volatility_regime,HIGH,20,77,742,652,75,65,0,1,0,89,-0.65641955489009207,-3.876107885481983,36.50306748466258,-0.19580305834515549,38.364001383232157,-17.85374128804137,-10.322781981911966,4.8504655841612285,18.085548940917345
non_overheated,C,2024,volatility_regime,LOW,5,106,980,959,106,103,0,2,0,19,-0.71788936976520112,-1.1715481171548081,39.728884254431698,-0.76154450576383703,42.203049377806664,-9.6527471876631008,-5.1876292721363129,2.4427786337659407,7.2047067724715319
non_overheated,C,2024,volatility_regime,LOW,10,106,980,926,106,99,0,6,0,48,-0.94592311240059068,-1.932501030802408,39.8488120950324,-0.98445380434140917,40.026356112363246,-11.601515632566089,-6.9483955740965442,3.6120646480666152,10.254507140412173
non_overheated,C,2024,volatility_regime,LOW,20,106,980,905,106,97,0,8,0,67,-1.6188609961249036,-2.4801587301587324,37.569060773480665,-1.1611642225604581,39.608400460128777,-17.631089460831319,-9.9264705882352935,4.6597633136094654,14.410955835687359
non_overheated,C,2024,volatility_regime,UNKNOWN,5,61,9,9,1,1,0,0,0,0,0.63323352887214446,-0.97357440890125635,44.444444444444443,0.63323352887214446,44.444444444444443,-4.9482253337675015,-3.1553398058252413,1.4880952380952328,5.1711046189881742
non_overheated,C,2024,volatility_regime,UNKNOWN,10,61,9,9,1,1,0,0,0,0,-1.4233200390418703,-4.4799999999999951,22.222222222222221,-1.4233200390418699,22.222222222222221,-11.375406387454579,-9.9514563106796068,0,10.669777691360434
non_overheated,C,2024,volatility_regime,UNKNOWN,20,61,9,9,1,1,0,0,0,0,-3.4421140194717643,-5.5059523809523832,22.222222222222221,-3.4421140194717643,22.222222222222221,-14.323008167668368,-11.627906976744184,-0.1600000000000045,13.567437941538664
non_overheated,C,2024,joint_regime,BEAR_HIGH,5,49,431,424,47,45,0,0,0,7,-0.30470652392977876,-1.1880943540393818,41.745283018867923,0.12850086943287503,42.395518606302922,-9.1116540777789101,-5.5914700512604441,3.2637007450496078,9.3770979743695797
non_overheated,C,2024,joint_regime,BEAR_HIGH,10,49,431,424,47,45,0,0,0,7,-0.5602119104223876,-1.9206500786098757,41.745283018867923,0.40607136711128278,43.717609550942882,-14.811469871022714,-8.2256917277188979,4.6990086320630233,14.739800727076888
non_overheated,C,2024,joint_regime,BEAR_HIGH,20,49,431,382,47,40,0,1,0,48,-1.1137905622390583,-3.8472656383424173,35.602094240837694,0.21584062119940697,40.460126678876676,-19.428371694255752,-11.086456332636299,5.1722847940168126,16.956640289935759
non_overheated,C,2024,joint_regime,BEAR_LOW,5,61,486,471,61,59,0,1,0,14,-0.81277657491765343,-0.73446327683616142,43.099787685774949,-0.50852347090433647,47.515815634459699,-9.2657342657342703,-4.9439087292133248,2.8853872454288609,7.0476190476190572
non_overheated,C,2024,joint_regime,BEAR_LOW,10,61,486,466,61,58,0,3,0,17,-0.8036273298031591,-1.4885822802616411,42.274678111587981,-1.0573260487405913,41.437350006315519,-11.670376926511523,-6.7133694624512827,3.6792879830022054,10.578090303478906
non_overheated,C,2024,joint_regime,BEAR_LOW,20,61,486,463,61,57,0,3,0,20,-1.4870896097724118,-2.2502250225022502,38.876889848812098,-1.3808500330647477,40.066475434896489,-17.111866125760649,-9.6964045426453822,5.2355254095430732,14.304803329081373
non_overheated,C,2024,joint_regime,BEAR_UNKNOWN,5,6,0,0,0,0,0,0,0,0,,,,,,,,,
non_overheated,C,2024,joint_regime,BEAR_UNKNOWN,10,6,0,0,0,0,0,0,0,0,,,,,,,,,
non_overheated,C,2024,joint_regime,BEAR_UNKNOWN,20,6,0,0,0,0,0,0,0,0,,,,,,,,,
non_overheated,C,2024,joint_regime,BULL_HIGH,5,6,71,71,6,6,0,0,0,0,0.52771734498367973,-0.95759233926128162,45.070422535211272,0.54996452215728497,45.067617567617575,-7.8869047619047663,-3.7510102072447093,2.4898561048440238,8.4226646248085846
non_overheated,C,2024,joint_regime,BULL_HIGH,10,6,71,71,6,6,0,0,0,0,1.4535159181151331,-1.5801354401805856,43.661971830985912,2.1307573416720231,46.09214859214859,-7.6438848920863283,-5.3909237197934949,6.9394469112595285,13.924050632911401
non_overheated,C,2024,joint_regime,BULL_HIGH,20,6,71,71,6,6,0,0,0,0,3.7714347440337148,1.1494252873563315,56.338028169014088,5.3614180391117676,58.369685869685874,-12.165628435324294,-8.1531603877000585,6.2491087231883018,27.66917293233082
non_overheated,C,2024,joint_regime,BULL_LOW,5,10,135,135,10,10,0,0,0,0,-0.36335417118662472,-1.4675052410901499,37.037037037037038,-0.10754425858389494,39.152958152958156,-8.4744541741161719,-4.1348837209302332,1.9342929142869727,8.0674999171170079
non_overheated,C,2024,joint_regime,BULL_LOW,10,10,135,135,10,10,0,0,0,0,-0.56691494897326611,-2.884615384615385,34.814814814814817,-0.452882683923092,35.632756132756128,-9.864137549821077,-7.4411288504498625,3.2850457984866628,10.675046510730079
non_overheated,C,2024,joint_regime,BULL_LOW,20,10,135,134,10,10,0,1,0,0,-0.40953169880829865,-3.2012819987292715,34.328358208955223,-0.20095802334382445,35.178040913335032,-17.556016658435208,-9.2878545104552828,3.1160819974490548,20.111027201920194
non_overheated,C,2024,joint_regime,BULL_UNKNOWN,5,4,0,0,0,0,0,0,0,0,,,,,,,,,
non_overheated,C,2024,joint_regime,BULL_UNKNOWN,10,4,0,0,0,0,0,0,0,0,,,,,,,,,
non_overheated,C,2024,joint_regime,BULL_UNKNOWN,20,4,0,0,0,0,0,0,0,0,,,,,,,,,
non_overheated,C,2024,joint_regime,NEUTRAL_HIGH,5,22,240,240,22,22,0,0,0,0,-0.86047912736993859,-1.8039487906321094,37.5,-1.3913490512985611,33.143857405221041,-9.73951296403526,-5.7319565968974109,2.8306917221343708,8.8288659278069233
non_overheated,C,2024,joint_regime,NEUTRAL_HIGH,10,22,240,233,22,21,0,0,0,7,-1.0735568863355243,-2.9299363057324834,34.763948497854074,-1.3896528530441832,34.083509083509092,-12.983430523800957,-8.6269744835965945,2.316602316602312,12.241357653463281
non_overheated,C,2024,joint_regime,NEUTRAL_HIGH,20,22,240,199,22,19,0,0,0,41,-1.3582383007005712,-4.7557840616966551,31.155778894472363,-2.8173332565832623,27.633521449310923,-17.519549929676508,-10.194363407934242,3.1942382758810228,16.593151014516021
non_overheated,C,2024,joint_regime,NEUTRAL_LOW,5,35,359,353,35,34,0,1,0,5,-0.72687061107200834,-1.6138007790762354,36.260623229461757,-1.3929634330729539,33.880922998570064,-9.9848866879048153,-5.7926829268292739,1.8972332015810167,7.1514816949583642
non_overheated,C,2024,joint_regime,NEUTRAL_LOW,10,35,359,325,35,31,0,3,0,31,-1.3073875331793348,-2.1159390444810522,38.461538461538467,-1.0195867407617512,38.803722368712883,-11.603528972856029,-7.1982281284606815,3.730569948186524,9.1282051282051224
non_overheated,C,2024,joint_regime,NEUTRAL_LOW,20,35,359,308,35,30,0,4,0,47,-2.3430826770392827,-2.665291008803472,37.012987012987011,-1.0638299156745201,40.214844523668056,-17.723026097664945,-10.670701545308294,4.4118446461205547,12.359501659322143
non_overheated,C,2024,joint_regime,NEUTRAL_UNKNOWN,5,31,9,9,1,1,0,0,0,0,0.63323352887214446,-0.97357440890125635,44.444444444444443,0.63323352887214446,44.444444444444443,-4.9482253337675015,-3.1553398058252413,1.4880952380952328,5.1711046189881742
non_overheated,C,2024,joint_regime,NEUTRAL_UNKNOWN,10,31,9,9,1,1,0,0,0,0,-1.4233200390418703,-4.4799999999999951,22.222222222222221,-1.4233200390418699,22.222222222222221,-11.375406387454579,-9.9514563106796068,0,10.669777691360434
non_overheated,C,2024,joint_regime,NEUTRAL_UNKNOWN,20,31,9,9,1,1,0,0,0,0,-3.4421140194717643,-5.5059523809523832,22.222222222222221,-3.4421140194717643,22.222222222222221,-14.323008167668368,-11.627906976744184,-0.1600000000000045,13.567437941538664
non_overheated,C,2024,joint_regime,UNKNOWN_UNKNOWN,5,20,0,0,0,0,0,0,0,0,,,,,,,,,
non_overheated,C,2024,joint_regime,UNKNOWN_UNKNOWN,10,20,0,0,0,0,0,0,0,0,,,,,,,,,
non_overheated,C,2024,joint_regime,UNKNOWN_UNKNOWN,20,20,0,0,0,0,0,0,0,0,,,,,,,,,
non_overheated,C,2025,direction,BEAR,5,40,242,242,39,39,0,0,0,0,0.53817579003855265,-0.1244150437127777,47.933884297520663,0.39276194796656577,46.258196931273851,-8.8730921681789603,-4.9073761611281856,4.0610183116246095,12.471108891675236
non_overheated,C,2025,direction,BEAR,10,40,242,242,39,39,0,0,0,0,2.1023687547925238,0.60073603694617006,52.892561983471076,1.2658350943766068,51.437149033302873,-14.162215369471763,-6.1154070092041666,8.4679114293075113,17.775725169818251
non_overheated,C,2025,direction,BEAR,20,40,242,241,39,39,0,1,0,0,7.7328296576051976,3.6954087346024567,59.751037344398341,6.4262296916360757,58.622687853457101,-14.770318021201412,-5.997552019583841,17.101449275362324,34.375
non_overheated,C,2025,direction,BULL,5,104,1420,1401,104,102,0,2,0,17,1.1721475044620857,-0.63999999999999613,44.896502498215561,1.1606560309151563,44.364144656196672,-8.4789644012944976,-4.298642533936647,4.5368620037807164,11.471861471861477
non_overheated,C,2025,direction,BULL,10,104,1420,1342,104,98,0,2,0,76,2.1382921927411598,-0.49321899896612725,46.795827123695979,2.6032784480547035,47.379126444128872,-10.647224412917943,-5.9506269234036155,6.2544038123343082,16.902333976496671
non_overheated,C,2025,direction,BULL,20,104,1420,1324,104,97,0,3,0,93,5.6187852661745046,1.7377577982910619,55.21148036253777,5.6642353976088993,54.628630140209168,-11.908392137096772,-5.555555555555558,11.763696414882673,26.772983114446536
non_overheated,C,2025,direction,NEUTRAL,5,98,1297,1261,97,94,0,0,0,36,2.1038403390772706,0.7001166861143604,53.766851704996036,1.9677299882011943,52.759498526023997,-7.5566750629722961,-3.3868092691622054,5.7529610829103239,12.520868113522532
non_overheated,C,2025,direction,NEUTRAL,10,98,1297,1256,97,93,0,0,0,41,3.7115335639720382,1.1132077297490883,54.140127388535028,3.0852263172293419,52.752904515305865,-10.383421101625041,-4.8921568627450984,8.8819965208396958,20.30909671636255
non_overheated,C,2025,direction,NEUTRAL,20,98,1297,1098,97,84,0,1,0,198,4.8990833614580573,0.76038090623529175,52.550091074681241,3.4627541123725818,50.277791294030983,-14.138417206956886,-7.4522118650546583,11.286935579279454,29.18242830994512
non_overheated,C,2025,direction,UNKNOWN,5,0,0,0,0,0,0,0,0,0,,,,,,,,,
non_overheated,C,2025,direction,UNKNOWN,10,0,0,0,0,0,0,0,0,0,,,,,,,,,
non_overheated,C,2025,direction,UNKNOWN,20,0,0,0,0,0,0,0,0,0,,,,,,,,,
non_overheated,C,2025,volatility_regime,HIGH,5,134,1938,1890,133,129,0,1,0,47,1.5751612116775302,-0.03984063745020025,49.100529100529101,1.2157639419186137,46.667953344614531,-8.0258692762037214,-4.0416641972381901,5.3178067718144595,12.14782029316582
non_overheated,C,2025,volatility_regime,HIGH,10,134,1938,1826,133,124,0,1,0,111,2.8007923511602879,0.15885633532691784,50.273822562979184,2.3363460868535006,49.678944054614703,-10.761079860986705,-5.3555142198932177,7.2405404043675725,18.185205100629901
non_overheated,C,2025,volatility_regime,HIGH,20,134,1938,1687,133,117,0,3,0,248,5.1700640090919023,1.0822510822510845,53.882631890930647,4.265404370176185,52.079030760552754,-12.647165783856428,-6.2687458342590539,10.874940867845007,25.434091199085078
non_overheated,C,2025,volatility_regime,LOW,5,108,1021,1014,107,106,0,1,0,6,1.4283088485666846,0,48.816568047337277,1.5267707689382366,49.70225769096907,-8.2982336739162008,-3.8846420548679013,4.560977919416298,11.677651739153818
non_overheated,C,2025,volatility_regime,LOW,10,108,1021,1014,107,106,0,1,0,6,2.8854050142491339,0.34543241695303972,51.084812623274168,2.8463017860617303,50.89654963183645,-10.837173144876324,-5.5624390887679676,8.1006096745995446,18.328008649068892
non_overheated,C,2025,volatility_regime,LOW,20,108,1021,976,107,103,0,2,0,43,6.1067409707385298,2.281004743895243,55.635245901639344,5.7463381133063427,55.488833199990736,-13.824917413874465,-6.653622540250451,14.748816625599797,31.405576674829625
non_overheated,C,2025,volatility_regime,UNKNOWN,5,0,0,0,0,0,0,0,0,0,,,,,,,,,
non_overheated,C,2025,volatility_regime,UNKNOWN,10,0,0,0,0,0,0,0,0,0,,,,,,,,,
non_overheated,C,2025,volatility_regime,UNKNOWN,20,0,0,0,0,0,0,0,0,0,,,,,,,,,
non_overheated,C,2025,joint_regime,BEAR_HIGH,5,12,86,86,11,11,0,0,0,0,-0.24930986661435628,-1.645425820408414,43.02325581395349,-0.66027027970587016,33.760330578512395,-9.782991202346043,-4.943400906487474,4.2301106123015684,10.534269126369766
non_overheated,C,2025,joint_regime,BEAR_HIGH,10,12,86,86,11,11,0,0,0,0,0.10235983406991214,0.058139534883716551,50,-1.8408611518821749,44.125344352617077,-16.34563592097042,-9.4825149213929798,7.765318057700151,17.363970588235301
non_overheated,C,2025,joint_regime,BEAR_HIGH,20,12,86,85,11,11,0,1,0,0,2.9989707459756527,0.34722222222223198,50.588235294117645,-0.71790701705492976,44.024006296733567,-15.75579233733847,-10.729613733905571,10.703812316715531,22.863835895728876
non_overheated,C,2025,joint_regime,BEAR_LOW,5,28,156,156,28,28,0,0,0,0,0.97230249819336201,0.25982490061046137,50.641025641025635,0.80645318026645174,51.168072998430134,-8.7085406301824211,-4.694787399841255,4.0372885897505757,13.180253578326973
non_overheated,C,2025,joint_regime,BEAR_LOW,10,28,156,156,28,28,0,0,0,0,3.2049377751908859,0.61737804878049252,54.487179487179482,2.4863229054068428,54.309643729286584,-11.832675658751381,-4.384235245244259,9.8565083157372211,18.428669259493759
non_overheated,C,2025,joint_regime,BEAR_LOW,20,28,156,156,28,28,0,0,0,0,10.31217585945463,4.1812002311995222,64.743589743589752,9.2328548271932593,64.357884179312748,-12.795264821437147,-2.7157393870979654,19.656699685961783,38.164014754080618
non_overheated,C,2025,joint_regime,BEAR_UNKNOWN,5,0,0,0,0,0,0,0,0,0,,,,,,,,,
non_overheated,C,2025,joint_regime,BEAR_UNKNOWN,10,0,0,0,0,0,0,0,0,0,,,,,,,,,
non_overheated,C,2025,joint_regime,BEAR_UNKNOWN,20,0,0,0,0,0,0,0,0,0,,,,,,,,,
non_overheated,C,2025,joint_regime,BULL_HIGH,5,69,1067,1055,69,68,0,1,0,11,0.82185617786922305,-0.92592592592593004,43.03317535545024,0.52163290366727944,41.357686746195007,-8.3040839659080898,-4.5690697430519176,4.1688217084718699,10.924237840553003
non_overheated,C,2025,joint_regime,BULL_HIGH,10,69,1067,996,69,64,0,1,0,70,1.7044722042672991,-0.59277850664536935,45.381526104417667,1.8833678601611319,45.724169787568925,-10.750100076707175,-5.9408715146420077,5.7485850983137903,15.328749658501039
non_overheated,C,2025,joint_regime,BULL_HIGH,20,69,1067,978,69,63,0,2,0,87,4.936154639728584,1.0222490167370091,53.783231083844584,4.7214914924946729,52.626370535151459,-11.73646658109613,-5.7173474030379667,10.103235522736103,22.770451429749958
non_overheated,C,2025,joint_regime,BULL_LOW,5,35,353,346,35,34,0,1,0,6,2.2402323297669122,0.32239791143293661,50.578034682080933,2.4387022854109106,50.377060476199965,-8.7332584145465226,-3.6543070633018484,5.3868394945697506,12.874492485219735
non_overheated,C,2025,joint_regime,BULL_LOW,10,35,353,346,35,34,0,1,0,6,3.3870919283479957,0.24712829155759669,50.867052023121381,3.9584042605602501,50.494338974124084,-10.374978649603866,-5.950169474534964,8.8054499366286336,22.132672578681962
non_overheated,C,2025,joint_regime,BULL_LOW,20,35,353,346,35,34,0,1,0,6,7.5483018923713558,4.1257409470101258,59.248554913294797,7.4110843982617292,58.338699408404381,-13.219928868587981,-5.2430818223968387,16.946855279286911,32.918697961166671
non_overheated,C,2025,joint_regime,BULL_UNKNOWN,5,0,0,0,0,0,0,0,0,0,,,,,,,,,
non_overheated,C,2025,joint_regime,BULL_UNKNOWN,10,0,0,0,0,0,0,0,0,0,,,,,,,,,
non_overheated,C,2025,joint_regime,BULL_UNKNOWN,20,0,0,0,0,0,0,0,0,0,,,,,,,,,
non_overheated,C,2025,joint_regime,NEUTRAL_HIGH,5,53,785,749,53,50,0,0,0,36,2.8457103750965773,1.2645914396887117,58.344459279038716,2.5725096826978153,56.729592927007552,-7.336977485911051,-2.9748283752860427,6.614077669902918,13.946418906729214
non_overheated,C,2025,joint_regime,NEUTRAL_HIGH,10,53,785,744,53,49,0,0,0,41,4.5803623280086603,1.9195350550485046,56.854838709677423,3.8657315181678675,56.091089969163768,-9.6813110291673929,-4.2721759228018046,9.7421878632680645,21.198394969802273
non_overheated,C,2025,joint_regime,NEUTRAL_HIGH,20,53,785,624,53,43,0,0,0,161,5.8324138337749254,1.1796323533587394,54.487179487179482,4.8719842900245025,53.337702000141007,-13.658805031446541,-6.7329585259913118,12.375828320929767,31.317802745586068
non_overheated,C,2025,joint_regime,NEUTRAL_LOW,5,45,512,512,44,44,0,0,0,0,1.0185656184162151,-0.34382904285747967,47.0703125,1.2804803353641245,48.24802761581541,-7.7705276185984067,-3.6889119811437969,3.872645734779212,10.392271977284073
non_overheated,C,2025,joint_regime,NEUTRAL_LOW,10,45,512,512,44,44,0,0,0,0,2.4490167662313214,0.15811232668673236,50.1953125,2.2160273434568927,49.035379805327736,-11.034193400383957,-5.4805672268907593,7.3542946199092061,17.505926159009864
non_overheated,C,2025,joint_regime,NEUTRAL_LOW,20,45,512,474,44,41,0,1,0,37,3.6703951447371179,0.025316455696200401,50,1.9847809992254453,47.068616651037551,-14.791634517766495,-8.1589565936255983,9.6873092065096138,26.225139572162956
non_overheated,C,2025,joint_regime,NEUTRAL_UNKNOWN,5,0,0,0,0,0,0,0,0,0,,,,,,,,,
non_overheated,C,2025,joint_regime,NEUTRAL_UNKNOWN,10,0,0,0,0,0,0,0,0,0,,,,,,,,,
non_overheated,C,2025,joint_regime,NEUTRAL_UNKNOWN,20,0,0,0,0,0,0,0,0,0,,,,,,,,,
non_overheated,C,2025,joint_regime,UNKNOWN_UNKNOWN,5,0,0,0,0,0,0,0,0,0,,,,,,,,,
non_overheated,C,2025,joint_regime,UNKNOWN_UNKNOWN,10,0,0,0,0,0,0,0,0,0,,,,,,,,,
non_overheated,C,2025,joint_regime,UNKNOWN_UNKNOWN,20,0,0,0,0,0,0,0,0,0,,,,,,,,,
non_overheated,C,2026,direction,BEAR,5,64,328,327,63,63,0,1,0,0,-0.71223515007083926,-2.349869451697129,42.813455657492355,-0.060192337862072245,44.944352384828576,-20.522123282943323,-11.509368516809666,8.7513884889126601,19.381375290802747
non_overheated,C,2026,direction,BEAR,10,64,328,327,63,63,0,1,0,0,-0.83007990361005224,-3.7138927097661649,41.590214067278289,-1.0923049343466844,42.279226505416986,-21.675858732462505,-13.483873849727505,9.8478835978835981,20.875503122831386
non_overheated,C,2026,direction,BEAR,20,64,328,326,63,63,0,2,0,0,2.4825345732485609,-1.9361866610443479,47.852760736196323,0.98208506113534388,46.280646161598547,-29.654665539043933,-16.026049634540197,16.065750093527875,34.821519931005241
non_overheated,C,2026,direction,BULL,5,66,949,914,66,64,35,0,0,0,2.6796858427103505,0.63542534130769379,53.063457330415751,1.554957642711476,48.34828088952505,-11.290846444606357,-5.1142857142857183,7.3032760966063641,18.215725962207021
non_overheated,C,2026,direction,BULL,10,66,949,903,66,63,44,2,0,0,3.5732983656903707,0.47169811320755262,51.162790697674424,2.734064381891065,48.230683527954326,-14.862125864416736,-7.3440998656515859,10.002970279472269,24.01718983893516
non_overheated,C,2026,direction,BULL,20,66,949,885,66,62,59,5,0,0,4.5125319670768196,-0.94745908699397363,47.118644067796609,3.1840232107396162,42.798109851461675,-23.281650520345234,-12.842712842712844,15.245478036175708,38.022832606324975
non_overheated,C,2026,direction,NEUTRAL,5,56,696,659,55,52,36,1,0,0,4.1548716909686743,1.0398613518197486,54.172989377845212,4.1932667628861067,52.420709626504546,-8.4481353295163704,-3.8806950934579421,8.4621548882639281,19.71285830470217
non_overheated,C,2026,direction,NEUTRAL,10,56,696,617,55,48,77,2,0,0,8.3672902758813521,4.0441176470588323,62.236628849270673,8.7268583383313185,59.836275843169361,-10.917241379310346,-3.468834688346889,15.308151093439372,32.243045965673701
non_overheated,C,2026,direction,NEUTRAL,20,56,696,506,55,39,187,3,0,0,15.507976402080105,7.6048080870279149,67.786561264822126,12.964119062602109,60.984768455536361,-13.680998236809982,-3.8459008146127212,26.354288027487602,54.536444734551793
non_overheated,C,2026,direction,UNKNOWN,5,0,0,0,0,0,0,0,0,0,,,,,,,,,
non_overheated,C,2026,direction,UNKNOWN,10,0,0,0,0,0,0,0,0,0,,,,,,,,,
non_overheated,C,2026,direction,UNKNOWN,20,0,0,0,0,0,0,0,0,0,,,,,,,,,
non_overheated,C,2026,volatility_regime,HIGH,5,184,1944,1886,182,178,56,2,0,0,2.5869119052422542,0.37763972527451445,51.590668080593851,1.73249360033333,48.243681817226552,-11.908424703513088,-5.2700952733327142,7.9573569705148666,19.043736988522262
non_overheated,C,2026,volatility_regime,HIGH,10,184,1944,1847,182,174,92,5,0,0,4.3951653470258325,1.0695187165775444,53.167298321602594,3.0018393415816056,49.277388348129428,-15.190428391771373,-7.3228236607142829,11.605229787047977,27.141888844373558
non_overheated,C,2026,volatility_regime,HIGH,20,184,1944,1717,182,164,217,10,0,0,7.367462505063803,1.9261637239165408,53.34886429819452,4.6639112277979571,48.460789565471032,-22.208317101675107,-11.155778894472355,19.02632886239444,43.492830412390234
non_overheated,C,2026,volatility_regime,LOW,5,2,29,14,2,1,15,0,0,0,5.3911826589686482,5.4920396634140616,64.285714285714292,5.3911826589686482,64.285714285714292,-5.2795529087524518,-3.4193881947436422,8.4316069254298629,15.363174276252179
non_overheated,C,2026,volatility_regime,LOW,10,2,29,0,2,0,29,0,0,0,,,,,,,,,
non_overheated,C,2026,volatility_regime,LOW,20,2,29,0,2,0,29,0,0,0,,,,,,,,,
non_overheated,C,2026,volatility_regime,UNKNOWN,5,0,0,0,0,0,0,0,0,0,,,,,,,,,
non_overheated,C,2026,volatility_regime,UNKNOWN,10,0,0,0,0,0,0,0,0,0,,,,,,,,,
non_overheated,C,2026,volatility_regime,UNKNOWN,20,0,0,0,0,0,0,0,0,0,,,,,,,,,
non_overheated,C,2026,joint_regime,BEAR_HIGH,5,64,328,327,63,63,0,1,0,0,-0.71223515007083926,-2.349869451697129,42.813455657492355,-0.060192337862072245,44.944352384828576,-20.522123282943323,-11.509368516809666,8.7513884889126601,19.381375290802747
non_overheated,C,2026,joint_regime,BEAR_HIGH,10,64,328,327,63,63,0,1,0,0,-0.83007990361005224,-3.7138927097661649,41.590214067278289,-1.0923049343466844,42.279226505416986,-21.675858732462505,-13.483873849727505,9.8478835978835981,20.875503122831386
non_overheated,C,2026,joint_regime,BEAR_HIGH,20,64,328,326,63,63,0,2,0,0,2.4825345732485609,-1.9361866610443479,47.852760736196323,0.98208506113534388,46.280646161598547,-29.654665539043933,-16.026049634540197,16.065750093527875,34.821519931005241
non_overheated,C,2026,joint_regime,BEAR_LOW,5,0,0,0,0,0,0,0,0,0,,,,,,,,,
non_overheated,C,2026,joint_regime,BEAR_LOW,10,0,0,0,0,0,0,0,0,0,,,,,,,,,
non_overheated,C,2026,joint_regime,BEAR_LOW,20,0,0,0,0,0,0,0,0,0,,,,,,,,,
non_overheated,C,2026,joint_regime,BEAR_UNKNOWN,5,0,0,0,0,0,0,0,0,0,,,,,,,,,
non_overheated,C,2026,joint_regime,BEAR_UNKNOWN,10,0,0,0,0,0,0,0,0,0,,,,,,,,,
non_overheated,C,2026,joint_regime,BEAR_UNKNOWN,20,0,0,0,0,0,0,0,0,0,,,,,,,,,
non_overheated,C,2026,joint_regime,BULL_HIGH,5,66,949,914,66,64,35,0,0,0,2.6796858427103505,0.63542534130769379,53.063457330415751,1.554957642711476,48.34828088952505,-11.290846444606357,-5.1142857142857183,7.3032760966063641,18.215725962207021
non_overheated,C,2026,joint_regime,BULL_HIGH,10,66,949,903,66,63,44,2,0,0,3.5732983656903707,0.47169811320755262,51.162790697674424,2.734064381891065,48.230683527954326,-14.862125864416736,-7.3440998656515859,10.002970279472269,24.01718983893516
non_overheated,C,2026,joint_regime,BULL_HIGH,20,66,949,885,66,62,59,5,0,0,4.5125319670768196,-0.94745908699397363,47.118644067796609,3.1840232107396162,42.798109851461675,-23.281650520345234,-12.842712842712844,15.245478036175708,38.022832606324975
non_overheated,C,2026,joint_regime,BULL_LOW,5,0,0,0,0,0,0,0,0,0,,,,,,,,,
non_overheated,C,2026,joint_regime,BULL_LOW,10,0,0,0,0,0,0,0,0,0,,,,,,,,,
non_overheated,C,2026,joint_regime,BULL_LOW,20,0,0,0,0,0,0,0,0,0,,,,,,,,,
non_overheated,C,2026,joint_regime,BULL_UNKNOWN,5,0,0,0,0,0,0,0,0,0,,,,,,,,,
non_overheated,C,2026,joint_regime,BULL_UNKNOWN,10,0,0,0,0,0,0,0,0,0,,,,,,,,,
non_overheated,C,2026,joint_regime,BULL_UNKNOWN,20,0,0,0,0,0,0,0,0,0,,,,,,,,,
non_overheated,C,2026,joint_regime,NEUTRAL_HIGH,5,54,667,645,53,51,21,1,0,0,4.1280370342989077,0.97087378640776645,53.953488372093027,4.1697782159040955,52.188062476323971,-8.4485317252878218,-3.8551401869158841,8.4474885844748808,19.790203986788164
non_overheated,C,2026,joint_regime,NEUTRAL_HIGH,10,54,667,617,53,48,48,2,0,0,8.3672902758813521,4.0441176470588323,62.236628849270673,8.7268583383313185,59.836275843169361,-10.917241379310346,-3.468834688346889,15.308151093439372,32.243045965673701
non_overheated,C,2026,joint_regime,NEUTRAL_HIGH,20,54,667,506,53,39,158,3,0,0,15.507976402080105,7.6048080870279149,67.786561264822126,12.964119062602109,60.984768455536361,-13.680998236809982,-3.8459008146127212,26.354288027487602,54.536444734551793
non_overheated,C,2026,joint_regime,NEUTRAL_LOW,5,2,29,14,2,1,15,0,0,0,5.3911826589686482,5.4920396634140616,64.285714285714292,5.3911826589686482,64.285714285714292,-5.2795529087524518,-3.4193881947436422,8.4316069254298629,15.363174276252179
non_overheated,C,2026,joint_regime,NEUTRAL_LOW,10,2,29,0,2,0,29,0,0,0,,,,,,,,,
non_overheated,C,2026,joint_regime,NEUTRAL_LOW,20,2,29,0,2,0,29,0,0,0,,,,,,,,,
non_overheated,C,2026,joint_regime,NEUTRAL_UNKNOWN,5,0,0,0,0,0,0,0,0,0,,,,,,,,,
non_overheated,C,2026,joint_regime,NEUTRAL_UNKNOWN,10,0,0,0,0,0,0,0,0,0,,,,,,,,,
non_overheated,C,2026,joint_regime,NEUTRAL_UNKNOWN,20,0,0,0,0,0,0,0,0,0,,,,,,,,,
non_overheated,C,2026,joint_regime,UNKNOWN_UNKNOWN,5,0,0,0,0,0,0,0,0,0,,,,,,,,,
non_overheated,C,2026,joint_regime,UNKNOWN_UNKNOWN,10,0,0,0,0,0,0,0,0,0,,,,,,,,,
non_overheated,C,2026,joint_regime,UNKNOWN_UNKNOWN,20,0,0,0,0,0,0,0,0,0,,,,,,,,,
overheated,A,ALL,direction,BEAR,5,220,25,25,25,25,0,0,0,0,-0.22472575969114714,1.2006861063464935,52,-0.22472575969114714,52,-17.238794865569709,-8.2840236686390512,4.6485260770975145,15.029451755855822
overheated,A,ALL,direction,BEAR,10,220,25,25,25,25,0,0,0,0,5.5273366129192389,2.915951972555741,60,5.5273366129192389,60,-19.010685103708354,-7.1005917159763339,15.557163531114336,37.05427360093644
overheated,A,ALL,direction,BEAR,20,220,25,25,25,25,0,0,0,0,6.866599838195218,2.3316062176165886,52,6.866599838195218,52,-24.399795332858215,-16.222062004325888,21.925643469971408,38.55939621927272
overheated,A,ALL,direction,BULL,5,190,70,69,51,50,0,0,0,1,1.0089259740369496,-0.26978417266186883,47.826086956521742,-0.022543881646189982,45.666666666666664,-9.2581676283780983,-3.9627039627039617,4.5197740112994378,10.830664769020931
overheated,A,ALL,direction,BULL,10,190,70,67,51,48,0,0,0,3,1.4347397353497358,-0.66006600660065695,46.268656716417908,0.20966412544433188,42.013888888888886,-11.790981898669893,-7.6578073089700984,4.4994265975546792,14.346516036558112
overheated,A,ALL,direction,BULL,20,190,70,66,51,47,1,0,0,3,4.7351035011729135,-1.1313236175939934,43.939393939393938,3.8126308807882747,42.198581560283685,-14.681941589911446,-5.6580740404269827,13.905362472321169,39.425418126981853
overheated,A,ALL,direction,NEUTRAL,5,242,69,68,56,55,0,0,0,1,0.26178192969239084,-2.141361921346685,42.647058823529413,-0.13098193050341833,42.424242424242422,-10.176475716200459,-5.7369434126630674,4.6572949421460397,10.361649553785647
overheated,A,ALL,direction,NEUTRAL,10,242,69,67,56,54,1,0,0,1,0.71430606245482997,-2.7237354085603127,37.313432835820898,-0.033175139244217694,35.802469135802468,-16.783921599872521,-8.6150101208337482,5.1937908369854906,25.838780307663768
overheated,A,ALL,direction,NEUTRAL,20,242,69,63,56,50,3,0,0,3,6.4551407600680593,-1.1673151750972719,47.619047619047613,5.458753188937254,44.666666666666664,-16.135327635327631,-7.7978782802903428,14.971302638254702,39.025066749617686
overheated,A,ALL,direction,UNKNOWN,5,20,0,0,0,0,0,0,0,0,,,,,,,,,
overheated,A,ALL,direction,UNKNOWN,10,20,0,0,0,0,0,0,0,0,,,,,,,,,
overheated,A,ALL,direction,UNKNOWN,20,20,0,0,0,0,0,0,0,0,,,,,,,,,
overheated,A,ALL,volatility_regime,HIGH,5,395,118,116,95,93,0,0,0,2,1.4334764163289595,-0.33700054403675289,46.551724137931032,0.75601867454999272,47.311827956989248,-11.184217077420962,-5.2215473875042004,6.0485628890536933,15.214385146534159
overheated,A,ALL,volatility_regime,HIGH,10,395,118,113,95,90,1,0,0,4,2.1527363831723214,-0.71225071225071712,46.902654867256636,1.1648779615426514,44.81481481481481,-17.641071184588061,-7.6744186046511667,6.9327731092436951,28.162393429312004
overheated,A,ALL,volatility_regime,HIGH,20,395,118,108,95,85,4,0,0,6,6.2542125690443182,-0.78454994348265972,47.222222222222221,5.3179280898499348,45.294117647058826,-19.384319743214323,-6.9545277127244312,17.519403594771251,43.514466473243054
overheated,A,ALL,volatility_regime,LOW,5,216,46,46,37,37,0,0,0,0,-1.8366161925827376,-1.1282695697746425,45.652173913043477,-2.2772724590655535,40.990990990990987,-8.0664304389706896,-5.6739946815986899,2.2657089679854527,6.2542125073880905
overheated,A,ALL,volatility_regime,LOW,10,216,46,46,37,37,0,0,0,0,0.84587548863944784,-2.7316373181943798,39.130434782608695,1.1247788996292576,38.288288288288285,-10.969746236396517,-8.558016058016058,4.9104382116019476,17.492156613611819
overheated,A,ALL,volatility_regime,LOW,20,216,46,46,37,37,0,0,0,0,4.6826247273868287,-1.7196493982208294,45.652173913043477,4.6424978151769638,45.045045045045043,-15.484184433052445,-7.742075192966011,16.730740635735906,36.45522068625332
overheated,A,ALL,volatility_regime,UNKNOWN,5,61,0,0,0,0,0,0,0,0,,,,,,,,,
overheated,A,ALL,volatility_regime,UNKNOWN,10,61,0,0,0,0,0,0,0,0,,,,,,,,,
overheated,A,ALL,volatility_regime,UNKNOWN,20,61,0,0,0,0,0,0,0,0,,,,,,,,,
overheated,A,ALL,joint_regime,BEAR_HIGH,5,125,16,16,16,16,0,0,0,0,2.3103208289773596,1.5886495443247772,50,2.3103208289773596,50,-16.553564575876948,-12.000146596517517,10.871904379069314,23.502764398779362
overheated,A,ALL,joint_regime,BEAR_HIGH,10,125,16,16,16,16,0,0,0,0,3.7230426799979579,4.0748708768875712,56.25,3.7230426799979579,56.25,-22.510653921902989,-11.8777978212641,18.208892603989856,31.847797775496012
overheated,A,ALL,joint_regime,BEAR_HIGH,20,125,16,16,16,16,0,0,0,0,9.0492116254698551,7.0785470812537614,56.25,9.0492116254698551,56.25,-23.613345457088901,-16.99817168626052,27.055636209106879,46.938161481009523
overheated,A,ALL,joint_regime,BEAR_LOW,5,89,9,9,9,9,0,0,0,0,-4.7314752506573807,1.2006861063464935,55.555555555555557,-4.7314752506573807,55.555555555555557,-13.329921637613944,-7.2261072261072252,2.3076923076922995,3.9348865625697549
overheated,A,ALL,joint_regime,BEAR_LOW,10,89,9,9,9,9,0,0,0,0,8.7349702714459632,0.7692307692307665,66.666666666666657,8.7349702714459632,66.666666666666657,-8.6354283277360224,-1.9430051813471461,7.3403241182078194,43.410993151925794
overheated,A,ALL,joint_regime,BEAR_LOW,20,89,9,9,9,9,0,0,0,0,2.9864011052625301,-0.64766839378238572,44.444444444444443,2.9864011052625301,44.444444444444443,-24.200277200277206,-5.7692307692307701,20.97902097902098,24.74258731483723
overheated,A,ALL,joint_regime,BEAR_UNKNOWN,5,6,0,0,0,0,0,0,0,0,,,,,,,,,
overheated,A,ALL,joint_regime,BEAR_UNKNOWN,10,6,0,0,0,0,0,0,0,0,,,,,,,,,
overheated,A,ALL,joint_regime,BEAR_UNKNOWN,20,6,0,0,0,0,0,0,0,0,,,,,,,,,
overheated,A,ALL,joint_regime,BULL_HIGH,5,141,53,52,38,37,0,0,0,1,1.3195616338585137,-0.296353820091183,46.153846153846153,0.12010373801516766,45.49549549549549,-9.9875461829050565,-3.6171351346448608,4.9754069818055138,13.058818721928469
overheated,A,ALL,joint_regime,BULL_HIGH,10,141,53,50,38,35,0,0,0,3,1.4462955594634364,0.037471719457016217,50,-0.40956022719500396,44.761904761904759,-12.889044165797122,-7.0127320373787665,4.0545916139777871,12.732353310617224
overheated,A,ALL,joint_regime,BULL_HIGH,20,141,53,49,38,34,1,0,0,3,2.2221074832845904,-1.2898845892735933,40.816326530612244,0.27466541248768328,37.745098039215684,-14.416634578359641,-5.7422969187675088,9.7359735973597381,23.72483283555707
overheated,A,ALL,joint_regime,BULL_LOW,5,45,17,17,13,13,0,0,0,0,0.058746308700399548,1.5801354401805856,52.941176470588239,-0.4285409529900534,46.153846153846153,-7.8040716249349913,-4.3189368770764069,2.4390243902439046,7.9562618413568975
overheated,A,ALL,joint_regime,BULL_LOW,10,45,17,17,13,13,0,0,0,0,1.400752017368265,-4.3664484347975652,35.294117647058826,1.8768066133194681,34.615384615384613,-10.905974503910112,-10.07194244604317,5.0880626223092085,22.845721294025086
overheated,A,ALL,joint_regime,BULL_LOW,20,45,17,17,13,13,0,0,0,0,11.978444964498083,2.5179856115107975,52.941176470588239,13.065771336343676,53.846153846153847,-14.58080231407475,-5.1395939086294362,35.233474833232272,44.831932773109251
overheated,A,ALL,joint_regime,BULL_UNKNOWN,5,4,0,0,0,0,0,0,0,0,,,,,,,,,
overheated,A,ALL,joint_regime,BULL_UNKNOWN,10,4,0,0,0,0,0,0,0,0,,,,,,,,,
overheated,A,ALL,joint_regime,BULL_UNKNOWN,20,4,0,0,0,0,0,0,0,0,,,,,,,,,
overheated,A,ALL,joint_regime,NEUTRAL_HIGH,5,129,49,48,41,40,0,0,0,1,1.2646026264558097,-0.98763643388389832,45.833333333333329,0.72251912907375926,47.916666666666664,-10.332754956416393,-5.9327221677674622,5.5174950079499956,16.436793595533569
overheated,A,ALL,joint_regime,NEUTRAL_HIGH,10,129,49,47,41,39,1,0,0,1,2.3696968179858131,-2.464985994397761,40.425531914893611,1.5283318361717046,40.17094017094017,-17.346290476841101,-9.3607121203450649,6.5540359570122835,36.384454598619399
overheated,A,ALL,joint_regime,NEUTRAL_HIGH,20,129,49,43,41,35,3,0,0,3,9.8089373201935803,0.30674846625766689,51.162790697674424,8.5113679315755864,47.619047619047613,-16.331908831908827,-7.3390985324947575,21.527962169201786,55.496042017018382
overheated,A,ALL,joint_regime,NEUTRAL_LOW,5,82,20,20,15,15,0,0,0,0,-2.1449877425398145,-4.137531480621826,35,-2.406984756042557,27.777777777777775,-7.1358863620347757,-5.1991693384271391,1.9694973753341229,5.8482402177144577
overheated,A,ALL,joint_regime,NEUTRAL_LOW,10,82,20,20,15,15,0,0,0,0,-3.1758622130429801,-4.3319038606701774,30,-4.0930932753256153,24.444444444444443,-9.0945454806127604,-8.3521108521108527,1.9163090530892157,6.859731715021133
overheated,A,ALL,joint_regime,NEUTRAL_LOW,20,82,20,20,15,15,0,0,0,0,-0.75552184420180524,-4.0302662370345015,40,-1.6640145438855261,37.777777777777771,-14.536907536907533,-8.2937322427024469,3.8350956148204878,12.967477401919687
overheated,A,ALL,joint_regime,NEUTRAL_UNKNOWN,5,31,0,0,0,0,0,0,0,0,,,,,,,,,
overheated,A,ALL,joint_regime,NEUTRAL_UNKNOWN,10,31,0,0,0,0,0,0,0,0,,,,,,,,,
overheated,A,ALL,joint_regime,NEUTRAL_UNKNOWN,20,31,0,0,0,0,0,0,0,0,,,,,,,,,
overheated,A,ALL,joint_regime,UNKNOWN_UNKNOWN,5,20,0,0,0,0,0,0,0,0,,,,,,,,,
overheated,A,ALL,joint_regime,UNKNOWN_UNKNOWN,10,20,0,0,0,0,0,0,0,0,,,,,,,,,
overheated,A,ALL,joint_regime,UNKNOWN_UNKNOWN,20,20,0,0,0,0,0,0,0,0,,,,,,,,,
overheated,A,2024,direction,BEAR,5,116,15,15,15,15,0,0,0,0,3.0450496554465016,1.2953367875647714,60,3.0450496554465016,60,-7.860857091626321,-6.3124330918241878,7.6333720099685971,22.480236472885981
overheated,A,2024,direction,BEAR,10,116,15,15,15,15,0,0,0,0,11.331844737068078,7.1537290715372848,73.333333333333329,11.331844737068078,73.333333333333329,-6.4272657177263577,-0.85812390586632037,27.41302582680116,37.05427360093644
overheated,A,2024,direction,BEAR,20,116,15,15,15,15,0,0,0,0,10.955998613894282,10.770975056689336,53.333333333333336,10.955998613894282,53.333333333333336,-21.784654346879826,-6.3159879336349913,24.232728505580237,35.596492826696633
overheated,A,2024,direction,BULL,5,20,3,3,2,2,0,0,0,0,2.9848111960249617,1.923076923076916,66.666666666666657,1.1588741777496194,50,-3.0705341170457423,-1.1979299769997456,6.6366852325756458,9.4648502182748846
overheated,A,2024,direction,BULL,10,20,3,3,2,2,0,0,0,0,-1.4920701046855831,-1.9230769230769276,33.333333333333329,-3.0293515818364449,25,-6.4975721952466099,-4.782136468182979,1.5824928496161403,3.6858347132319818
overheated,A,2024,direction,BULL,20,20,3,3,2,2,0,0,0,0,-0.51067432797283274,-1.602564102564108,33.333333333333329,-4.3281884702321154,25,-12.945097538120791,-8.6916474997870363,7.1243539565457326,12.360504792011637
overheated,A,2024,direction,NEUTRAL,5,88,7,7,6,6,0,0,0,0,-5.7055777750641221,-5.7061340941512162,0,-5.3036744337702038,0,-8.0773967359346734,-6.1776415382259913,-4.4099708764496093,-3.6396217023394697
overheated,A,2024,direction,NEUTRAL,10,88,7,7,6,6,0,0,0,0,-6.6246011737918602,-8.7012156110044749,14.285714285714285,-7.90310162917811,8.3333333333333321,-11.223488595187561,-9.5235177046673556,-5.1654476819629593,0.40359523525981489
overheated,A,2024,direction,NEUTRAL,20,88,7,6,6,5,0,0,0,1,-2.7846996955490106,0.23770201722307371,50,-4.1109764164540286,40,-12.72195499609316,-6.4893344272382327,2.7373437031941612,4.1301538922230536
overheated,A,2024,direction,UNKNOWN,5,20,0,0,0,0,0,0,0,0,,,,,,,,,
overheated,A,2024,direction,UNKNOWN,10,20,0,0,0,0,0,0,0,0,,,,,,,,,
overheated,A,2024,direction,UNKNOWN,20,20,0,0,0,0,0,0,0,0,,,,,,,,,
overheated,A,2024,volatility_regime,HIGH,5,77,10,10,9,9,0,0,0,0,7.1484174438323906,1.5886495443247772,50,8.8445746956835034,55.555555555555557,-6.3113262637632337,-5.4463606980421133,11.379277251528578,31.01375467294265
overheated,A,2024,volatility_regime,HIGH,10,77,10,10,9,9,0,0,0,0,13.234172200362909,8.8709821828274684,70,14.588368938344827,72.222222222222214,-5.9092308137053369,-0.56061424963891904,28.037498828893536,35.370398700161168
overheated,A,2024,volatility_regime,HIGH,20,77,10,9,9,8,0,0,0,1,20.129566641478235,19.788732394366203,77.777777777777786,22.164926983041006,75,-9.3554962248442557,2.3121387283236983,28.60310421286032,49.101316668960521
overheated,A,2024,volatility_regime,LOW,5,106,15,15,14,14,0,0,0,0,-3.7862026962666913,-4.3189368770764069,40,-4.5306946911840011,35.714285714285715,-7.860857091626321,-6.6471312592744409,1.6092068553208438,3.7121925693354276
overheated,A,2024,volatility_regime,LOW,10,106,15,15,14,14,0,0,0,0,-0.88083129854717868,-1.9430051813471461,40,-1.0567830234159874,39.285714285714285,-11.016184106457152,-8.4322404585634594,1.8425913708932538,6.4394195198483741
overheated,A,2024,volatility_regime,LOW,20,106,15,15,14,14,0,0,0,0,-2.3377561148068304,-1.8367346938775508,33.333333333333329,-3.0136211199034419,32.142857142857146,-21.015537648918535,-11.910465951017546,6.8250268757534922,18.927921393674815
overheated,A,2024,volatility_regime,UNKNOWN,5,61,0,0,0,0,0,0,0,0,,,,,,,,,
overheated,A,2024,volatility_regime,UNKNOWN,10,61,0,0,0,0,0,0,0,0,,,,,,,,,
overheated,A,2024,volatility_regime,UNKNOWN,20,61,0,0,0,0,0,0,0,0,,,,,,,,,
overheated,A,2024,joint_regime,BEAR_HIGH,5,49,7,7,7,7,0,0,0,0,13.145071253078823,10.61821794283968,71.428571428571431,13.145071253078823,71.428571428571431,-2.5538737549749442,1.5886495443247772,20.67235767536469,34.919763702857104
overheated,A,2024,joint_regime,BEAR_HIGH,10,49,7,7,7,7,0,0,0,0,20.083676648638377,26.164079822616412,85.714285714285708,20.083676648638377,85.714285714285708,2.1253267547818142,8.8709821828274684,31.847797775496012,36.380723640626329
overheated,A,2024,joint_regime,BEAR_HIGH,20,49,7,7,7,7,0,0,0,0,24.781818850764569,26.539813541189066,71.428571428571431,24.781818850764569,71.428571428571431,-11.848247351649295,6.4629936481634953,34.430928057723918,57.943881435333523
overheated,A,2024,joint_regime,BEAR_LOW,5,61,8,8,8,8,0,0,0,0,-5.7924692424817801,-2.7838323519745134,50,-5.7924692424817801,50,-15.852870622101392,-7.4905863367401819,1.5484256675966535,3.0099424385138636
overheated,A,2024,joint_regime,BEAR_LOW,10,61,8,8,8,8,0,0,0,0,3.673991814444066,0.49799406942263591,62.5,3.673991814444066,62.5,-9.4028466336158676,-3.2324018150044429,4.0220450089687603,17.725639470158058
overheated,A,2024,joint_regime,BEAR_LOW,20,61,8,8,8,8,0,0,0,0,-1.1415940933672175,-3.1540228761364753,37.5,-1.1415940933672175,37.5,-24.588704088704095,-10.182778932778934,13.322986537272246,21.263007726306107
overheated,A,2024,joint_regime,BEAR_UNKNOWN,5,6,0,0,0,0,0,0,0,0,,,,,,,,,
overheated,A,2024,joint_regime,BEAR_UNKNOWN,10,6,0,0,0,0,0,0,0,0,,,,,,,,,
overheated,A,2024,joint_regime,BEAR_UNKNOWN,20,6,0,0,0,0,0,0,0,0,,,,,,,,,
overheated,A,2024,joint_regime,BULL_HIGH,5,6,0,0,0,0,0,0,0,0,,,,,,,,,
overheated,A,2024,joint_regime,BULL_HIGH,10,6,0,0,0,0,0,0,0,0,,,,,,,,,
overheated,A,2024,joint_regime,BULL_HIGH,20,6,0,0,0,0,0,0,0,0,,,,,,,,,
overheated,A,2024,joint_regime,BULL_LOW,5,10,3,3,2,2,0,0,0,0,2.9848111960249617,1.923076923076916,66.666666666666657,1.1588741777496194,50,-3.0705341170457423,-1.1979299769997456,6.6366852325756458,9.4648502182748846
overheated,A,2024,joint_regime,BULL_LOW,10,10,3,3,2,2,0,0,0,0,-1.4920701046855831,-1.9230769230769276,33.333333333333329,-3.0293515818364449,25,-6.4975721952466099,-4.782136468182979,1.5824928496161403,3.6858347132319818
overheated,A,2024,joint_regime,BULL_LOW,20,10,3,3,2,2,0,0,0,0,-0.51067432797283274,-1.602564102564108,33.333333333333329,-4.3281884702321154,25,-12.945097538120791,-8.6916474997870363,7.1243539565457326,12.360504792011637
overheated,A,2024,joint_regime,BULL_UNKNOWN,5,4,0,0,0,0,0,0,0,0,,,,,,,,,
overheated,A,2024,joint_regime,BULL_UNKNOWN,10,4,0,0,0,0,0,0,0,0,,,,,,,,,
overheated,A,2024,joint_regime,BULL_UNKNOWN,20,4,0,0,0,0,0,0,0,0,,,,,,,,,
overheated,A,2024,joint_regime,NEUTRAL_HIGH,5,22,3,3,2,2,0,0,0,0,-6.8437747777426177,-5.8293713681986219,0,-6.2071632552001104,0,-9.4895736956050403,-8.1169978228276332,-5.0633500278856047,-4.6037372236977943
overheated,A,2024,joint_regime,NEUTRAL_HIGH,10,22,3,3,2,2,0,0,0,0,-2.7480048456131869,-2.1676300578034717,33.333333333333329,-4.6452080476825968,25,-8.7029801346733571,-6.2522238558471503,1.0464015585256332,2.9748205283230966
overheated,A,2024,joint_regime,NEUTRAL_HIGH,20,22,3,2,2,1,0,0,0,1,3.8466839089760785,3.8466839089760785,100,3.8466839089760785,100,2.6190477644541743,3.0794113186498882,4.6139564993022688,5.0743200534979831
overheated,A,2024,joint_regime,NEUTRAL_LOW,5,35,4,4,4,4,0,0,0,0,-4.8519300230552505,-5.114373579738924,0,-4.8519300230552505,0,-6.2799784240227181,-5.911078497676753,-4.0552251051174215,-3.2139267767408448
overheated,A,2024,joint_regime,NEUTRAL_LOW,10,35,4,4,4,4,0,0,0,0,-9.5320484199258679,-8.7057166832241784,0,-9.5320484199258679,0,-11.40051183162603,-9.6710370683660791,-8.5667280347839672,-8.3246503975870549
overheated,A,2024,joint_regime,NEUTRAL_LOW,20,35,4,4,4,4,0,0,0,0,-6.1003914978115557,-4.9384678494513388,25,-6.1003914978115557,25,-14.594656592520373,-10.381078000559143,-0.65778134670375099,1.46433467820909
overheated,A,2024,joint_regime,NEUTRAL_UNKNOWN,5,31,0,0,0,0,0,0,0,0,,,,,,,,,
overheated,A,2024,joint_regime,NEUTRAL_UNKNOWN,10,31,0,0,0,0,0,0,0,0,,,,,,,,,
overheated,A,2024,joint_regime,NEUTRAL_UNKNOWN,20,31,0,0,0,0,0,0,0,0,,,,,,,,,
overheated,A,2024,joint_regime,UNKNOWN_UNKNOWN,5,20,0,0,0,0,0,0,0,0,,,,,,,,,
overheated,A,2024,joint_regime,UNKNOWN_UNKNOWN,10,20,0,0,0,0,0,0,0,0,,,,,,,,,
overheated,A,2024,joint_regime,UNKNOWN_UNKNOWN,20,20,0,0,0,0,0,0,0,0,,,,,,,,,
overheated,A,2025,direction,BEAR,5,40,3,3,3,3,0,0,0,0,4.1272180846259277,3.961965134706813,100,4.1272180846259277,100,3.7975743740916146,3.859220909322314,4.312588784969984,4.5229629751278866
overheated,A,2025,direction,BEAR,10,40,3,3,3,3,0,0,0,0,19.124179893745424,4.663212435233155,100,19.124179893745424,100,3.7218659418802202,4.0748708768875712,26.943005181347147,40.310880829015545
overheated,A,2025,direction,BEAR,20,40,3,3,3,3,0,0,0,0,11.882610873438821,2.3316062176165886,66.666666666666657,11.882610873438821,66.666666666666657,-1.6889877897571901,-0.18126503699202345,19.17098445595855,29.274611398963728
overheated,A,2025,direction,BULL,5,104,50,49,37,36,0,0,0,1,2.1207818570899626,1.5801354401805856,53.061224489795919,1.2065212974932047,52.314814814814817,-7.7891497634792124,-1.9957234497505305,4.5197740112994378,9.697461570912548
overheated,A,2025,direction,BULL,10,104,50,47,37,34,0,0,0,3,3.4151013115860098,0.45955882352941563,51.063829787234042,2.4610386727479487,49.019607843137244,-10.905974503910112,-6.9184949498686636,4.8562780420025593,17.547660836409847
overheated,A,2025,direction,BULL,20,104,50,47,37,34,0,0,0,3,8.4652397901671552,2.5179856115107975,51.063829787234042,8.0629664109013461,49.509803921568626,-8.4491703824031568,-4.9263032338944246,17.733606627644459,42.313311688311686
overheated,A,2025,direction,NEUTRAL,5,98,37,36,29,28,0,0,0,1,-0.27503816675508275,-2.141361921346685,38.888888888888893,-0.43795505714420396,38.095238095238095,-8.384661656123372,-4.6303025637077564,3.860033210571717,6.5366935760514107
overheated,A,2025,direction,NEUTRAL,10,98,37,36,29,28,0,0,0,1,-1.2214957272173415,-2.7167064139575761,36.111111111111107,-1.5565044782268174,36.30952380952381,-11.768829264084207,-6.3429022824296606,3.974633791610815,9.0698865119811742
overheated,A,2025,direction,NEUTRAL,20,98,37,35,29,27,0,0,0,2,3.1752471339271917,-2.9490616621983934,40,2.3227403349184059,39.506172839506171,-14.33501683501683,-7.9510118562615348,7.0746902966874696,21.363337247807369
overheated,A,2025,direction,UNKNOWN,5,0,0,0,0,0,0,0,0,0,,,,,,,,,
overheated,A,2025,direction,UNKNOWN,10,0,0,0,0,0,0,0,0,0,,,,,,,,,
overheated,A,2025,direction,UNKNOWN,20,0,0,0,0,0,0,0,0,0,,,,,,,,,
overheated,A,2025,volatility_regime,HIGH,5,134,59,57,46,44,0,0,0,2,2.3524543098755881,0,49.122807017543856,1.4632507880101122,50.757575757575758,-7.0177157154073946,-3.2338308457711462,4.5317220543806602,9.327192793181565
overheated,A,2025,volatility_regime,HIGH,10,134,59,55,46,42,0,0,0,4,2.2142856943696767,0.45955882352941563,50.909090909090907,0.97747494167164983,50.396825396825392,-11.855086648014382,-4.6223653395784545,4.0463446580747409,10.402586084026703
overheated,A,2025,volatility_regime,HIGH,20,134,59,54,46,41,0,0,0,5,5.447790245624593,-1.0476947105184762,44.444444444444443,3.8668186535015461,42.27642276422764,-10.520543072611432,-5.3067773656008947,9.2315671986968493,27.939586456286378
overheated,A,2025,volatility_regime,LOW,5,108,31,31,23,23,0,0,0,0,-0.89326788434856663,-0.17730496453900449,48.387096774193552,-0.90562414386302048,44.202898550724633,-7.848837209302328,-4.8062599943335442,3.0977505370908598,6.8322981366459645
overheated,A,2025,volatility_regime,LOW,10,108,31,31,23,23,0,0,0,0,1.6813787727620089,-3.0696576151121646,38.70967741935484,2.4526861571350587,37.681159420289852,-10.650887573964496,-8.4550634550634562,6.3732718202992977,21.164437450826124
overheated,A,2025,volatility_regime,LOW,20,108,31,31,23,23,0,0,0,0,8.0795831994160174,0.11223344556678939,51.612903225806448,9.3027441234867734,52.89855072463768,-14.176245210727966,-6.3493807932879456,19.262447901017708,40.718562874251504
overheated,A,2025,volatility_regime,UNKNOWN,5,0,0,0,0,0,0,0,0,0,,,,,,,,,
overheated,A,2025,volatility_regime,UNKNOWN,10,0,0,0,0,0,0,0,0,0,,,,,,,,,
overheated,A,2025,volatility_regime,UNKNOWN,20,0,0,0,0,0,0,0,0,0,,,,,,,,,
overheated,A,2025,joint_regime,BEAR_HIGH,5,12,2,2,2,2,0,0,0,0,4.312588784969984,4.312588784969984,100,4.312588784969984,100,4.0320898647594472,4.1372769598383989,4.487900610101569,4.5930877051805208
overheated,A,2025,joint_regime,BEAR_HIGH,10,12,2,2,2,2,0,0,0,0,4.0748708768875712,4.0748708768875712,100,4.0748708768875712,100,3.6041976302111034,3.7807000977147789,4.3690416560603627,4.5455441235640386
overheated,A,2025,joint_regime,BEAR_HIGH,20,12,2,2,2,2,0,0,0,0,-0.18126503699202323,-0.18126503699202323,50,-0.18126503699202323,50,-2.1915620406789125,-1.437700664296329,1.0751705903122826,1.8290319666948665
overheated,A,2025,joint_regime,BEAR_LOW,5,28,1,1,1,1,0,0,0,0,3.756476683937815,3.756476683937815,100,3.756476683937815,100,3.756476683937815,3.756476683937815,3.756476683937815,3.756476683937815
overheated,A,2025,joint_regime,BEAR_LOW,10,28,1,1,1,1,0,0,0,0,49.222797927461137,49.222797927461137,100,49.222797927461137,100,49.222797927461137,49.222797927461137,49.222797927461137,49.222797927461137
overheated,A,2025,joint_regime,BEAR_LOW,20,28,1,1,1,1,0,0,0,0,36.010362694300511,36.010362694300511,100,36.010362694300511,100,36.010362694300511,36.010362694300511,36.010362694300511,36.010362694300511
overheated,A,2025,joint_regime,BEAR_UNKNOWN,5,0,0,0,0,0,0,0,0,0,,,,,,,,,
overheated,A,2025,joint_regime,BEAR_UNKNOWN,10,0,0,0,0,0,0,0,0,0,,,,,,,,,
overheated,A,2025,joint_regime,BEAR_UNKNOWN,20,0,0,0,0,0,0,0,0,0,,,,,,,,,
overheated,A,2025,joint_regime,BULL_HIGH,5,69,36,35,26,25,0,0,0,1,3.1964016382164644,1.8382352941176403,54.285714285714285,2.0529418981650123,55.333333333333321,-6.5133404025768407,-1.3718356365415185,6.3739266198282634,12.63441201597821
overheated,A,2025,joint_regime,BULL_HIGH,10,69,36,33,26,23,0,0,0,3,4.0066899101583413,1.3276686139139573,57.575757575757578,2.3138315537654033,55.072463768115945,-9.898158581196844,-4.4047619047618998,4.0628385698808334,11.938390542944472
overheated,A,2025,joint_regime,BULL_HIGH,20,69,36,33,26,23,0,0,0,3,5.8394146290142563,-0.46620046620046152,48.484848484848484,4.1578023329440796,44.927536231884055,-6.8565301120448163,-4.8417132216014842,10.451977401129952,27.883016169621023
overheated,A,2025,joint_regime,BULL_LOW,5,35,14,14,11,11,0,0,0,0,-0.56826759572629226,0.65517563375935839,50,-0.71716188585181218,45.454545454545453,-7.8264544171186596,-4.8057876969405076,2.3642080298991566,5.9223145780051221
overheated,A,2025,joint_regime,BULL_LOW,10,35,14,14,11,11,0,0,0,0,2.0206424720940883,-5.9359835992972396,35.714285714285715,2.7688353760750886,36.363636363636367,-11.097289701369323,-10.439497239417767,11.353015552569939,24.106684176424313
overheated,A,2025,joint_regime,BULL_LOW,20,35,14,14,11,11,0,0,0,0,14.65468481288471,9.7709412269700753,57.142857142857139,16.228309482993819,59.090909090909093,-12.53965071727702,-4.8408887253576784,36.483427716962666,46.313025210084049
overheated,A,2025,joint_regime,BULL_UNKNOWN,5,0,0,0,0,0,0,0,0,0,,,,,,,,,
overheated,A,2025,joint_regime,BULL_UNKNOWN,10,0,0,0,0,0,0,0,0,0,,,,,,,,,
overheated,A,2025,joint_regime,BULL_UNKNOWN,20,0,0,0,0,0,0,0,0,0,,,,,,,,,
overheated,A,2025,joint_regime,NEUTRAL_HIGH,5,53,21,20,18,17,0,0,0,1,0.67953303776961527,-2.141361921346685,35,0.26084174402233229,38.235294117647058,-7.7539294425605334,-4.296592883583898,3.860033210571717,5.6354312877809551
overheated,A,2025,joint_regime,NEUTRAL_HIGH,10,53,21,20,18,17,0,0,0,1,-0.929239779933409,-2.7167064139575761,35,-1.1949364670688303,38.235294117647058,-12.927845325891973,-6.168069745794079,3.8246641822469227,10.209763004605325
overheated,A,2025,joint_regime,NEUTRAL_HIGH,20,53,21,19,18,16,0,0,0,2,5.3601326621179775,-2.9490616621983934,36.84210526315789,3.9545400756146032,37.5,-15.75893812888032,-8.3078066828132116,6.559251563054481,31.587175547651565
overheated,A,2025,joint_regime,NEUTRAL_LOW,5,45,16,16,11,11,0,0,0,0,-1.4682521724109554,-2.1010363831982959,43.75,-1.5179137498561237,37.878787878787875,-8.1175943543434705,-4.6942994482407601,2.8578300006871449,6.5366935760514107
overheated,A,2025,joint_regime,NEUTRAL_LOW,10,45,16,16,11,11,0,0,0,0,-1.5868156613222579,-2.7316373181943798,37.5,-2.1152914045618885,33.333333333333329,-8.4550634550634562,-6.3429022824296606,4.7856779082328273,7.3525507906745391
overheated,A,2025,joint_regime,NEUTRAL_LOW,20,45,16,16,11,11,0,0,0,0,0.58069556920063237,-4.0302662370345015,43.75,-0.050786560639697692,42.424242424242422,-12.811206737221053,-7.399354806525098,7.078443372453024,14.974373310968225
overheated,A,2025,joint_regime,NEUTRAL_UNKNOWN,5,0,0,0,0,0,0,0,0,0,,,,,,,,,
overheated,A,2025,joint_regime,NEUTRAL_UNKNOWN,10,0,0,0,0,0,0,0,0,0,,,,,,,,,
overheated,A,2025,joint_regime,NEUTRAL_UNKNOWN,20,0,0,0,0,0,0,0,0,0,,,,,,,,,
overheated,A,2025,joint_regime,UNKNOWN_UNKNOWN,5,0,0,0,0,0,0,0,0,0,,,,,,,,,
overheated,A,2025,joint_regime,UNKNOWN_UNKNOWN,10,0,0,0,0,0,0,0,0,0,,,,,,,,,
overheated,A,2025,joint_regime,UNKNOWN_UNKNOWN,20,0,0,0,0,0,0,0,0,0,,,,,,,,,
overheated,A,2026,direction,BEAR,5,64,7,7,7,7,0,0,0,0,-9.0965061539791403,-12.328767123287676,14.285714285714285,-9.0965061539791403,14.285714285714285,-20.618320570676811,-16.553564575876948,-6.9785982736095429,5.6775567780600529
overheated,A,2026,direction,BEAR,10,64,7,7,7,7,0,0,0,0,-12.738113630610924,-13.336713995943208,14.285714285714285,-12.738113630610924,14.285714285714285,-25.881121481597109,-22.510653921902989,-8.2215785914308448,3.1918665605513663
overheated,A,2026,direction,BEAR,20,64,7,7,7,7,0,0,0,0,-4.0461165534071757,-16.222062004325888,42.857142857142854,-4.0461165534071757,42.857142857142854,-33.987954921017803,-23.613345457088901,14.451094189522163,31.693048684264657
overheated,A,2026,direction,BULL,5,66,17,17,12,12,0,0,0,0,-2.5445207280549145,-1.5027322404371546,29.411764705882355,-3.9066424289636754,25,-18.555820925860047,-6.9800569800569807,0.46511627906977709,11.748784751833526
overheated,A,2026,direction,BULL,10,66,17,17,12,12,0,0,0,0,-3.5238817095325552,-5.8365758754863828,35.294117647058826,-5.6293944740357844,25,-20.984835911904458,-8.2332761578044593,3.8626609442059978,10.062468019785095
overheated,A,2026,direction,BULL,20,66,17,16,12,11,1,0,0,0,-5.2385885047828449,-3.8311305581362864,25,-7.8446208757393245,22.727272727272727,-41.778319810740165,-14.576915671929147,1.5669515669515688,17.230454151605588
overheated,A,2026,direction,NEUTRAL,5,56,25,25,21,21,0,0,0,0,2.7056635859085763,1.6509433962264233,60,1.7562277154748063,60.317460317460316,-10.230252045897855,-6.2861869313482259,9.5588235294117752,19.445887445887447
overheated,A,2026,direction,NEUTRAL,10,56,25,24,21,20,1,0,0,0,5.7585233575350401,-2.1697799774306468,45.833333333333329,4.4604638823115881,43.333333333333329,-18.312953555878082,-10.606236538284866,24.40780212948399,39.115929063832027
overheated,A,2026,direction,NEUTRAL,20,56,25,22,21,18,3,0,0,0,14.193109835005913,4.0466824023078996,59.090909090909093,12.821030693685325,53.703703703703695,-16.108540736785283,-7.4473270440251582,31.013011656275413,56.47872426751433
overheated,A,2026,direction,UNKNOWN,5,0,0,0,0,0,0,0,0,0,,,,,,,,,
overheated,A,2026,direction,UNKNOWN,10,0,0,0,0,0,0,0,0,0,,,,,,,,,
overheated,A,2026,direction,UNKNOWN,20,0,0,0,0,0,0,0,0,0,,,,,,,,,
overheated,A,2026,volatility_regime,HIGH,5,184,49,49,40,40,0,0,0,0,-0.80185317973618586,-1.4005602240896309,42.857142857142854,-1.8418617550111791,41.666666666666664,-18.36881955383911,-9.4308943089430919,6.8888888888888999,17.39401590496211
overheated,A,2026,volatility_regime,HIGH,10,184,49,48,40,39,1,0,0,0,-0.22642133115601912,-5.2876275434371065,37.5,-1.731032088627541,32.478632478632477,-20.884858654963217,-14.181983349718143,6.5727619823735317,32.488396263496213
overheated,A,2026,volatility_regime,HIGH,20,184,49,45,40,36,4,0,0,0,4.4468485426612077,-2.7896995708154515,44.444444444444443,3.2268029716486955,42.129629629629626,-23.900818353500735,-13.77551020408163,19.10569105691058,51.224376240879145
overheated,A,2026,volatility_regime,LOW,5,2,0,0,0,0,0,0,0,0,,,,,,,,,
overheated,A,2026,volatility_regime,LOW,10,2,0,0,0,0,0,0,0,0,,,,,,,,,
overheated,A,2026,volatility_regime,LOW,20,2,0,0,0,0,0,0,0,0,,,,,,,,,
overheated,A,2026,volatility_regime,UNKNOWN,5,0,0,0,0,0,0,0,0,0,,,,,,,,,
overheated,A,2026,volatility_regime,UNKNOWN,10,0,0,0,0,0,0,0,0,0,,,,,,,,,
overheated,A,2026,volatility_regime,UNKNOWN,20,0,0,0,0,0,0,0,0,0,,,,,,,,,
overheated,A,2026,joint_regime,BEAR_HIGH,5,64,7,7,7,7,0,0,0,0,-9.0965061539791403,-12.328767123287676,14.285714285714285,-9.0965061539791403,14.285714285714285,-20.618320570676811,-16.553564575876948,-6.9785982736095429,5.6775567780600529
overheated,A,2026,joint_regime,BEAR_HIGH,10,64,7,7,7,7,0,0,0,0,-12.738113630610924,-13.336713995943208,14.285714285714285,-12.738113630610924,14.285714285714285,-25.881121481597109,-22.510653921902989,-8.2215785914308448,3.1918665605513663
overheated,A,2026,joint_regime,BEAR_HIGH,20,64,7,7,7,7,0,0,0,0,-4.0461165534071757,-16.222062004325888,42.857142857142854,-4.0461165534071757,42.857142857142854,-33.987954921017803,-23.613345457088901,14.451094189522163,31.693048684264657
overheated,A,2026,joint_regime,BEAR_LOW,5,0,0,0,0,0,0,0,0,0,,,,,,,,,
overheated,A,2026,joint_regime,BEAR_LOW,10,0,0,0,0,0,0,0,0,0,,,,,,,,,
overheated,A,2026,joint_regime,BEAR_LOW,20,0,0,0,0,0,0,0,0,0,,,,,,,,,
overheated,A,2026,joint_regime,BEAR_UNKNOWN,5,0,0,0,0,0,0,0,0,0,,,,,,,,,
overheated,A,2026,joint_regime,BEAR_UNKNOWN,10,0,0,0,0,0,0,0,0,0,,,,,,,,,
overheated,A,2026,joint_regime,BEAR_UNKNOWN,20,0,0,0,0,0,0,0,0,0,,,,,,,,,
overheated,A,2026,joint_regime,BULL_HIGH,5,66,17,17,12,12,0,0,0,0,-2.5445207280549145,-1.5027322404371546,29.411764705882355,-3.9066424289636754,25,-18.555820925860047,-6.9800569800569807,0.46511627906977709,11.748784751833526
overheated,A,2026,joint_regime,BULL_HIGH,10,66,17,17,12,12,0,0,0,0,-3.5238817095325552,-5.8365758754863828,35.294117647058826,-5.6293944740357844,25,-20.984835911904458,-8.2332761578044593,3.8626609442059978,10.062468019785095
overheated,A,2026,joint_regime,BULL_HIGH,20,66,17,16,12,11,1,0,0,0,-5.2385885047828449,-3.8311305581362864,25,-7.8446208757393245,22.727272727272727,-41.778319810740165,-14.576915671929147,1.5669515669515688,17.230454151605588
overheated,A,2026,joint_regime,BULL_LOW,5,0,0,0,0,0,0,0,0,0,,,,,,,,,
overheated,A,2026,joint_regime,BULL_LOW,10,0,0,0,0,0,0,0,0,0,,,,,,,,,
overheated,A,2026,joint_regime,BULL_LOW,20,0,0,0,0,0,0,0,0,0,,,,,,,,,
overheated,A,2026,joint_regime,BULL_UNKNOWN,5,0,0,0,0,0,0,0,0,0,,,,,,,,,
overheated,A,2026,joint_regime,BULL_UNKNOWN,10,0,0,0,0,0,0,0,0,0,,,,,,,,,
overheated,A,2026,joint_regime,BULL_UNKNOWN,20,0,0,0,0,0,0,0,0,0,,,,,,,,,
overheated,A,2026,joint_regime,NEUTRAL_HIGH,5,54,25,25,21,21,0,0,0,0,2.7056635859085763,1.6509433962264233,60,1.7562277154748063,60.317460317460316,-10.230252045897855,-6.2861869313482259,9.5588235294117752,19.445887445887447
overheated,A,2026,joint_regime,NEUTRAL_HIGH,10,54,25,24,21,20,1,0,0,0,5.7585233575350401,-2.1697799774306468,45.833333333333329,4.4604638823115881,43.333333333333329,-18.312953555878082,-10.606236538284866,24.40780212948399,39.115929063832027
overheated,A,2026,joint_regime,NEUTRAL_HIGH,20,54,25,22,21,18,3,0,0,0,14.193109835005913,4.0466824023078996,59.090909090909093,12.821030693685325,53.703703703703695,-16.108540736785283,-7.4473270440251582,31.013011656275413,56.47872426751433
overheated,A,2026,joint_regime,NEUTRAL_LOW,5,2,0,0,0,0,0,0,0,0,,,,,,,,,
overheated,A,2026,joint_regime,NEUTRAL_LOW,10,2,0,0,0,0,0,0,0,0,,,,,,,,,
overheated,A,2026,joint_regime,NEUTRAL_LOW,20,2,0,0,0,0,0,0,0,0,,,,,,,,,
overheated,A,2026,joint_regime,NEUTRAL_UNKNOWN,5,0,0,0,0,0,0,0,0,0,,,,,,,,,
overheated,A,2026,joint_regime,NEUTRAL_UNKNOWN,10,0,0,0,0,0,0,0,0,0,,,,,,,,,
overheated,A,2026,joint_regime,NEUTRAL_UNKNOWN,20,0,0,0,0,0,0,0,0,0,,,,,,,,,
overheated,A,2026,joint_regime,UNKNOWN_UNKNOWN,5,0,0,0,0,0,0,0,0,0,,,,,,,,,
overheated,A,2026,joint_regime,UNKNOWN_UNKNOWN,10,0,0,0,0,0,0,0,0,0,,,,,,,,,
overheated,A,2026,joint_regime,UNKNOWN_UNKNOWN,20,0,0,0,0,0,0,0,0,0,,,,,,,,,
overheated,B,ALL,direction,BEAR,5,220,390,388,147,146,0,0,0,2,-1.5555803175668579,-2.5174567412426354,40.72164948453608,0.099206966148438588,43.146064361817785,-19.787808427671557,-11.474830161802837,4.9420721615359096,16.42818978960555
overheated,B,ALL,direction,BEAR,10,220,390,387,147,146,0,1,0,2,-4.7778172173223412,-4.7368421052631611,36.175710594315248,-1.8587969053727214,40.981003395386956,-27.916109566869569,-17.350644176188304,4.4063276868821166,18.585821621471403
overheated,B,ALL,direction,BEAR,20,220,390,378,147,142,0,2,0,10,-6.1465863178638092,-7.572658171249719,33.333333333333329,-0.84471125481383269,40.333002287227636,-35.037433061648805,-22.210661910424097,4.0340556554621267,21.957244749117681
overheated,B,ALL,direction,BULL,5,190,249,246,112,110,0,0,0,3,0.43250592686524691,-1.0471969217281161,43.49593495934959,0.28800250759148499,42.704545454545453,-13.070213799805643,-6.5642366786531516,5.303622433225252,13.540429532858278
overheated,B,ALL,direction,BULL,10,190,249,241,112,108,0,1,0,7,0.14915467805328578,-1.5048908954100826,43.15352697095436,0.808904421775964,45.985082304526742,-18.000000000000004,-8.8900578642819532,6.370656370656369,18.999323867478022
overheated,B,ALL,direction,BULL,20,190,249,235,112,107,6,1,0,7,1.6073081316397269,-2.5335320417287588,41.276595744680847,2.2493845029364192,40.906022845275174,-20.252797100408308,-10.660769494447274,9.2726368566598225,28.767078109464801
overheated,B,ALL,direction,NEUTRAL,5,242,486,477,174,168,3,1,0,5,2.7703752262251924,0.53908355795149177,52.20125786163522,2.5804444499351353,47.332143716072281,-10.9830096843392,-6.0665362035225101,7.5593952483801186,18.72107914283275
overheated,B,ALL,direction,NEUTRAL,10,242,486,460,174,161,10,1,0,15,4.7311052478888787,0.46496063558773004,52.173913043478258,4.2991227948234165,49.210203185358473,-14.50402091310373,-6.4627332305105281,10.831278130587577,30.095647820417291
overheated,B,ALL,direction,NEUTRAL,20,242,486,411,174,144,35,3,0,37,7.3461738878200737,0.95693779904306719,52.068126520681268,7.0408401589875789,47.671581890331893,-19.412062848454127,-10.749505847237018,13.648242055442871,38.921282798833822
overheated,B,ALL,direction,UNKNOWN,5,20,0,0,0,0,0,0,0,0,,,,,,,,,
overheated,B,ALL,direction,UNKNOWN,10,20,0,0,0,0,0,0,0,0,,,,,,,,,
overheated,B,ALL,direction,UNKNOWN,20,20,0,0,0,0,0,0,0,0,,,,,,,,,
overheated,B,ALL,volatility_regime,HIGH,5,395,841,832,290,285,2,1,0,6,0.60986793207385237,-1.0897208802474687,45.3125,0.90062683604250127,44.117384564752996,-16.441297011471192,-8.738028470568576,6.7389421254940132,17.791146887496726
overheated,B,ALL,volatility_regime,HIGH,10,395,841,814,290,279,8,3,0,16,-0.034609995777003001,-2.0122274726418978,43.734643734643733,0.85391860505078232,45.340428189890559,-21.707962996553594,-11.938399016329209,8.6615394157414816,23.094298526585554
overheated,B,ALL,volatility_regime,HIGH,20,395,841,762,290,261,39,6,0,34,0.043636791974908731,-3.1993054920954003,41.207349081364832,1.8748705105765748,42.253522339729237,-30.425677830940984,-16.544705366592417,9.3008785498968756,30.246708187396294
overheated,B,ALL,volatility_regime,LOW,5,216,284,279,143,139,1,0,0,4,1.1358070186984985,-0.1484111279245747,49.103942652329749,1.6043202317246408,45.864539137920431,-11.167240120946719,-6.0479739841141971,4.9875950380152023,12.772307692307697
overheated,B,ALL,volatility_regime,LOW,10,216,284,274,143,136,2,0,0,8,1.428510820797301,-1.4132383992468911,46.715328467153284,1.9845059450352096,45.753519356460529,-13.149383337528313,-7.7314463599026855,5.1808104438509197,16.566380697050938
overheated,B,ALL,volatility_regime,LOW,20,216,284,262,143,132,2,0,0,20,3.970740515999946,-1.6043546769803796,46.946564885496187,4.8884463883663472,45.005827505827511,-16.781731704818966,-10.091101032217701,12.072756023328175,34.315569536608741
overheated,B,ALL,volatility_regime,UNKNOWN,5,61,0,0,0,0,0,0,0,0,,,,,,,,,
overheated,B,ALL,volatility_regime,UNKNOWN,10,61,0,0,0,0,0,0,0,0,,,,,,,,,
overheated,B,ALL,volatility_regime,UNKNOWN,20,61,0,0,0,0,0,0,0,0,,,,,,,,,
overheated,B,ALL,joint_regime,BEAR_HIGH,5,125,270,270,91,91,0,0,0,0,-3.0096688834205367,-5.587305412585569,34.814814814814817,-0.5648072222951509,39.313052637228452,-21.768301884925293,-14.764749381088643,4.6471419467457196,16.886852392760382
overheated,B,ALL,joint_regime,BEAR_HIGH,10,125,270,269,91,91,0,1,0,0,-7.3022290462787787,-8.6705202312138727,31.226765799256505,-2.9485917586355379,38.982577251808017,-30.158888702366962,-20.903954802259879,4.1463414634146378,20.178591375311299
overheated,B,ALL,joint_regime,BEAR_HIGH,20,125,270,262,91,88,0,2,0,6,-9.4617478904865457,-13.482694719928457,27.480916030534353,-2.5314153294965114,37.176330613830615,-38.100611531741414,-28.059600541099702,1.893394375408769,21.52563746607531
overheated,B,ALL,joint_regime,BEAR_LOW,5,89,120,118,56,55,0,0,0,2,1.7715714856576561,0.96711839042234993,54.237288135593218,1.1978486233914674,49.487956487956488,-10.389553394776073,-4.2891182999029418,6.0205736926434215,15.178378008986382
overheated,B,ALL,joint_regime,BEAR_LOW,10,89,120,118,56,55,0,0,0,2,0.97698601987495981,-0.44193546817918872,47.457627118644069,-0.055681784519698338,44.287490287490286,-15.587726133331369,-7.4583470976376187,5.0574712643678241,14.753388959284674
overheated,B,ALL,joint_regime,BEAR_LOW,20,89,120,116,56,54,0,0,0,4,1.3411061996116831,-1.6388284396518127,46.551724137931032,1.9039916817060885,45.477207977207975,-19.790812141099259,-10.748889157107524,10.968955561894383,22.947131216928085
overheated,B,ALL,joint_regime,BEAR_UNKNOWN,5,6,0,0,0,0,0,0,0,0,,,,,,,,,
overheated,B,ALL,joint_regime,BEAR_UNKNOWN,10,6,0,0,0,0,0,0,0,0,,,,,,,,,
overheated,B,ALL,joint_regime,BEAR_UNKNOWN,20,6,0,0,0,0,0,0,0,0,,,,,,,,,
overheated,B,ALL,joint_regime,BULL_HIGH,5,141,208,206,87,86,0,0,0,2,0.46496413377339924,-1.0822491105425711,43.203883495145625,0.036290890316575918,42.122093023255808,-13.481748123388542,-6.92859112213951,5.7149957751379263,14.296160670544699
overheated,B,ALL,joint_regime,BULL_HIGH,10,141,208,201,87,84,0,1,0,6,0.18671281825428421,-1.0548523206751037,43.283582089552233,0.58837132109070711,45.929232804232804,-19.366197183098588,-8.7776332899869978,6.9212410501193311,18.999323867478022
overheated,B,ALL,joint_regime,BULL_HIGH,20,141,208,195,87,83,6,1,0,6,0.65413848053369161,-2.7134876296887489,40,1.188962756281835,39.782463186077635,-22.078474800773019,-11.395359189098098,8.3673707226655658,27.974955104795654
overheated,B,ALL,joint_regime,BULL_LOW,5,45,41,40,25,24,0,0,0,1,0.26534616128826488,-0.6225939223764243,45,1.189969136159909,44.791666666666671,-8.0855270924330078,-5.690535274132305,2.5545741136094704,11.266608301575864
overheated,B,ALL,joint_regime,BULL_LOW,10,45,41,40,25,24,0,0,0,1,-0.039574976456729784,-2.9471548904651641,42.5,1.5807702741743619,46.18055555555555,-12.381232944678741,-9.7362228862756321,5.1189785628231119,14.359853516676846
overheated,B,ALL,joint_regime,BULL_LOW,20,45,41,40,25,24,0,0,0,1,6.2540101807816493,-1.9042232277526441,47.5,5.9166763767835207,44.791666666666671,-14.41121230949531,-7.9622467409428808,17.030800074095545,40.78571428571427
overheated,B,ALL,joint_regime,BULL_UNKNOWN,5,4,0,0,0,0,0,0,0,0,,,,,,,,,
overheated,B,ALL,joint_regime,BULL_UNKNOWN,10,4,0,0,0,0,0,0,0,0,,,,,,,,,
overheated,B,ALL,joint_regime,BULL_UNKNOWN,20,4,0,0,0,0,0,0,0,0,,,,,,,,,
overheated,B,ALL,joint_regime,NEUTRAL_HIGH,5,129,363,356,112,108,2,1,0,4,3.4388710855383984,0.91700355932788913,54.49438202247191,2.8236582308680189,49.754322323766772,-10.464360331027001,-5.4284342939423631,8.7115201523325858,20.698459764434563
overheated,B,ALL,joint_regime,NEUTRAL_HIGH,10,129,363,344,112,104,8,1,0,10,5.5191796523761623,1.2823192993720922,53.779069767441854,4.3955956718594509,50.427974802974809,-15.22373882503193,-6.0187864590510314,13.114892460722633,31.334669968942876
overheated,B,ALL,joint_regime,NEUTRAL_HIGH,20,129,363,305,112,90,33,3,0,22,7.8185973084861828,1.8018018018018056,53.770491803278688,6.8157982609420751,49.496753246753251,-21.181884505303323,-10.789334275119201,16.709511568123393,39.855936413313572
overheated,B,ALL,joint_regime,NEUTRAL_LOW,5,82,123,121,62,60,1,0,0,1,0.80356096246071995,-0.41797283176593358,45.454545454545453,2.1426596442559434,42.972222222222214,-11.420204978038059,-7.4265975820379966,4.9411764705882266,10.960518562168533
overheated,B,ALL,joint_regime,NEUTRAL_LOW,10,82,123,116,62,57,2,0,0,5,2.3940570138921058,-1.2610754374175581,47.413793103448278,4.1231021068980205,46.988304093567244,-12.206980061705867,-7.1889335906211329,5.5789473684210495,19.483516483516482
overheated,B,ALL,joint_regime,NEUTRAL_LOW,20,82,123,106,62,54,2,0,0,15,5.9868423472241945,-0.21208907741250835,47.169811320754718,7.4159099890634179,44.629629629629633,-14.833534429541499,-10.051726224086469,9.7425562942804422,37.772743310244934
overheated,B,ALL,joint_regime,NEUTRAL_UNKNOWN,5,31,0,0,0,0,0,0,0,0,,,,,,,,,
overheated,B,ALL,joint_regime,NEUTRAL_UNKNOWN,10,31,0,0,0,0,0,0,0,0,,,,,,,,,
overheated,B,ALL,joint_regime,NEUTRAL_UNKNOWN,20,31,0,0,0,0,0,0,0,0,,,,,,,,,
overheated,B,ALL,joint_regime,UNKNOWN_UNKNOWN,5,20,0,0,0,0,0,0,0,0,,,,,,,,,
overheated,B,ALL,joint_regime,UNKNOWN_UNKNOWN,10,20,0,0,0,0,0,0,0,0,,,,,,,,,
overheated,B,ALL,joint_regime,UNKNOWN_UNKNOWN,20,20,0,0,0,0,0,0,0,0,,,,,,,,,
overheated,B,2024,direction,BEAR,5,116,169,167,75,74,0,0,0,2,1.700943228738147,0.96774193548387877,55.08982035928144,1.0661616220843517,51.37618387618388,-12.27269735346548,-5.6936508861940283,6.6210045662100425,16.550535781594959
overheated,B,2024,direction,BEAR,10,116,169,167,75,74,0,0,0,2,0.5553317563116047,-1.5723270440251569,46.107784431137731,-0.96987620162613797,41.65511665511665,-17.416042542528608,-9.047757454682408,7.0819574057506713,21.068293687185335
overheated,B,2024,direction,BEAR,20,116,169,159,75,70,0,0,0,10,-0.42084746964157438,-4.2713567839196003,39.622641509433961,0.28480837165026296,41.463369963369971,-21.431099334521139,-13.99432187042806,8.8679602529012183,21.108134456103731
overheated,B,2024,direction,BULL,5,20,16,16,11,11,0,0,0,0,0.72540410618667528,-1.9913070035606273,50,1.0600772056874275,40.909090909090914,-11.529598127105761,-6.7266249251543373,4.279881077826281,18.864077260458842
overheated,B,2024,direction,BULL,10,20,16,16,11,11,0,0,0,0,-0.80496568209038344,-0.25231860338243439,50,-0.43032886160691125,47.727272727272727,-11.780633605693112,-8.0381074191945157,5.4087110593959986,11.760450988467873
overheated,B,2024,direction,BULL,20,20,16,16,11,11,0,0,0,0,-1.205636392154839,-1.9042232277526441,43.75,-2.7900582776651999,38.636363636363633,-15.530157386086259,-10.948259799628381,5.6858289467937029,20.816261007827787
overheated,B,2024,direction,NEUTRAL,5,88,90,89,43,42,0,0,0,1,0.226246351050678,-2.531645569620256,38.202247191011232,1.3984739237853467,38.253968253968246,-12.67100739839001,-7.946026986506749,4.0852575488454779,14.737592863306771
overheated,B,2024,direction,NEUTRAL,10,88,90,79,43,39,0,0,0,11,0.42859054070226793,-2.5675675675675635,39.24050632911392,1.832439779145447,41.880341880341874,-12.461727404952487,-9.3343020615747889,4.1130676056481574,17.760655891896981
overheated,B,2024,direction,NEUTRAL,20,88,90,67,43,36,0,0,0,23,0.48204052825485844,-3.3644859813084071,35.820895522388057,5.5861264611875869,40.972222222222221,-17.694939511169753,-12.208306718567735,5.6373826056507319,16.540756136665088
overheated,B,2024,direction,UNKNOWN,5,20,0,0,0,0,0,0,0,0,,,,,,,,,
overheated,B,2024,direction,UNKNOWN,10,20,0,0,0,0,0,0,0,0,,,,,,,,,
overheated,B,2024,direction,UNKNOWN,20,20,0,0,0,0,0,0,0,0,,,,,,,,,
overheated,B,2024,volatility_regime,HIGH,5,77,138,138,57,57,0,0,0,0,0.9952988817362004,-0.67984964083583888,47.826086956521742,0.61661075246120522,45.243664717348928,-12.253303502903988,-7.3759955607781702,5.3605512291952877,16.887470107041054
overheated,B,2024,volatility_regime,HIGH,10,77,138,132,57,56,0,0,0,6,0.53589088062223544,-2.1904548679359426,41.666666666666671,-0.29192496179236394,38.789682539682538,-17.430637249600547,-9.5506866028983488,7.2497285869378869,21.186083187864931
overheated,B,2024,volatility_regime,HIGH,20,77,138,118,57,51,0,0,0,20,0.096449065227812603,-4.8968724218105439,38.983050847457626,2.2612566440208508,42.647058823529413,-19.385693369587951,-13.573645496610192,6.9432566492773518,21.288324277341694
overheated,B,2024,volatility_regime,LOW,5,106,137,134,72,70,0,0,0,3,1.3317064512102386,0.098503196044508148,50.746268656716417,1.6306557315071366,46.851648351648343,-12.449314738096584,-6.7077410347849806,6.0205736926434215,15.762800471528891
overheated,B,2024,volatility_regime,LOW,10,106,137,130,72,68,0,0,0,7,0.3306308374148923,-1.5570886321447375,46.92307692307692,0.16630136542697954,45.126319758672693,-14.797844942423261,-8.1228804278938576,4.8430493273542652,12.845430929095361
overheated,B,2024,volatility_regime,LOW,20,106,137,124,72,66,0,0,0,13,-0.52652584073624253,-3.4439879570971557,38.70967741935484,1.1367031624074391,39.809634809634808,-20.402789171452003,-12.609389666770962,8.1170130869899992,19.78662905105492
overheated,B,2024,volatility_regime,UNKNOWN,5,61,0,0,0,0,0,0,0,0,,,,,,,,,
overheated,B,2024,volatility_regime,UNKNOWN,10,61,0,0,0,0,0,0,0,0,,,,,,,,,
overheated,B,2024,volatility_regime,UNKNOWN,20,61,0,0,0,0,0,0,0,0,,,,,,,,,
overheated,B,2024,joint_regime,BEAR_HIGH,5,49,88,88,36,36,0,0,0,0,1.6142791182555571,0.43932475439324437,52.272727272727273,1.302712092982796,50.154320987654309,-12.620062950553354,-6.9787419480870723,7.5866911861697588,16.887470107041054
overheated,B,2024,joint_regime,BEAR_HIGH,10,49,88,88,36,36,0,0,0,0,1.494387149200004,-1.1274825182200743,46.590909090909086,0.30906229297685223,42.746913580246911,-17.792960662525882,-9.162409543117219,8.096746556333505,22.341960784313709
overheated,B,2024,joint_regime,BEAR_HIGH,20,49,88,82,36,33,0,0,0,6,1.6146195287271592,-4.0559147287397126,39.024390243902438,3.0773686600420511,42.424242424242422,-19.306228962056867,-13.573645496610192,8.1867902143382949,24.784325543535687
overheated,B,2024,joint_regime,BEAR_LOW,5,61,81,79,39,38,0,0,0,2,1.7974804657314114,1.6901408450704205,58.22784810126582,0.84206117597003605,52.533738191632921,-11.405991272924199,-4.7112640517871451,6.5504578289966364,15.032272393350764
overheated,B,2024,joint_regime,BEAR_LOW,10,61,81,79,39,38,0,0,0,2,-0.49070463070332138,-1.5723270440251569,45.569620253164558,-2.1815021438816031,40.620782726045881,-17.183160177703147,-8.4411674799429779,4.1884273752258787,13.226862066909177
overheated,B,2024,joint_regime,BEAR_LOW,20,61,81,77,39,37,0,0,0,4,-2.5884876497225635,-4.3478260869565188,40.259740259740262,-2.2058535071856564,40.606375606375607,-24.532574210091699,-15.068493150684937,9.2206366630076744,19.033159902437173
overheated,B,2024,joint_regime,BEAR_UNKNOWN,5,6,0,0,0,0,0,0,0,0,,,,,,,,,
overheated,B,2024,joint_regime,BEAR_UNKNOWN,10,6,0,0,0,0,0,0,0,0,,,,,,,,,
overheated,B,2024,joint_regime,BEAR_UNKNOWN,20,6,0,0,0,0,0,0,0,0,,,,,,,,,
overheated,B,2024,joint_regime,BULL_HIGH,5,6,3,3,3,3,0,0,0,0,-1.4242887573667835,-6.1768530559167756,33.333333333333329,-1.4242887573667835,33.333333333333329,-9.6447048008643623,-8.3442603965090179,3.1194007325004538,8.697153005550792
overheated,B,2024,joint_regime,BULL_HIGH,10,6,3,3,3,3,0,0,0,0,0.12429744991283738,-8.7776332899869978,33.333333333333329,0.12429744991283738,33.333333333333329,-9.8737026374450547,-9.462676632148284,5.2603061620240403,13.683069833230665
overheated,B,2024,joint_regime,BULL_HIGH,20,6,3,3,3,3,0,0,0,0,-8.4348574130205929,-11.239563262684648,33.333333333333329,-8.4348574130205929,33.333333333333329,-14.471579752666972,-13.259573568923599,-5.0124941819496112,-1.2762527335085883
overheated,B,2024,joint_regime,BULL_LOW,5,10,13,13,8,8,0,0,0,0,1.2214870746990121,0.33632286995515231,53.846153846153847,1.991714441832757,43.75,-11.582424358089753,-6.3948306595365443,1.923076923076916,22.520058708414886
overheated,B,2024,joint_regime,BULL_LOW,10,10,13,13,8,8,0,0,0,0,-1.0194110202449731,1.4184397163120588,53.846153846153847,-0.638313728426817,53.125,-12.289157548780725,-7.6411960132890302,5.0880626223092085,9.8408528556798718
overheated,B,2024,joint_regime,BULL_LOW,20,10,13,13,8,8,0,0,0,0,0.46264538189110449,-1.602564102564108,46.153846153846153,-0.67325860190692577,40.625,-14.794816446663228,-7.7429983525535437,5.9952038369304628,23.795254403131121
overheated,B,2024,joint_regime,BULL_UNKNOWN,5,4,0,0,0,0,0,0,0,0,,,,,,,,,
overheated,B,2024,joint_regime,BULL_UNKNOWN,10,4,0,0,0,0,0,0,0,0,,,,,,,,,
overheated,B,2024,joint_regime,BULL_UNKNOWN,20,4,0,0,0,0,0,0,0,0,,,,,,,,,
overheated,B,2024,joint_regime,NEUTRAL_HIGH,5,22,47,47,18,18,0,0,0,0,-0.0092010735062352886,-2.892307692307694,40.425531914893611,-0.41544201027731148,37.407407407407405,-9.7896863221778183,-7.8973633750500642,4.4262281997956787,15.293960721351478
overheated,B,2024,joint_regime,NEUTRAL_HIGH,10,22,47,41,18,17,0,0,0,6,-1.4912528106635077,-2.7814569536423805,31.707317073170731,-1.6380548680751521,31.372549019607842,-14.497616104538237,-10.438729198184571,3.9657020364415758,18.473609129814548
overheated,B,2024,joint_regime,NEUTRAL_HIGH,20,22,47,33,18,15,0,0,0,14,-2.9004011945358621,-6.399999999999995,39.393939393939391,2.6050330201824954,45,-25.628219602096436,-13.037974683544306,5.8935361216730042,16.083152191165837
overheated,B,2024,joint_regime,NEUTRAL_LOW,5,35,43,42,25,24,0,0,0,1,0.48972323091198583,-1.6987809112486265,35.714285714285715,2.7589108743323401,38.888888888888886,-15.020729077485329,-9.2671165286317549,3.7992372792811646,10.671731669940208
overheated,B,2024,joint_regime,NEUTRAL_LOW,10,35,43,38,25,22,0,0,0,5,2.5000004724390257,-1.8235566890795252,47.368421052631575,4.5141856429068188,50,-11.71043516758249,-8.3508585544617198,5.407590759075914,12.179487179487214
overheated,B,2024,joint_regime,NEUTRAL_LOW,20,35,43,34,25,21,0,0,0,9,3.7649986709634971,-3.237798546209758,32.352941176470587,7.7154789190483672,38.095238095238095,-14.756368960468521,-11.335128688436273,4.5140674078143475,16.472988321276013
overheated,B,2024,joint_regime,NEUTRAL_UNKNOWN,5,31,0,0,0,0,0,0,0,0,,,,,,,,,
overheated,B,2024,joint_regime,NEUTRAL_UNKNOWN,10,31,0,0,0,0,0,0,0,0,,,,,,,,,
overheated,B,2024,joint_regime,NEUTRAL_UNKNOWN,20,31,0,0,0,0,0,0,0,0,,,,,,,,,
overheated,B,2024,joint_regime,UNKNOWN_UNKNOWN,5,20,0,0,0,0,0,0,0,0,,,,,,,,,
overheated,B,2024,joint_regime,UNKNOWN_UNKNOWN,10,20,0,0,0,0,0,0,0,0,,,,,,,,,
overheated,B,2024,joint_regime,UNKNOWN_UNKNOWN,20,20,0,0,0,0,0,0,0,0,,,,,,,,,
overheated,B,2025,direction,BEAR,5,40,65,65,28,28,0,0,0,0,2.5918501002954297,-0.38910505836575732,46.153846153846153,4.2825156135328273,48.353174603174601,-8.3815798293577437,-4.6012269938650254,5.2251250694830498,18.986008141654636
overheated,B,2025,direction,BEAR,10,40,65,65,28,28,0,0,0,0,3.7408750761173066,0.48899755501221598,50.769230769230766,5.3211247250981426,55.198412698412689,-14.03388177764648,-8.1585081585081607,8.8685015290519864,25.429899524501533
overheated,B,2025,direction,BEAR,20,40,65,65,28,28,0,0,0,0,6.6396608763920959,0.51975051975052811,52.307692307692314,9.0895044998610377,55.892857142857132,-14.119174355334756,-4.9792531120332004,13.131976362442543,35.370771303514331
overheated,B,2025,direction,BULL,5,104,129,126,64,62,0,0,0,3,1.8036609392097935,-0.52490724943807798,45.238095238095241,1.883669281891869,46.693548387096776,-9.90424108193859,-4.4411775558776316,5.7149957751379263,13.532399169632273
overheated,B,2025,direction,BULL,10,104,129,121,64,60,0,1,0,7,1.2859227798836432,-0.66006600660065695,44.628099173553721,1.6696260272079244,45.972222222222221,-14.773136727736356,-8.5585585585585591,5.6497175141242861,18.999323867478022
overheated,B,2025,direction,BULL,20,104,129,121,64,60,0,1,0,7,2.8043269515954927,-2.3880597014925402,42.148760330578511,2.7110009298293014,40.333333333333336,-15.424430641821951,-7.89133247089263,9.1885441527446368,30.000000000000004
overheated,B,2025,direction,NEUTRAL,5,98,193,189,77,74,0,0,0,4,1.6953917479675982,0.27548209366390353,51.322751322751323,1.7306200918893875,45.629021879021877,-10.160770229999239,-5.0301810865191134,5.8053373446988799,14.901087173156917
overheated,B,2025,direction,NEUTRAL,10,98,193,189,77,74,0,0,0,4,2.7152869311711108,-0.84033613445377853,48.148148148148145,2.9060216189011339,45.345881595881586,-12.500799409666708,-6.045949214026602,7.9685746352412989,20.014398036107892
overheated,B,2025,direction,NEUTRAL,20,98,193,179,77,69,0,0,0,14,5.4680825148473602,0.94890510948906204,51.955307262569825,5.4062188982573058,45.384748102139412,-16.008556149732623,-9.2165533440701211,12.277269558236325,34.743959431241926
overheated,B,2025,direction,UNKNOWN,5,0,0,0,0,0,0,0,0,0,,,,,,,,,
overheated,B,2025,direction,UNKNOWN,10,0,0,0,0,0,0,0,0,0,,,,,,,,,
overheated,B,2025,direction,UNKNOWN,20,0,0,0,0,0,0,0,0,0,,,,,,,,,
overheated,B,2025,volatility_regime,HIGH,5,134,242,236,100,96,0,0,0,6,2.4037774346147391,-0.17296280214213469,48.728813559322035,2.5571000161466539,47.186259920634924,-10.165697267694028,-4.6441226855654349,6.193805391008862,18.656482971666087
overheated,B,2025,volatility_regime,HIGH,10,134,242,231,100,94,0,1,0,10,2.43944939510979,-0.25873221216041742,48.051948051948052,2.1875567878526958,47.93186423505572,-14.414414414414413,-6.1887101749835081,7.2053239051948275,19.385342789598116
overheated,B,2025,volatility_regime,HIGH,20,134,242,227,100,91,0,1,0,14,2.8372910520834291,-1.1673151750972719,45.374449339207047,2.4169535298918063,41.793563579277865,-17.613011392947389,-9.1424211096342241,8.0474616218136887,28.816230729823314
overheated,B,2025,volatility_regime,LOW,5,108,145,144,69,68,0,0,0,1,1.0338131990030179,-0.3294446155138131,47.916666666666671,1.7541502633228081,45.522875816993462,-9.2605325805903789,-5.5582213691618696,4.859243697478993,11.218267248081679
overheated,B,2025,volatility_regime,LOW,10,108,145,144,69,68,0,0,0,1,2.4196524724619755,-1.2610754374175581,46.527777777777779,3.8027105246434387,46.380718954248366,-12.17370231809458,-7.3848542672204136,5.5814515420437525,21.841710354117087
overheated,B,2025,volatility_regime,LOW,20,108,145,138,69,66,0,0,0,7,8.0117624597339141,1.7508164499960288,54.347826086956516,8.6401896143252532,50.202020202020201,-14.39508826106915,-6.5720390267476887,15.566971514455597,40.604457751164325
overheated,B,2025,volatility_regime,UNKNOWN,5,0,0,0,0,0,0,0,0,0,,,,,,,,,
overheated,B,2025,volatility_regime,UNKNOWN,10,0,0,0,0,0,0,0,0,0,,,,,,,,,
overheated,B,2025,volatility_regime,UNKNOWN,20,0,0,0,0,0,0,0,0,0,,,,,,,,,
overheated,B,2025,joint_regime,BEAR_HIGH,5,12,26,26,11,11,0,0,0,0,3.9009914617069605,-0.6094185272655539,46.153846153846153,7.8206443253863478,57.121212121212125,-8.8219532725831229,-6.0101296857861808,10.237794778768047,23.194435362584187
overheated,B,2025,joint_regime,BEAR_HIGH,10,12,26,26,11,11,0,0,0,0,3.4271870683391259,-0.59776768497474819,50,6.286991725802773,59.393939393939398,-17.005105139970688,-11.48142918787202,4.6163894963965388,34.551496872207323
overheated,B,2025,joint_regime,BEAR_HIGH,20,12,26,26,11,11,0,0,0,0,2.9498495685343689,-1.0606821717302706,42.307692307692307,6.370363219828266,55.606060606060602,-17.007774919233007,-11.223940285088128,7.5660500125964871,37.41160925824677
overheated,B,2025,joint_regime,BEAR_LOW,5,28,39,39,17,17,0,0,0,0,1.719089192687743,-0.38910505836575732,46.153846153846153,1.9931382117452561,42.679738562091501,-7.0138977371935516,-3.9484399653891167,4.0256132900658326,12.842038433195414
overheated,B,2025,joint_regime,BEAR_LOW,10,28,39,39,17,17,0,0,0,0,3.9500004146360936,0.51679586563306845,51.282051282051277,4.6961519599363237,52.48366013071896,-11.62650811152762,-5.7753552616422121,8.9994681558303373,21.900651100154377
overheated,B,2025,joint_regime,BEAR_LOW,20,28,39,39,17,17,0,0,0,0,9.0995350816305809,2.7624309392265234,58.974358974358978,10.848948857529297,56.078431372549019,-10.70775313735602,-3.6656750052227736,16.133305901114994,34.731179912728145
overheated,B,2025,joint_regime,BEAR_UNKNOWN,5,0,0,0,0,0,0,0,0,0,,,,,,,,,
overheated,B,2025,joint_regime,BEAR_UNKNOWN,10,0,0,0,0,0,0,0,0,0,,,,,,,,,
overheated,B,2025,joint_regime,BEAR_UNKNOWN,20,0,0,0,0,0,0,0,0,0,,,,,,,,,
overheated,B,2025,joint_regime,BULL_HIGH,5,69,101,99,47,46,0,0,0,2,2.3487551905049555,-0.37243947858472948,46.464646464646464,2.2643902553069593,47.173913043478258,-10.121324778637241,-4.4043545910575297,5.9847738507775912,14.53273309106687
overheated,B,2025,joint_regime,BULL_HIGH,10,69,101,94,47,44,0,1,0,6,1.5311416187341003,-0.3147801975511621,46.808510638297875,1.2984673914744589,47.159090909090914,-15.415095003381111,-6.1268575632876239,6.6033601661205701,14.598466050078963
overheated,B,2025,joint_regime,BULL_HIGH,20,69,101,94,47,44,0,1,0,6,1.0125270625146074,-2.3998176320967515,40.425531914893611,0.34713077117495889,37.95454545454546,-17.650117225932057,-7.7996334862120031,5.2295585517016461,21.832784853840376
overheated,B,2025,joint_regime,BULL_LOW,5,35,28,27,17,16,0,0,0,1,-0.19501798220579844,-0.63407673364174177,40.74074074074074,0.78909648332348503,45.3125,-7.8040716249349913,-4.1757117204588745,2.9693892783540292,10.236191491077104
overheated,B,2025,joint_regime,BULL_LOW,10,35,28,27,17,16,0,0,0,1,0.43219793351538782,-4.3664484347975652,37.037037037037038,2.6903122754749518,42.708333333333329,-11.701220493253958,-10.041411919430725,4.5820806327260151,21.67885073104387
overheated,B,2025,joint_regime,BULL_LOW,20,35,28,27,17,16,0,0,0,1,9.0424450839511721,-2.2801302931596101,48.148148148148145,9.2116438661287425,46.874999999999993,-14.235724243141588,-6.8797929073701631,19.04670618692532,44.831932773109259
overheated,B,2025,joint_regime,BULL_UNKNOWN,5,0,0,0,0,0,0,0,0,0,,,,,,,,,
overheated,B,2025,joint_regime,BULL_UNKNOWN,10,0,0,0,0,0,0,0,0,0,,,,,,,,,
overheated,B,2025,joint_regime,BULL_UNKNOWN,20,0,0,0,0,0,0,0,0,0,,,,,,,,,
overheated,B,2025,joint_regime,NEUTRAL_HIGH,5,53,115,111,42,39,0,0,0,4,2.1021525468892515,0.27548209366390353,51.351351351351347,1.417758005813047,44.398656898656895,-10.36906854130053,-4.494376467680139,6.4054679248748636,18.780719835103849
overheated,B,2025,joint_regime,NEUTRAL_HIGH,10,53,115,111,42,39,0,0,0,4,2.9772849939868364,0,48.648648648648653,2.0343811243447885,45.570818070818078,-11.519198664440731,-4.9971925884334691,9.8904828894850407,19.40874035989717
overheated,B,2025,joint_regime,NEUTRAL_HIGH,20,53,115,107,42,36,0,0,0,8,4.4130040763053433,0.19267822736031001,50.467289719626166,3.738750607509592,42.265211640211639,-16.873129720229894,-9.2165533440701211,11.914304776495587,28.816230729823314
overheated,B,2025,joint_regime,NEUTRAL_LOW,5,45,78,78,35,35,0,0,0,0,1.1165398418098609,0.43261071601745638,51.282051282051277,2.0792378449458813,47.000000000000007,-9.5739192369627126,-6.6844785738488284,5.3374507697815936,11.45697837813335
overheated,B,2025,joint_regime,NEUTRAL_LOW,10,45,78,78,35,35,0,0,0,0,2.3424435340871965,-1.1437607467452759,47.435897435897431,3.8772781699782044,45.095238095238088,-12.91452627792018,-7.0750970028413462,5.2689480341556845,21.580513228687533
overheated,B,2025,joint_regime,NEUTRAL_LOW,20,45,78,72,35,33,0,0,0,6,7.036046305458413,1.378057632196994,54.166666666666664,7.2252752154366311,48.787878787878782,-14.733164576782055,-9.1794272126264076,12.67965259595471,39.114101054434499
overheated,B,2025,joint_regime,NEUTRAL_UNKNOWN,5,0,0,0,0,0,0,0,0,0,,,,,,,,,
overheated,B,2025,joint_regime,NEUTRAL_UNKNOWN,10,0,0,0,0,0,0,0,0,0,,,,,,,,,
overheated,B,2025,joint_regime,NEUTRAL_UNKNOWN,20,0,0,0,0,0,0,0,0,0,,,,,,,,,
overheated,B,2025,joint_regime,UNKNOWN_UNKNOWN,5,0,0,0,0,0,0,0,0,0,,,,,,,,,
overheated,B,2025,joint_regime,UNKNOWN_UNKNOWN,10,0,0,0,0,0,0,0,0,0,,,,,,,,,
overheated,B,2025,joint_regime,UNKNOWN_UNKNOWN,20,0,0,0,0,0,0,0,0,0,,,,,,,,,
overheated,B,2026,direction,BEAR,5,64,156,156,44,44,0,0,0,0,-6.7698265316308648,-10.795199256737721,23.076923076923077,-4.1891404580792999,25.990884115884111,-25.677506775067748,-19.306963530897175,-0.56678536876556262,11.037613283478031
overheated,B,2026,direction,BEAR,10,64,156,155,44,44,0,1,0,0,-14.096209976486511,-16.042780748663098,19.35483870967742,-7.9228409447007095,30.799825174825173,-35.823506627646751,-27.208667557932262,-4.5530609613058157,11.224980964966782
overheated,B,2026,direction,BEAR,20,64,156,154,44,44,0,2,0,0,-17.455018424967502,-24.723764190873005,18.831168831168831,-8.9634479589816305,28.632964257964254,-43.926901295591023,-34.240884447751675,-5.3141928494041206,12.043172110536641
overheated,B,2026,direction,BULL,5,66,104,104,37,37,0,0,0,0,-1.2737623656785584,-2.4461863879557066,40.384615384615387,-2.6153532136430884,36.554054054054049,-16.145804965162881,-9.5035425101214539,4.5185083868212796,13.473682334119156
overheated,B,2026,direction,BULL,10,66,104,104,37,37,0,0,0,0,-1.026643538861854,-2.2845632634002966,40.384615384615387,-0.21843963791879201,45.487987987987978,-21.221121218768818,-11.698283618481153,6.9151039013414852,19.203690624334357
overheated,B,2026,direction,BULL,20,66,104,98,37,36,6,0,0,0,0.58861257210978135,-2.9278686533322551,39.795918367346935,3.0198535299654412,42.554012345679013,-26.047991556466133,-15.527078333319956,12.249010180995468,28.56497805368965
overheated,B,2026,direction,NEUTRAL,5,56,203,199,54,52,3,1,0,0,4.9291659160805557,1.6061452513966401,59.2964824120603,4.7444783844289118,57.088189588189586,-11.047806191706446,-5.4375137491750491,11.768529573407628,22.459434890352799
overheated,B,2026,direction,NEUTRAL,10,56,203,192,54,48,10,1,0,0,8.4857319339690882,6.4355113248102169,61.458333333333336,8.4510003912752865,61.123211279461273,-17.896773897540772,-5.3589053453955984,16.964539007092192,35.734960152337969
overheated,B,2026,direction,NEUTRAL,20,56,203,165,54,39,35,3,0,0,12.170872620262408,3.9603960396039639,58.787878787878789,11.275675033633437,57.901542901542889,-23.791679145452729,-10.557184750733141,24.121405750798729,55.707613728958393
overheated,B,2026,direction,UNKNOWN,5,0,0,0,0,0,0,0,0,0,,,,,,,,,
overheated,B,2026,direction,UNKNOWN,10,0,0,0,0,0,0,0,0,0,,,,,,,,,
overheated,B,2026,direction,UNKNOWN,20,0,0,0,0,0,0,0,0,0,,,,,,,,,
overheated,B,2026,volatility_regime,HIGH,5,184,461,458,133,132,2,1,0,0,-0.4306388662952591,-2.151206341957784,42.79475982532751,-0.18143762248677714,41.399126967308781,-20.181453390951578,-11.421585074104332,7.2788496541681917,18.267963204403877
overheated,B,2026,volatility_regime,HIGH,10,184,461,451,133,129,8,2,0,0,-1.4687870134700149,-3.6382536382536408,42.128603104212857,0.37954070241385446,46.295829493503909,-27.896440129449839,-17.494505494505496,9.8137183235867393,25
overheated,B,2026,volatility_regime,HIGH,20,184,461,417,133,119,39,5,0,0,-1.4920739161509349,-6.5830721003134807,39.568345323741006,1.2947423797921713,42.436597016428941,-36.243334607227737,-24.587912087912088,11.042944785276076,32.680000000000014
overheated,B,2026,volatility_regime,LOW,5,2,2,1,2,1,1,0,0,0,-10.427606901725428,-10.427606901725428,0,-10.427606901725428,0,-10.427606901725428,-10.427606901725428,-10.427606901725428,-10.427606901725428
overheated,B,2026,volatility_regime,LOW,10,2,2,0,2,0,2,0,0,0,,,,,,,,,
overheated,B,2026,volatility_regime,LOW,20,2,2,0,2,0,2,0,0,0,,,,,,,,,
overheated,B,2026,volatility_regime,UNKNOWN,5,0,0,0,0,0,0,0,0,0,,,,,,,,,
overheated,B,2026,volatility_regime,UNKNOWN,10,0,0,0,0,0,0,0,0,0,,,,,,,,,
overheated,B,2026,volatility_regime,UNKNOWN,20,0,0,0,0,0,0,0,0,0,,,,,,,,,
overheated,B,2026,joint_regime,BEAR_HIGH,5,64,156,156,44,44,0,0,0,0,-6.7698265316308648,-10.795199256737721,23.076923076923077,-4.1891404580792999,25.990884115884111,-25.677506775067748,-19.306963530897175,-0.56678536876556262,11.037613283478031
overheated,B,2026,joint_regime,BEAR_HIGH,10,64,156,155,44,44,0,1,0,0,-14.096209976486511,-16.042780748663098,19.35483870967742,-7.9228409447007095,30.799825174825173,-35.823506627646751,-27.208667557932262,-4.5530609613058157,11.224980964966782
overheated,B,2026,joint_regime,BEAR_HIGH,20,64,156,154,44,44,0,2,0,0,-17.455018424967502,-24.723764190873005,18.831168831168831,-8.9634479589816305,28.632964257964254,-43.926901295591023,-34.240884447751675,-5.3141928494041206,12.043172110536641
overheated,B,2026,joint_regime,BEAR_LOW,5,0,0,0,0,0,0,0,0,0,,,,,,,,,
overheated,B,2026,joint_regime,BEAR_LOW,10,0,0,0,0,0,0,0,0,0,,,,,,,,,
overheated,B,2026,joint_regime,BEAR_LOW,20,0,0,0,0,0,0,0,0,0,,,,,,,,,
overheated,B,2026,joint_regime,BEAR_UNKNOWN,5,0,0,0,0,0,0,0,0,0,,,,,,,,,
overheated,B,2026,joint_regime,BEAR_UNKNOWN,10,0,0,0,0,0,0,0,0,0,,,,,,,,,
overheated,B,2026,joint_regime,BEAR_UNKNOWN,20,0,0,0,0,0,0,0,0,0,,,,,,,,,
overheated,B,2026,joint_regime,BULL_HIGH,5,66,104,104,37,37,0,0,0,0,-1.2737623656785584,-2.4461863879557066,40.384615384615387,-2.6153532136430884,36.554054054054049,-16.145804965162881,-9.5035425101214539,4.5185083868212796,13.473682334119156
overheated,B,2026,joint_regime,BULL_HIGH,10,66,104,104,37,37,0,0,0,0,-1.026643538861854,-2.2845632634002966,40.384615384615387,-0.21843963791879201,45.487987987987978,-21.221121218768818,-11.698283618481153,6.9151039013414852,19.203690624334357
overheated,B,2026,joint_regime,BULL_HIGH,20,66,104,98,37,36,6,0,0,0,0.58861257210978135,-2.9278686533322551,39.795918367346935,3.0198535299654412,42.554012345679013,-26.047991556466133,-15.527078333319956,12.249010180995468,28.56497805368965
overheated,B,2026,joint_regime,BULL_LOW,5,0,0,0,0,0,0,0,0,0,,,,,,,,,
overheated,B,2026,joint_regime,BULL_LOW,10,0,0,0,0,0,0,0,0,0,,,,,,,,,
overheated,B,2026,joint_regime,BULL_LOW,20,0,0,0,0,0,0,0,0,0,,,,,,,,,
overheated,B,2026,joint_regime,BULL_UNKNOWN,5,0,0,0,0,0,0,0,0,0,,,,,,,,,
overheated,B,2026,joint_regime,BULL_UNKNOWN,10,0,0,0,0,0,0,0,0,0,,,,,,,,,
overheated,B,2026,joint_regime,BULL_UNKNOWN,20,0,0,0,0,0,0,0,0,0,,,,,,,,,
overheated,B,2026,joint_regime,NEUTRAL_HIGH,5,54,201,198,52,51,2,1,0,0,5.0067253747563436,1.6285443238115316,59.595959595959592,5.0419702527848793,58.207565854624676,-11.095946271401676,-5.3955346475507762,11.794208501525578,22.514600948906025
overheated,B,2026,joint_regime,NEUTRAL_HIGH,10,54,201,192,52,48,8,1,0,0,8.4857319339690882,6.4355113248102169,61.458333333333336,8.4510003912752865,61.123211279461273,-17.896773897540772,-5.3589053453955984,16.964539007092192,35.734960152337969
overheated,B,2026,joint_regime,NEUTRAL_HIGH,20,54,201,165,52,39,33,3,0,0,12.170872620262408,3.9603960396039639,58.787878787878789,11.275675033633437,57.901542901542889,-23.791679145452729,-10.557184750733141,24.121405750798729,55.707613728958393
overheated,B,2026,joint_regime,NEUTRAL_LOW,5,2,2,1,2,1,1,0,0,0,-10.427606901725428,-10.427606901725428,0,-10.427606901725428,0,-10.427606901725428,-10.427606901725428,-10.427606901725428,-10.427606901725428
overheated,B,2026,joint_regime,NEUTRAL_LOW,10,2,2,0,2,0,2,0,0,0,,,,,,,,,
overheated,B,2026,joint_regime,NEUTRAL_LOW,20,2,2,0,2,0,2,0,0,0,,,,,,,,,
overheated,B,2026,joint_regime,NEUTRAL_UNKNOWN,5,0,0,0,0,0,0,0,0,0,,,,,,,,,
overheated,B,2026,joint_regime,NEUTRAL_UNKNOWN,10,0,0,0,0,0,0,0,0,0,,,,,,,,,
overheated,B,2026,joint_regime,NEUTRAL_UNKNOWN,20,0,0,0,0,0,0,0,0,0,,,,,,,,,
overheated,B,2026,joint_regime,UNKNOWN_UNKNOWN,5,0,0,0,0,0,0,0,0,0,,,,,,,,,
overheated,B,2026,joint_regime,UNKNOWN_UNKNOWN,10,0,0,0,0,0,0,0,0,0,,,,,,,,,
overheated,B,2026,joint_regime,UNKNOWN_UNKNOWN,20,0,0,0,0,0,0,0,0,0,,,,,,,,,
overheated,C,ALL,direction,BEAR,5,220,897,870,201,197,0,3,0,24,-0.31048618000838213,-1.6207095762533097,41.839080459770116,1.2579271780588384,43.916602789400635,-17.86907117679797,-8.9790945483378142,5.1684513843637694,18.272140993452474
overheated,C,ALL,direction,BEAR,10,220,897,866,201,196,0,5,0,26,-1.06138805731623,-2.8435452900048674,39.607390300230946,0.19177915545158469,41.41008567929336,-21.850257267912703,-11.940223723912577,6.515562649640871,20.852965641698027
overheated,C,ALL,direction,BEAR,20,220,897,842,201,189,0,7,0,48,-2.3704565400995126,-4.8311474120517293,36.935866983372925,0.086797549277253,39.885056154897427,-28.067949682829795,-15.201985514485514,6.9628491257663789,22.555244559352303
overheated,C,ALL,direction,BULL,5,190,1124,1110,185,181,7,1,0,6,1.1413411765323815,-1.0720122953483791,43.873873873873876,0.91700382678394932,43.072329007450364,-11.6504854368932,-6.1799748533831655,5.8035136733975587,15.798519840736168
overheated,C,ALL,direction,BULL,10,190,1124,1092,185,176,8,4,0,20,1.2330191296879973,-2.0018214936247727,42.948717948717949,0.91075385148950228,44.554191286420206,-14.923316238541915,-8.4056417682405407,7.2925603973808979,20.201276788294109
overheated,C,ALL,direction,BULL,20,190,1124,1071,185,174,20,7,0,26,2.3606575251524107,-1.7813765182186247,45.004668534080302,2.5576784526370449,44.661945162038577,-19.057377049180324,-9.7262449780435354,9.7323150581107072,30.030721966205839
overheated,C,ALL,direction,NEUTRAL,5,242,1283,1250,211,204,14,2,0,17,2.6214256703310039,0,49.759999999999998,1.970929895588869,46.442313133489606,-10.406922539883523,-5.1741403664115735,7.1403212113920755,17.718072566269957
overheated,C,ALL,direction,NEUTRAL,10,242,1283,1192,211,195,38,3,0,50,4.1222971155624819,-0.4195606013028374,48.489932885906043,2.5845787213833491,43.159866486789568,-12.895591427342696,-6.8255836203597422,9.997170886295347,26.311181379633798
overheated,C,ALL,direction,NEUTRAL,20,242,1283,1022,211,174,124,10,0,127,5.1241934171339203,-1.18658609745389,46.771037181996086,3.3443684106983276,42.867746078952976,-18.79728287866719,-11.001251491603368,12.261838697743256,36.484548833298035
overheated,C,ALL,direction,UNKNOWN,5,20,0,0,0,0,0,0,0,0,,,,,,,,,
overheated,C,ALL,direction,UNKNOWN,10,20,0,0,0,0,0,0,0,0,,,,,,,,,
overheated,C,ALL,direction,UNKNOWN,20,20,0,0,0,0,0,0,0,0,,,,,,,,,
overheated,C,ALL,volatility_regime,HIGH,5,395,2382,2331,386,376,18,5,0,28,1.4819273323908384,-0.71581961345741352,45.945945945945951,1.4946667648851479,44.844033673018089,-13.888888888888884,-7.0229617325670901,7.1652855983673103,18.397085610200367
overheated,C,ALL,volatility_regime,HIGH,10,395,2382,2278,386,366,35,11,0,58,2.0243319750569642,-1.4906688997504858,45.346795434591748,1.5500511437714555,44.796977496122295,-17.544429825711585,-8.9262802758805506,9.1625555998222801,24.105257922940179
overheated,C,ALL,volatility_regime,HIGH,20,395,2382,2092,386,341,133,23,0,134,2.0335364471281325,-1.9965635738831644,44.263862332695986,1.787805972518328,43.797734272855251,-23.084124338617073,-12.137801587611936,10.561615950728122,31.386085163289888
overheated,C,ALL,volatility_regime,LOW,5,216,919,896,210,205,3,1,0,19,0.87206319536241739,-0.71676649397505177,44.642857142857146,1.1768885253280714,43.872540738394399,-10.475858975165558,-5.4109619487908951,4.2384118613626791,12.874303702199086
overheated,C,ALL,volatility_regime,LOW,10,216,919,869,210,200,11,1,0,38,0.72544416515353638,-2.1042084168336639,40.851553509781354,0.50738799684077085,39.558639971139968,-13.423835994329187,-7.9505300353356896,4.9603174603174649,16.636401384083051
overheated,C,ALL,volatility_regime,LOW,20,216,919,840,210,195,11,1,0,67,1.6913974214439802,-2.9609660946369463,40.833333333333336,2.0629466147601794,39.829476079476073,-17.841582447957162,-10.656418918918922,7.2957769058406114,27.14741174484347
overheated,C,ALL,volatility_regime,UNKNOWN,5,61,3,3,1,1,0,0,0,0,12.602194136544973,20.78431372549019,66.666666666666657,12.602194136544973,66.666666666666657,-0.51542797521344852,7.4719751625504145,21.823472905012139,22.446968412725312
overheated,C,ALL,volatility_regime,UNKNOWN,10,61,3,3,1,1,0,0,0,0,33.07792501190913,28.530259365994223,66.666666666666657,33.07792501190913,66.666666666666657,0.15121735016185323,10.793358106098992,53.088659094761816,67.823698932022367
overheated,C,ALL,volatility_regime,UNKNOWN,20,61,3,3,1,1,0,0,0,0,31.444464526770741,36.503362151777139,66.666666666666657,31.444464526770741,66.666666666666657,1.4862662006344696,14.617677182312971,50.800700683731705,59.379103802904446
overheated,C,ALL,joint_regime,BEAR_HIGH,5,125,550,534,117,115,0,2,0,14,-0.87698546763286089,-2.6221047896095584,40.449438202247187,1.2489322889745571,44.009674752641494,-20.246356580405159,-11.661918853887208,6.6265190347290224,18.665054998387781
overheated,C,ALL,joint_regime,BEAR_HIGH,10,125,550,532,117,115,0,4,0,14,-1.6909610886903117,-3.9095686541975985,39.097744360902254,0.018393941005186955,41.456918472263744,-25.038399223390297,-14.592976920893474,7.6120082779114249,22.96419509793299
overheated,C,ALL,joint_regime,BEAR_HIGH,20,125,550,511,117,109,0,6,0,33,-3.5476659312577019,-6.4356435643564316,35.225048923679061,-0.73612588708337579,38.898172418814617,-33.415233415233416,-19.017755633045162,7.3291350307027825,26.960000000000008
overheated,C,ALL,joint_regime,BEAR_LOW,5,89,347,336,84,82,0,1,0,10,0.58984304496623507,-0.81095101706803452,44.047619047619044,1.2705419615306961,43.786075036075033,-10.533663165813156,-5.7291189669383602,3.9286664007445791,15.467716956361089
overheated,C,ALL,joint_regime,BEAR_LOW,10,89,347,334,84,81,0,1,0,12,-0.05859508518745371,-1.9330290141178372,40.419161676646709,0.43794334880140851,41.343594676928014,-14.761327612391446,-8.1356238890485493,4.3187381383249566,15.397574747755243
overheated,C,ALL,joint_regime,BEAR_LOW,20,89,347,331,84,80,0,1,0,15,-0.55307285767704994,-3.3663366336633693,39.577039274924466,1.2080307313186101,41.22968524531025,-18.473895582329316,-11.321571360451891,6.1934759020642502,20.540098199672663
overheated,C,ALL,joint_regime,BEAR_UNKNOWN,5,6,0,0,0,0,0,0,0,0,,,,,,,,,
overheated,C,ALL,joint_regime,BEAR_UNKNOWN,10,6,0,0,0,0,0,0,0,0,,,,,,,,,
overheated,C,ALL,joint_regime,BEAR_UNKNOWN,20,6,0,0,0,0,0,0,0,0,,,,,,,,,
overheated,C,ALL,joint_regime,BULL_HIGH,5,141,937,926,140,137,7,1,0,3,1.3115031557398011,-1.0650547909419605,44.060475161987043,0.65897429215864256,41.715475341438591,-11.840915696213177,-6.3190154616256793,6.1809654991473177,16.794448188957912
overheated,C,ALL,joint_regime,BULL_HIGH,10,141,937,908,140,132,8,4,0,17,1.485402595163573,-1.6790496325380044,43.942731277533035,1.053806641255,45.954409930715165,-15.531551260555654,-8.3437141263748114,7.7541423211319298,20.781478298238078
overheated,C,ALL,joint_regime,BULL_HIGH,20,141,937,887,140,130,20,7,0,23,2.2362389979163391,-1.6169154228855676,45.321307779030441,1.640694018139099,44.761201815173003,-19.881043487600856,-10.11361603149043,10.111058106303306,30.061702410492735
overheated,C,ALL,joint_regime,BULL_LOW,5,45,187,184,45,44,0,0,0,3,0.28498252030373444,-1.1759444903093941,42.934782608695656,1.7204139686854725,47.297077922077925,-11.001585952987826,-5.9849648814749736,3.8161155346116415,11.322398461908207
overheated,C,ALL,joint_regime,BULL_LOW,10,45,187,184,45,44,0,0,0,3,-0.012438406463211038,-3.5401002506265651,38.04347826086957,0.48159548219300868,40.353535353535349,-12.010682189073021,-8.5846765996658743,5.2575789828024915,17.241449191541296
overheated,C,ALL,joint_regime,BULL_LOW,20,45,187,184,45,44,0,0,0,3,2.960435968948036,-2.3948914014060572,43.478260869565219,5.2669506454718826,44.368686868686865,-16.93902831402831,-8.6867624088858033,8.2047835676867944,29.540988487495035
overheated,C,ALL,joint_regime,BULL_UNKNOWN,5,4,0,0,0,0,0,0,0,0,,,,,,,,,
overheated,C,ALL,joint_regime,BULL_UNKNOWN,10,4,0,0,0,0,0,0,0,0,,,,,,,,,
overheated,C,ALL,joint_regime,BULL_UNKNOWN,20,4,0,0,0,0,0,0,0,0,,,,,,,,,
overheated,C,ALL,joint_regime,NEUTRAL_HIGH,5,129,895,871,129,124,11,2,0,11,3.1093351656761605,0.50420168067226712,51.320321469575205,2.6458710672500603,49.0743866348705,-10.528967254408062,-5.5777177368086459,8.0854728046028228,19.391455147406589
overheated,C,ALL,joint_regime,NEUTRAL_HIGH,10,129,895,838,129,119,27,3,0,27,4.9669140596115602,0.2714390872285532,50.835322195704059,3.5806801576394647,46.740890995092677,-13.885359388017877,-6.6637478108581423,11.738628619064173,29.678599714874085
overheated,C,ALL,joint_regime,NEUTRAL_HIGH,20,129,895,694,129,102,113,10,0,78,5.8839647652924301,-0.14468553478823026,49.56772334293948,4.6724444702230858,47.805591739415263,-19.475378290912275,-10.931918656056588,13.616739359097583,36.238141173138878
overheated,C,ALL,joint_regime,NEUTRAL_LOW,5,82,385,376,81,79,3,0,0,6,1.411554723936659,-0.45391596601856987,46.01063829787234,0.77695559777945311,42.054952782800889,-9.74411190931513,-4.7043179095733354,4.7567834296449512,13.075256276878434
overheated,C,ALL,joint_regime,NEUTRAL_LOW,10,82,385,351,81,75,11,0,0,23,1.8583202414822311,-1.224226804123707,42.735042735042732,0.59751982531663517,37.164550264550272,-12.553495007132664,-7.1317320924591252,5.8124999999999982,17.582417582417587
overheated,C,ALL,joint_regime,NEUTRAL_LOW,20,82,385,325,81,71,11,0,0,49,3.2588330203618732,-3.0042918454935674,40.615384615384613,1.0406521545349763,35.438743572546393,-16.686826458565591,-11.262798634812288,8.2043343653250833,35.916727114463981
overheated,C,ALL,joint_regime,NEUTRAL_UNKNOWN,5,31,3,3,1,1,0,0,0,0,12.602194136544973,20.78431372549019,66.666666666666657,12.602194136544973,66.666666666666657,-0.51542797521344852,7.4719751625504145,21.823472905012139,22.446968412725312
overheated,C,ALL,joint_regime,NEUTRAL_UNKNOWN,10,31,3,3,1,1,0,0,0,0,33.07792501190913,28.530259365994223,66.666666666666657,33.07792501190913,66.666666666666657,0.15121735016185323,10.793358106098992,53.088659094761816,67.823698932022367
overheated,C,ALL,joint_regime,NEUTRAL_UNKNOWN,20,31,3,3,1,1,0,0,0,0,31.444464526770741,36.503362151777139,66.666666666666657,31.444464526770741,66.666666666666657,1.4862662006344696,14.617677182312971,50.800700683731705,59.379103802904446
overheated,C,ALL,joint_regime,UNKNOWN_UNKNOWN,5,20,0,0,0,0,0,0,0,0,,,,,,,,,
overheated,C,ALL,joint_regime,UNKNOWN_UNKNOWN,10,20,0,0,0,0,0,0,0,0,,,,,,,,,
overheated,C,ALL,joint_regime,UNKNOWN_UNKNOWN,20,20,0,0,0,0,0,0,0,0,,,,,,,,,
overheated,C,2024,direction,BEAR,5,116,485,460,106,102,0,1,0,24,0.39241526383737546,-0.81095101706803452,43.913043478260875,0.74106582121847053,44.636243386243386,-11.779957759003995,-6.5417803672837227,4.274319336555843,15.33693540553667
overheated,C,2024,direction,BEAR,10,116,485,458,106,101,0,1,0,26,-0.031043821032899724,-2.4361899778842009,39.737991266375545,0.16704428096012941,40.671460003143181,-14.90806004767734,-8.3092163846838858,5.6786623576391859,17.259258576681027
overheated,C,2024,direction,BEAR,20,116,485,436,106,95,0,1,0,48,-1.8397604135725352,-5.5563186813186842,33.486238532110093,-0.22788858096603681,36.3187134502924,-19.761904761904759,-12.164771684108372,4.5413286004056754,19.54583515709745
overheated,C,2024,direction,BULL,5,20,96,96,16,16,0,0,0,0,-0.91777541534557816,-2.4925729177616871,41.666666666666671,0.31449648095326788,44.952876984126981,-12.331237913884761,-6.3977245962540099,2.8596365018978611,12.210986818120773
overheated,C,2024,direction,BULL,10,20,96,96,16,16,0,0,0,0,-1.3056574890671024,-3.4832108755140148,38.541666666666671,-1.294299918116214,38.271329365079367,-12.539459830624853,-8.6065665624491157,4.1822941786128496,12.21271463830732
overheated,C,2024,direction,BULL,20,20,96,96,16,16,0,0,0,0,-0.96998406154560968,-4.1323398521330326,34.375,-0.29001579881294492,35.704365079365076,-17.904609392972155,-10.722616060225846,3.5544430538172742,23.943555230587766
overheated,C,2024,direction,NEUTRAL,5,88,315,309,57,56,0,0,0,6,-0.1740707068536895,-1.749999999999996,36.569579288025892,0.35611860659261002,39.011152537938251,-10.634140677959756,-6.1597690086621748,2.879078694817649,11.97016641582962
overheated,C,2024,direction,NEUTRAL,10,88,315,277,57,52,0,0,0,38,-1.6741639041883039,-3.9877300613496929,31.046931407942242,-1.2894324286438976,30.667265426880814,-14.431699503039782,-8.9922480620155056,1.8761726078799332,11.006031287302884
overheated,C,2024,direction,NEUTRAL,20,88,315,258,57,49,0,0,0,57,-3.579892558069854,-6.375591531755914,27.906976744186046,-3.2294303024261981,27.129961874859838,-19.323719701111724,-13.096239658711202,1.0015030060120167,13.989415472438614
overheated,C,2024,direction,UNKNOWN,5,20,0,0,0,0,0,0,0,0,,,,,,,,,
overheated,C,2024,direction,UNKNOWN,10,20,0,0,0,0,0,0,0,0,,,,,,,,,
overheated,C,2024,direction,UNKNOWN,20,20,0,0,0,0,0,0,0,0,,,,,,,,,
overheated,C,2024,volatility_regime,HIGH,5,77,413,399,74,72,0,0,0,14,0.026877505239257471,-1.2968299711815567,41.604010025062657,0.69822380717687482,44.541191832858495,-12.210458615742343,-6.9543523430828431,4.2105244288930699,15.356969402622626
overheated,C,2024,volatility_regime,HIGH,10,77,413,384,74,71,0,0,0,29,-0.33767032498335386,-2.7955816058122531,37.5,0.13187241159457061,38.289953395587197,-15.189820055427614,-9.2239675447344567,5.7384685108097244,19.580814145738703
overheated,C,2024,volatility_regime,HIGH,20,77,413,352,74,64,0,0,0,61,-2.0248938328173085,-5.8639944414279217,32.386363636363633,-0.44812756832088541,34.178495115995119,-19.996257018091079,-12.887872049264457,4.2310453137992257,19.78461118378441
overheated,C,2024,volatility_regime,LOW,5,106,480,463,104,101,0,1,0,16,-0.021412470682227836,-1.3432835820895497,40.388768898488117,0.37315832846972752,41.417177432028915,-11.066965849340756,-5.8597895970617646,3.160204175169945,11.998452816330616
overheated,C,2024,volatility_regime,LOW,10,106,480,444,104,97,0,1,0,35,-1.2902544159589857,-3.1476352598917403,35.810810810810814,-1.1683368952318829,36.387661593847156,-13.978140967480066,-8.2341971136784835,2.7267000039374771,11.68027019420208
overheated,C,2024,volatility_regime,LOW,20,106,480,435,104,95,0,1,0,44,-2.7596254129578059,-5.6229327453142242,31.03448275862069,-1.9715373994305094,32.598162071846275,-19.062639535625436,-12.018279153640576,2.6852090354247515,16.143392619804985
overheated,C,2024,volatility_regime,UNKNOWN,5,61,3,3,1,1,0,0,0,0,12.602194136544973,20.78431372549019,66.666666666666657,12.602194136544973,66.666666666666657,-0.51542797521344852,7.4719751625504145,21.823472905012139,22.446968412725312
overheated,C,2024,volatility_regime,UNKNOWN,10,61,3,3,1,1,0,0,0,0,33.07792501190913,28.530259365994223,66.666666666666657,33.07792501190913,66.666666666666657,0.15121735016185323,10.793358106098992,53.088659094761816,67.823698932022367
overheated,C,2024,volatility_regime,UNKNOWN,20,61,3,3,1,1,0,0,0,0,31.444464526770741,36.503362151777139,66.666666666666657,31.444464526770741,66.666666666666657,1.4862662006344696,14.617677182312971,50.800700683731705,59.379103802904446
overheated,C,2024,joint_regime,BEAR_HIGH,5,49,237,223,46,44,0,0,0,14,0.93804407613788909,-0.51000392310710507,45.739910313901348,1.617252180426374,47.58297258297258,-12.527563335147979,-7.0168780482801392,4.9632757179926994,16.182686187141957
overheated,C,2024,joint_regime,BEAR_HIGH,10,49,237,223,46,44,0,0,0,14,1.7238342538264195,-1.9672131147540961,42.600896860986545,2.2361978844254957,44.265873015873019,-14.85394198309085,-7.9453948310019342,7.7116642105496958,22.033620422753245
overheated,C,2024,joint_regime,BEAR_HIGH,20,49,237,204,46,39,0,0,0,33,0.51171905372524662,-5.052474411277486,35.294117647058826,3.1757825724990094,39.107651607651604,-19.321329162366602,-12.055355715427659,7.0390385269741227,21.914075893248711
overheated,C,2024,joint_regime,BEAR_LOW,5,61,248,237,60,58,0,1,0,10,-0.12098231060572369,-0.96418732782369565,42.194092827004219,0.076372721129715895,42.400793650793652,-10.676605613713814,-5.9299191374663103,3.7414965986394488,12.559731916074368
overheated,C,2024,joint_regime,BEAR_LOW,10,61,248,235,60,57,0,1,0,12,-1.696311100580254,-2.9020556227327687,37.021276595744681,-1.4301970971534863,37.896825396825399,-14.91319578066566,-8.518613105789747,2.6564895959154677,11.838906466220122
overheated,C,2024,joint_regime,BEAR_LOW,20,61,248,232,60,56,0,1,0,15,-3.9074406348171355,-5.6554186398234672,31.896551724137932,-2.5983024199863358,34.37641723356009,-20.704363099277472,-12.421395905342067,2.665130114981995,16.182605617067519
overheated,C,2024,joint_regime,BEAR_UNKNOWN,5,6,0,0,0,0,0,0,0,0,,,,,,,,,
overheated,C,2024,joint_regime,BEAR_UNKNOWN,10,6,0,0,0,0,0,0,0,0,,,,,,,,,
overheated,C,2024,joint_regime,BEAR_UNKNOWN,20,6,0,0,0,0,0,0,0,0,,,,,,,,,
overheated,C,2024,joint_regime,BULL_HIGH,5,6,39,39,6,6,0,0,0,0,1.1852409553316341,-0.34110289937464561,48.717948717948715,1.6889250850746163,49.107142857142854,-7.6520717673155341,-5.1708329289251793,4.637881803236132,13.370257473945632
overheated,C,2024,joint_regime,BULL_HIGH,10,6,39,39,6,6,0,0,0,0,0.50544066620942474,-1.7869415807560185,46.153846153846153,0.93665905776769121,47.55952380952381,-11.751697223464371,-7.9262316109798956,5.7311370536946455,15.440601503759421
overheated,C,2024,joint_regime,BULL_HIGH,20,6,39,39,6,6,0,0,0,0,0.75799156697829373,-2.8083422503078825,41.025641025641022,0.25183615001574383,40.714285714285722,-13.570905245439885,-8.7367178276269168,6.6282734946782051,25.941367684847098
overheated,C,2024,joint_regime,BULL_LOW,5,10,57,57,10,10,0,0,0,0,-2.3566813531773554,-3.3222591362126241,36.84210526315789,-0.51016068151954164,42.460317460317462,-13.367325223073538,-7.7220077220077172,1.923076923076916,9.7575087211775688
overheated,C,2024,joint_regime,BULL_LOW,10,10,57,57,10,10,0,0,0,0,-2.5448299110984096,-3.5714285714285694,33.333333333333329,-2.6328753036465571,32.698412698412703,-13.520346534615063,-8.6003097741909169,3.590425531914887,11.015205120587671
overheated,C,2024,joint_regime,BULL_LOW,20,10,57,57,10,10,0,0,0,0,-2.1522831757988068,-4.6679815910585116,29.82456140350877,-0.61512696811015866,32.698412698412696,-18.825620194400113,-10.851158645276293,1.3729977116704759,18.862790492455098
overheated,C,2024,joint_regime,BULL_UNKNOWN,5,4,0,0,0,0,0,0,0,0,,,,,,,,,
overheated,C,2024,joint_regime,BULL_UNKNOWN,10,4,0,0,0,0,0,0,0,0,,,,,,,,,
overheated,C,2024,joint_regime,BULL_UNKNOWN,20,4,0,0,0,0,0,0,0,0,,,,,,,,,
overheated,C,2024,joint_regime,NEUTRAL_HIGH,5,22,137,137,22,22,0,0,0,0,-1.7860153404833528,-2.3255813953488413,32.846715328467155,-1.4100241969305987,37.212370962370954,-12.014431661836591,-7.946026986506749,1.9083969465648831,10.512231244573833
overheated,C,2024,joint_regime,NEUTRAL_HIGH,10,22,137,122,22,21,0,0,0,15,-4.3753494211398936,-5.9177750034026806,25.409836065573771,-4.5071295256244506,23.120530263387405,-18.378203246665567,-11.065388893730232,0.074702538598864193,8.6937206243504086
overheated,C,2024,joint_regime,NEUTRAL_HIGH,20,22,137,109,22,19,0,0,0,28,-7.7680274057229024,-8.2266910420475288,23.853211009174313,-8.1077211368469708,21.996818970503185,-24.426491147760029,-16.083916083916083,-0.66225165562914245,10.843078804555539
overheated,C,2024,joint_regime,NEUTRAL_LOW,5,35,175,169,34,33,0,0,0,6,0.90585604034789557,-1.2931034482758674,39.053254437869825,1.1624539443974045,39.372294372294377,-9.7094528818072305,-4.8158640226628862,2.9411764705882248,11.015414460176242
overheated,C,2024,joint_regime,NEUTRAL_LOW,10,35,175,152,34,30,0,0,0,23,-0.19200359945276735,-3.0310390318325053,34.868421052631575,-0.18262304210927785,34.749999999999993,-12.539053221599428,-7.8258482430689886,2.6312148105735234,10.912874104986567
overheated,C,2024,joint_regime,NEUTRAL_LOW,20,35,175,146,34,29,0,0,0,29,-1.1728129201269739,-5.8285681933986311,30.136986301369863,-1.2289602670883446,29.129720853858785,-17.799209518712178,-11.61825370071498,3.0554098121127193,15.237948416494742
overheated,C,2024,joint_regime,NEUTRAL_UNKNOWN,5,31,3,3,1,1,0,0,0,0,12.602194136544973,20.78431372549019,66.666666666666657,12.602194136544973,66.666666666666657,-0.51542797521344852,7.4719751625504145,21.823472905012139,22.446968412725312
overheated,C,2024,joint_regime,NEUTRAL_UNKNOWN,10,31,3,3,1,1,0,0,0,0,33.07792501190913,28.530259365994223,66.666666666666657,33.07792501190913,66.666666666666657,0.15121735016185323,10.793358106098992,53.088659094761816,67.823698932022367
overheated,C,2024,joint_regime,NEUTRAL_UNKNOWN,20,31,3,3,1,1,0,0,0,0,31.444464526770741,36.503362151777139,66.666666666666657,31.444464526770741,66.666666666666657,1.4862662006344696,14.617677182312971,50.800700683731705,59.379103802904446
overheated,C,2024,joint_regime,UNKNOWN_UNKNOWN,5,20,0,0,0,0,0,0,0,0,,,,,,,,,
overheated,C,2024,joint_regime,UNKNOWN_UNKNOWN,10,20,0,0,0,0,0,0,0,0,,,,,,,,,
overheated,C,2024,joint_regime,UNKNOWN_UNKNOWN,20,20,0,0,0,0,0,0,0,0,,,,,,,,,
overheated,C,2025,direction,BEAR,5,40,142,142,35,35,0,0,0,0,2.9530770980541479,-0.49007511523921909,47.887323943661968,5.0758916153479907,50.058441558441558,-10.232992129786103,-5.4393939393939412,7.00022036370504,22.592857057850456
overheated,C,2025,direction,BEAR,10,40,142,142,35,35,0,0,0,0,3.5123897390795449,-0.36556577511525079,48.591549295774648,5.2999224446478266,52.058441558441558,-15.667856535781059,-8.3573165703129639,9.1297052815873876,22.964195097932972
overheated,C,2025,direction,BEAR,20,40,142,142,35,35,0,0,0,0,6.1679289938027306,1.4174402041091883,53.521126760563376,9.1228635055551557,56.379870129870127,-17.741549025077813,-8.2563508722396826,13.069594188095994,36.541599355978562
overheated,C,2025,direction,BULL,5,104,548,541,104,102,0,1,0,6,1.5227806247781446,-0.61111111111110672,44.916820702402958,1.2042883608871155,43.200508961754629,-9.3624319848592421,-4.9206349206349245,6.0556464811784005,14.133738601823698
overheated,C,2025,direction,BULL,10,104,548,526,104,98,0,2,0,20,1.0928743913609378,-1.6790496325380044,43.726235741444867,1.1542917390219785,44.888848396501466,-12.316228098602199,-7.3481438515081177,5.9506767308693416,17.330343298058324
overheated,C,2025,direction,BULL,20,104,548,519,104,97,0,3,0,26,2.8771435135999757,-0.3521126760563375,48.362235067437382,3.6471329013707421,48.141670757650132,-14.383031156486538,-7.5172089775475115,8.5071957130027442,25.352526439482958
overheated,C,2025,direction,NEUTRAL,5,98,514,503,98,95,0,0,0,11,2.1208039497509419,-0.093457943925234696,48.707753479125252,1.5592811124933477,45.108680792891313,-9.5704522432650734,-4.8535126291031787,5.6997486536914943,15.204912991228143
overheated,C,2025,direction,NEUTRAL,10,98,514,502,98,94,0,0,0,12,3.6426315070822644,-0.53501980106506752,48.207171314741039,2.1390511101864136,42.777163734610532,-12.421208931659272,-6.0968943702832954,8.5172210581456245,22.651772409808334
overheated,C,2025,direction,NEUTRAL,20,98,514,442,98,85,0,2,0,70,5.2302746257782404,-0.14468553478823026,49.095022624434385,3.4663101891598873,44.803157626687032,-16.559713559713558,-9.3117021403874016,12.445991805653279,34.929278114745955
overheated,C,2025,direction,UNKNOWN,5,0,0,0,0,0,0,0,0,0,,,,,,,,,
overheated,C,2025,direction,UNKNOWN,10,0,0,0,0,0,0,0,0,0,,,,,,,,,
overheated,C,2025,direction,UNKNOWN,20,0,0,0,0,0,0,0,0,0,,,,,,,,,
overheated,C,2025,volatility_regime,HIGH,5,134,776,761,133,129,0,1,0,14,2.0461753372319937,-0.58027079303675233,45.729303547963205,1.9369319031904322,44.151830335140865,-9.6511627906976774,-5.0189393939393927,6.1904761904761916,15.779467680608359
overheated,C,2025,volatility_regime,HIGH,10,134,776,745,133,124,0,2,0,29,2.28044073712246,-1.0714285714285676,46.308724832214764,2.2974387269250323,47.258719103477162,-12.772893399096693,-6.5359477124182996,6.9553805774278166,19.196213737648538
overheated,C,2025,volatility_regime,HIGH,20,134,776,698,133,117,0,5,0,73,2.950793548170155,-0.44861747447954015,48.137535816618907,3.231947328049996,49.413533996867329,-15.613597213183784,-8.2892215094638502,8.718254381140655,25.292438092301886
overheated,C,2025,volatility_regime,LOW,5,108,428,425,104,103,0,0,0,3,1.7712616965172752,-0.093457943925234696,48.941176470588239,1.9297195099317253,46.099377968310016,-9.8840829800802794,-4.7138047138047146,5.1597051597051644,13.528789808917196
overheated,C,2025,volatility_regime,LOW,10,108,428,425,104,103,0,0,0,3,2.8312563298922644,-0.78926598263614467,46.117647058823529,2.0854978466567644,42.54490116140601,-12.402805028704309,-7.2234762979684,7.4895977808599135,21.296544211099683
overheated,C,2025,volatility_regime,LOW,20,108,428,405,104,100,0,0,0,23,6.4721256509866389,0.50251256281406143,51.358024691358025,5.8957064282413327,46.699224386724381,-15.46091845530888,-8.2107843137254939,13.321350109846207,39.451648078131115
overheated,C,2025,volatility_regime,UNKNOWN,5,0,0,0,0,0,0,0,0,0,,,,,,,,,
overheated,C,2025,volatility_regime,UNKNOWN,10,0,0,0,0,0,0,0,0,0,,,,,,,,,
overheated,C,2025,volatility_regime,UNKNOWN,20,0,0,0,0,0,0,0,0,0,,,,,,,,,
overheated,C,2025,joint_regime,BEAR_HIGH,5,12,43,43,11,11,0,0,0,0,4.4762064465459854,-0.93555093555093283,46.511627906976742,7.0819439561078328,56.439393939393931,-10.160733059844565,-6.7423996023219912,11.602629956852272,26.770157686874803
overheated,C,2025,joint_regime,BEAR_HIGH,10,12,43,43,11,11,0,0,0,0,2.7836509945475632,-0.36144578313253012,48.837209302325576,6.2275127065464639,57.575757575757571,-16.824322147808235,-12.724256996899264,9.531040310154582,34.572620538246071
overheated,C,2025,joint_regime,BEAR_HIGH,20,12,43,43,11,11,0,0,0,0,3.5438792031050217,-1.36705399863295,44.186046511627907,7.0138935154278963,54.54545454545454,-19.028789000206014,-11.469115334472747,11.794976209867546,37.623155433374428
overheated,C,2025,joint_regime,BEAR_LOW,5,28,99,99,24,24,0,0,0,0,2.2915158658809252,-0.18621973929237029,48.484848484848484,4.1564509591663983,47.133838383838381,-10.219641736275413,-4.8262548262548277,4.5194633530267989,20.1120522185096
overheated,C,2025,joint_regime,BEAR_LOW,10,28,99,99,24,24,0,0,0,0,3.8289126281186872,-0.36968576709797141,48.484848484848484,4.8747769079442849,49.529671717171716,-12.57650194868998,-5.6266995127997941,9.0674348598499783,20.743754518781433
overheated,C,2025,joint_regime,BEAR_LOW,20,28,99,99,24,24,0,0,0,0,7.3076677917825448,2.2560975609756007,57.575757575757578,10.089474751030151,57.220643939393931,-13.853008486995131,-4.556469124178431,13.435208788883092,35.676648810046537
overheated,C,2025,joint_regime,BEAR_UNKNOWN,5,0,0,0,0,0,0,0,0,0,,,,,,,,,
overheated,C,2025,joint_regime,BEAR_UNKNOWN,10,0,0,0,0,0,0,0,0,0,,,,,,,,,
overheated,C,2025,joint_regime,BEAR_UNKNOWN,20,0,0,0,0,0,0,0,0,0,,,,,,,,,
overheated,C,2025,joint_regime,BULL_HIGH,5,69,418,414,69,68,0,1,0,3,1.5387842926038162,-0.63619104956345596,44.685990338164252,0.61819987313425862,40.440936178392931,-9.5720648654183389,-4.9066924066924082,6.1809654991473177,14.558928855642204
overheated,C,2025,joint_regime,BULL_HIGH,10,69,418,399,69,64,0,2,0,17,1.0829205306077061,-1.2679162072767314,44.862155388471173,1.0250255651749365,46.102120535714285,-12.560488813377749,-6.2893487575120197,5.5875760486711501,15.291973463585332
overheated,C,2025,joint_regime,BULL_HIGH,20,69,418,392,69,63,0,3,0,23,2.1067273577842265,-0.44861747447954015,47.959183673469383,1.8392824341444063,48.325459813555042,-14.220517140623697,-7.421292953408102,8.2198576972833166,22.208253700692083
overheated,C,2025,joint_regime,BULL_LOW,5,35,130,127,35,34,0,0,0,3,1.4706111879291055,-0.48985304408677433,45.669291338582681,2.3764653363928296,48.71965452847806,-8.327356278448482,-4.9532038267503404,4.2657060214312033,11.569200779727106
overheated,C,2025,joint_regime,BULL_LOW,10,35,130,127,35,34,0,0,0,3,1.1241467570344765,-3.4682080924855474,40.15748031496063,1.3976163015575869,42.605042016806721,-10.777930444028641,-8.5329246643489789,6.6146401308615044,19.527910296645942
overheated,C,2025,joint_regime,BULL_LOW,20,35,130,127,35,34,0,0,0,3,5.2551209394249634,0,49.606299212598429,6.9969734729960118,47.801120448179276,-14.67002086269518,-7.8613399277069558,10.293262376670764,36.264981966331966
overheated,C,2025,joint_regime,BULL_UNKNOWN,5,0,0,0,0,0,0,0,0,0,,,,,,,,,
overheated,C,2025,joint_regime,BULL_UNKNOWN,10,0,0,0,0,0,0,0,0,0,,,,,,,,,
overheated,C,2025,joint_regime,BULL_UNKNOWN,20,0,0,0,0,0,0,0,0,0,,,,,,,,,
overheated,C,2025,joint_regime,NEUTRAL_HIGH,5,53,315,304,53,50,0,0,0,11,2.3934403200463485,-0.54945054945055305,47.039473684210527,2.5985048124250012,46.495382395382393,-9.5652592032209647,-4.9780144235818566,5.7904411764705896,18.867092662859918
overheated,C,2025,joint_regime,NEUTRAL_HIGH,10,53,315,303,53,49,0,0,0,12,3.7859606094990528,-0.67453625632377656,47.854785478547853,3.0771046162346312,46.453308596165741,-12.028713598172773,-5.9923232660171291,8.7523727187738043,23.367414454253733
overheated,C,2025,joint_regime,NEUTRAL_HIGH,20,53,315,263,53,43,0,2,0,50,4.111901013832072,-0.34965034965035441,49.049429657794676,4.3048887293266294,49.694872311151386,-17.471439141595624,-9.0417082818433681,11.914304776495587,29.011436744861225
overheated,C,2025,joint_regime,NEUTRAL_LOW,5,45,199,199,45,45,0,0,0,0,1.7043142182443909,0.39473684210526988,51.256281407035175,0.40458811256928884,43.567901234567898,-9.4975226062182561,-4.6062886101567653,5.5856749622066211,13.060148034271865
overheated,C,2025,joint_regime,NEUTRAL_LOW,10,45,199,199,45,45,0,0,0,0,3.4243967431009241,-0.30816640986132121,48.743718592964825,1.1176150702672438,38.774250440917122,-12.91283126299367,-6.311556880816843,7.563378707615275,22.390649866701821
overheated,C,2025,joint_regime,NEUTRAL_LOW,20,45,199,179,45,42,0,0,0,20,6.8734716086935563,-0.066312997347483998,49.162011173184354,2.607765493274889,39.794973544973544,-16.060504201680676,-9.5709740136219068,13.461091938716752,41.300240461931971
overheated,C,2025,joint_regime,NEUTRAL_UNKNOWN,5,0,0,0,0,0,0,0,0,0,,,,,,,,,
overheated,C,2025,joint_regime,NEUTRAL_UNKNOWN,10,0,0,0,0,0,0,0,0,0,,,,,,,,,
overheated,C,2025,joint_regime,NEUTRAL_UNKNOWN,20,0,0,0,0,0,0,0,0,0,,,,,,,,,
overheated,C,2025,joint_regime,UNKNOWN_UNKNOWN,5,0,0,0,0,0,0,0,0,0,,,,,,,,,
overheated,C,2025,joint_regime,UNKNOWN_UNKNOWN,10,0,0,0,0,0,0,0,0,0,,,,,,,,,
overheated,C,2025,joint_regime,UNKNOWN_UNKNOWN,20,0,0,0,0,0,0,0,0,0,,,,,,,,,
overheated,C,2026,direction,BEAR,5,64,270,268,60,60,0,2,0,0,-3.2461602458812475,-7.6938003568968139,35.074626865671647,-0.090554437064541735,39.110474492827436,-24.961288597317438,-18.251955800432256,6.9756701492851345,19.540993661827841
overheated,C,2026,direction,BEAR,10,64,270,266,60,60,0,4,0,0,-5.2770801900454227,-9.5010974652278311,34.586466165413533,-2.7463340578522746,36.441897971309736,-29.676067678420392,-21.858073240370349,7.0040717922457034,22.084375222441899
overheated,C,2026,direction,BEAR,20,64,270,264,60,59,0,6,0,0,-7.8395256953263326,-10.605104274522599,33.712121212121211,-4.7668825540551882,35.842413236481029,-39.569387977348626,-29.394761226137518,7.098468881725772,29.75848087239028
overheated,C,2026,direction,BULL,5,66,480,473,65,63,7,0,0,0,1.1229827226620348,-1.4184397163120588,43.128964059196619,0.60489422447867847,42.387200071484308,-15.108830761486182,-8.430769230769231,6.4935064935064846,20.359135697275573
overheated,C,2026,direction,BULL,10,66,480,470,65,62,8,2,0,0,1.9084001674763447,-2.0612716944912126,42.978723404255319,1.0948530020622247,45.646600866315239,-18.292941176470585,-9.7777777777777768,10.714840370066337,24.687244262586734
overheated,C,2026,direction,BULL,20,66,480,456,65,61,20,4,0,0,2.4740026223425939,-2.4775922316905898,43.421052631578952,1.5722034771621454,41.478140220209951,-24.475479779999215,-13.909908473922199,13.118185905361369,36.008805493992192
overheated,C,2026,direction,NEUTRAL,5,56,454,438,56,53,14,2,0,0,5.1685058210201404,2.6662601814965381,60.273972602739725,4.415006623473114,56.684578524201171,-10.464515419040863,-4.770498714114316,11.168920699933093,22.07786516033212
overheated,C,2026,direction,NEUTRAL,10,56,454,413,56,49,38,3,0,0,8.5930279580032476,4.7227926078028837,60.53268765133172,7.5504598490145467,57.151485136179012,-12.376026272577997,-4.9088359046283276,17.129629629629626,36.54835610589241
overheated,C,2026,direction,NEUTRAL,20,56,454,322,56,40,124,8,0,0,11.952660148133255,3.5998654255915752,58.695652173913047,11.138145555045055,58.033782190032191,-19.456253799812082,-9.1516894878037434,24.442959001782533,54.860230219356687
overheated,C,2026,direction,UNKNOWN,5,0,0,0,0,0,0,0,0,0,,,,,,,,,
overheated,C,2026,direction,UNKNOWN,10,0,0,0,0,0,0,0,0,0,,,,,,,,,
overheated,C,2026,direction,UNKNOWN,20,0,0,0,0,0,0,0,0,0,,,,,,,,,
overheated,C,2026,volatility_regime,HIGH,5,184,1193,1171,179,175,18,4,0,0,1.6110239586499007,-0.45941807044410637,47.566182749786506,1.4963335655343706,45.478884204890392,-17.717842323651457,-8.9416728340743923,8.6188028519316831,20.757180156657974
overheated,C,2026,volatility_regime,HIGH,10,184,1193,1149,179,171,35,9,0,0,2.6476634419644398,-0.99290780141844115,47.345517841601392,1.5969203231487386,45.713601775806431,-21.746850347344868,-10.947832476120499,12.486828240252892,27.915888063353421
overheated,C,2026,volatility_regime,HIGH,20,184,1193,1042,179,160,133,18,0,0,2.7900834740124556,-1.8900385917430984,45.681381957773517,1.6261510226214804,43.538876387415471,-29.376361600325769,-15.538977973188496,14.677403804096738,37.620682774264225
overheated,C,2026,volatility_regime,LOW,5,2,11,8,2,1,3,0,0,0,4.8120469938444472,5.9310239031601268,62.5,4.8120469938444472,62.5,-8.8104336597596795,-3.1939361265926562,11.885182928305232,18.310461961698785
overheated,C,2026,volatility_regime,LOW,10,2,11,0,2,0,11,0,0,0,,,,,,,,,
overheated,C,2026,volatility_regime,LOW,20,2,11,0,2,0,11,0,0,0,,,,,,,,,
overheated,C,2026,volatility_regime,UNKNOWN,5,0,0,0,0,0,0,0,0,0,,,,,,,,,
overheated,C,2026,volatility_regime,UNKNOWN,10,0,0,0,0,0,0,0,0,0,,,,,,,,,
overheated,C,2026,volatility_regime,UNKNOWN,20,0,0,0,0,0,0,0,0,0,,,,,,,,,
overheated,C,2026,joint_regime,BEAR_HIGH,5,64,270,268,60,60,0,2,0,0,-3.2461602458812475,-7.6938003568968139,35.074626865671647,-0.090554437064541735,39.110474492827436,-24.961288597317438,-18.251955800432256,6.9756701492851345,19.540993661827841
overheated,C,2026,joint_regime,BEAR_HIGH,10,64,270,266,60,60,0,4,0,0,-5.2770801900454227,-9.5010974652278311,34.586466165413533,-2.7463340578522746,36.441897971309736,-29.676067678420392,-21.858073240370349,7.0040717922457034,22.084375222441899
overheated,C,2026,joint_regime,BEAR_HIGH,20,64,270,264,60,59,0,6,0,0,-7.8395256953263326,-10.605104274522599,33.712121212121211,-4.7668825540551882,35.842413236481029,-39.569387977348626,-29.394761226137518,7.098468881725772,29.75848087239028
overheated,C,2026,joint_regime,BEAR_LOW,5,0,0,0,0,0,0,0,0,0,,,,,,,,,
overheated,C,2026,joint_regime,BEAR_LOW,10,0,0,0,0,0,0,0,0,0,,,,,,,,,
overheated,C,2026,joint_regime,BEAR_LOW,20,0,0,0,0,0,0,0,0,0,,,,,,,,,
overheated,C,2026,joint_regime,BEAR_UNKNOWN,5,0,0,0,0,0,0,0,0,0,,,,,,,,,
overheated,C,2026,joint_regime,BEAR_UNKNOWN,10,0,0,0,0,0,0,0,0,0,,,,,,,,,
overheated,C,2026,joint_regime,BEAR_UNKNOWN,20,0,0,0,0,0,0,0,0,0,,,,,,,,,
overheated,C,2026,joint_regime,BULL_HIGH,5,66,480,473,65,63,7,0,0,0,1.1229827226620348,-1.4184397163120588,43.128964059196619,0.60489422447867847,42.387200071484308,-15.108830761486182,-8.430769230769231,6.4935064935064846,20.359135697275573
overheated,C,2026,joint_regime,BULL_HIGH,10,66,480,470,65,62,8,2,0,0,1.9084001674763447,-2.0612716944912126,42.978723404255319,1.0948530020622247,45.646600866315239,-18.292941176470585,-9.7777777777777768,10.714840370066337,24.687244262586734
overheated,C,2026,joint_regime,BULL_HIGH,20,66,480,456,65,61,20,4,0,0,2.4740026223425939,-2.4775922316905898,43.421052631578952,1.5722034771621454,41.478140220209951,-24.475479779999215,-13.909908473922199,13.118185905361369,36.008805493992192
overheated,C,2026,joint_regime,BULL_LOW,5,0,0,0,0,0,0,0,0,0,,,,,,,,,
overheated,C,2026,joint_regime,BULL_LOW,10,0,0,0,0,0,0,0,0,0,,,,,,,,,
overheated,C,2026,joint_regime,BULL_LOW,20,0,0,0,0,0,0,0,0,0,,,,,,,,,
overheated,C,2026,joint_regime,BULL_UNKNOWN,5,0,0,0,0,0,0,0,0,0,,,,,,,,,
overheated,C,2026,joint_regime,BULL_UNKNOWN,10,0,0,0,0,0,0,0,0,0,,,,,,,,,
overheated,C,2026,joint_regime,BULL_UNKNOWN,20,0,0,0,0,0,0,0,0,0,,,,,,,,,
overheated,C,2026,joint_regime,NEUTRAL_HIGH,5,54,443,430,54,52,11,2,0,0,5.1751376131536402,2.662672731421889,60.232558139534888,4.4073712317352038,56.572743495820419,-10.571223132198853,-4.770498714114316,11.168920699933093,22.407484227590981
overheated,C,2026,joint_regime,NEUTRAL_HIGH,10,54,443,413,54,49,27,3,0,0,8.5930279580032476,4.7227926078028837,60.53268765133172,7.5504598490145467,57.151485136179012,-12.376026272577997,-4.9088359046283276,17.129629629629626,36.54835610589241
overheated,C,2026,joint_regime,NEUTRAL_HIGH,20,54,443,322,54,40,113,8,0,0,11.952660148133255,3.5998654255915752,58.695652173913047,11.138145555045055,58.033782190032191,-19.456253799812082,-9.1516894878037434,24.442959001782533,54.860230219356687
overheated,C,2026,joint_regime,NEUTRAL_LOW,5,2,11,8,2,1,3,0,0,0,4.8120469938444472,5.9310239031601268,62.5,4.8120469938444472,62.5,-8.8104336597596795,-3.1939361265926562,11.885182928305232,18.310461961698785
overheated,C,2026,joint_regime,NEUTRAL_LOW,10,2,11,0,2,0,11,0,0,0,,,,,,,,,
overheated,C,2026,joint_regime,NEUTRAL_LOW,20,2,11,0,2,0,11,0,0,0,,,,,,,,,
overheated,C,2026,joint_regime,NEUTRAL_UNKNOWN,5,0,0,0,0,0,0,0,0,0,,,,,,,,,
overheated,C,2026,joint_regime,NEUTRAL_UNKNOWN,10,0,0,0,0,0,0,0,0,0,,,,,,,,,
overheated,C,2026,joint_regime,NEUTRAL_UNKNOWN,20,0,0,0,0,0,0,0,0,0,,,,,,,,,
overheated,C,2026,joint_regime,UNKNOWN_UNKNOWN,5,0,0,0,0,0,0,0,0,0,,,,,,,,,
overheated,C,2026,joint_regime,UNKNOWN_UNKNOWN,10,0,0,0,0,0,0,0,0,0,,,,,,,,,
overheated,C,2026,joint_regime,UNKNOWN_UNKNOWN,20,0,0,0,0,0,0,0,0,0,,,,,,,,,
all,A,ALL,direction,BEAR,5,220,983,966,202,198,0,3,0,14,0.027092350460889321,-0.95724469911239729,45.134575569358176,0.29829284838921183,46.440552993583296,-10.626085487706106,-5.6292546512012152,3.5847661418005883,11.05245191832628
all,A,ALL,direction,BEAR,10,220,983,958,202,197,0,7,0,18,0.327755230367551,-0.74280984895510049,45.720250521920669,0.33199926335076624,46.868337528235998,-14.685985534785743,-7.5200165877083114,6.128911138923665,16.42467788078114
all,A,ALL,direction,BEAR,20,220,983,927,202,190,0,7,0,49,2.3397020559509247,-0.56497175141242406,48.651564185544764,2.3258296294435592,49.618147933937408,-18.762684410979286,-8.6465724331031897,10.112906963271927,24.718354718354711
all,A,ALL,direction,BULL,5,190,2506,2448,186,182,45,2,0,11,1.7003502847012382,0,49.387254901960787,1.3229154130102492,48.978227138957081,-8.8047655516917818,-4.337683107952631,5.2204194461174867,13.018086412861452
all,A,ALL,direction,BULL,10,190,2506,2386,186,177,50,4,0,66,2.5155459011170946,0,49.538977367979882,2.5077033350222817,49.568964914781702,-12.103736100391615,-6.1114294202529464,7.2368421052631628,18.826369437482892
all,A,ALL,direction,BULL,20,190,2506,2357,186,175,62,8,0,79,4.9543396305238279,0.67567567567567977,51.59100551548579,4.522593794937892,50.307079464255267,-16.122050144633068,-7.7170418006430879,12.754158964879858,29.808585374948105
all,A,ALL,direction,NEUTRAL,5,242,1984,1932,211,204,28,1,0,23,1.4414545054266441,-0.090747886911529602,48.550724637681157,1.2859822033461068,48.345312931388591,-8.6987716075823478,-4.5889121868523874,4.7516723463334518,12.08950908482211
all,A,ALL,direction,NEUTRAL,10,242,1984,1873,211,195,60,3,0,48,2.9568920974078781,-0.22727272727273151,48.958889482114252,2.3509859499558301,47.657927957292642,-10.99905213270142,-5.748373101952275,7.7108433734939696,20.052527152914589
all,A,ALL,direction,NEUTRAL,20,242,1984,1632,211,174,164,5,0,183,6.1442659940546562,0.96350139189608219,52.205882352941181,4.5855031790335827,49.359280316337014,-14.864598850819325,-7.4403530324582965,13.574054621848736,32.836393837011855
all,A,ALL,direction,UNKNOWN,5,20,0,0,0,0,0,0,0,0,,,,,,,,,
all,A,ALL,direction,UNKNOWN,10,20,0,0,0,0,0,0,0,0,,,,,,,,,
all,A,ALL,direction,UNKNOWN,20,20,0,0,0,0,0,0,0,0,,,,,,,,,
all,A,ALL,volatility_regime,HIGH,5,395,3844,3743,384,374,63,1,0,37,1.7517645232530106,-0.13404825737265419,48.864547154688751,1.5231854187038854,48.784572550330715,-9.3252575568889391,-4.6719952634695083,5.3470853280766057,14.129626636495876
all,A,ALL,volatility_regime,HIGH,10,395,3844,3645,384,364,91,6,0,102,2.8200114566247212,0.1072961373390635,50.123456790123456,2.3820730623949564,49.397407395682286,-12.656598907252178,-6.2344139650872812,7.9487179487179427,20.252296387017754
all,A,ALL,volatility_regime,HIGH,20,395,3844,3377,384,339,207,12,0,248,5.6782352217464283,1.1725293132328396,52.620669233047082,4.6852292152508364,50.966195477600927,-16.848668348361741,-7.8376487053883777,13.868116927260376,31.888022316758097
all,A,ALL,volatility_regime,LOW,5,216,1617,1591,214,209,10,5,0,11,0.24555703397575757,-0.35193564605329181,46.951602765556252,-0.046237486423961131,46.258120587875275,-8.6727989487516481,-4.6458185264155407,3.5656177082676432,8.8391739674593239
all,A,ALL,volatility_regime,LOW,10,216,1617,1560,214,204,19,8,0,30,1.0089008552922036,-0.96874371634755319,45.256410256410255,0.49269047914807973,45.519978476908008,-11.253860489882857,-6.484415228476986,5.5260598421984497,14.317931286808538
all,A,ALL,volatility_regime,LOW,20,216,1617,1527,214,199,19,8,0,63,3.0840857044448184,-0.2936857562408246,48.461034708578914,2.2304989580817298,47.866808317397179,-14.841433613901707,-7.5378372493517301,9.8587151037938483,23.743758252944108
all,A,ALL,volatility_regime,UNKNOWN,5,61,12,12,1,1,0,0,0,0,2.1652466988898587,0.92975609756097422,58.333333333333336,2.1652466988898591,58.333333333333336,-4.5444496432331274,-2.9430902706052473,5.1321897198487125,12.19403373262503
all,A,ALL,volatility_regime,UNKNOWN,10,61,12,12,1,1,0,0,0,0,0.12615296245930283,-2.1380384016606131,33.333333333333329,0.12615296245930305,33.333333333333329,-10.971049245525789,-6.5560142862929878,7.1173017053437535,8.7378444484543927
all,A,ALL,volatility_regime,UNKNOWN,20,61,12,12,1,1,0,0,0,0,-0.92289976804696361,-3.8486136856268454,16.666666666666664,-0.9228997680469635,16.666666666666664,-8.7045629325813927,-5.6539956442849064,-0.72306010928961661,15.307741007194254
all,A,ALL,joint_regime,BEAR_HIGH,5,125,547,539,115,113,0,0,0,8,0.94483337708712778,-0.95078299776286679,45.083487940630796,1.2272721826725002,47.469580566925693,-11.355948664585497,-5.7408637873754165,4.8665246555474999,13.473574860407734
all,A,ALL,joint_regime,BEAR_HIGH,10,125,547,537,115,113,0,2,0,8,0.7846417201469239,-0.74487895716945907,45.81005586592179,0.90205796215887146,46.864401576790954,-16.028167081509977,-8.405172413793105,7.5425790754257918,18.796631121688602
all,A,ALL,joint_regime,BEAR_HIGH,20,125,547,509,115,107,0,2,0,36,3.1699939948513656,0.92024539877300082,51.277013752455794,3.0866708517089205,51.43486835075619,-20.02941176470588,-9.7859327217125447,11.442006269592486,28.954004894091241
all,A,ALL,joint_regime,BEAR_LOW,5,89,436,427,87,85,0,3,0,6,-1.1313676339689529,-1.100000000000001,45.199063231850118,-0.93670320777563043,45.072551631375163,-9.5242018628112994,-5.4031481370011445,2.928535474610428,7.0751457806139335
all,A,ALL,joint_regime,BEAR_LOW,10,89,436,421,87,84,0,5,0,10,-0.25501922334152999,-0.68965517241379437,45.605700712589076,-0.43486541480775576,46.873632320060892,-11.850060459492139,-6.6334991708126072,4.5673076923076872,12.000000000000012
all,A,ALL,joint_regime,BEAR_LOW,20,89,436,418,87,83,0,5,0,13,1.3286527810697668,-0.9748950661281397,45.454545454545453,1.3449861260412261,47.276110770086682,-15.804509795561621,-7.6155135928460496,8.5406926990608589,19.749494949494952
all,A,ALL,joint_regime,BEAR_UNKNOWN,5,6,0,0,0,0,0,0,0,0,,,,,,,,,
all,A,ALL,joint_regime,BEAR_UNKNOWN,10,6,0,0,0,0,0,0,0,0,,,,,,,,,
all,A,ALL,joint_regime,BEAR_UNKNOWN,20,6,0,0,0,0,0,0,0,0,,,,,,,,,
all,A,ALL,joint_regime,BULL_HIGH,5,141,2005,1950,141,138,45,1,0,9,1.6944220668494201,-0.1393214386199825,48.923076923076927,1.2640085621881618,48.35997721203605,-9.2206191215414144,-4.5024749469654184,5.3322148587095501,13.680630597291099
all,A,ALL,joint_regime,BULL_HIGH,10,141,2005,1888,141,133,50,3,0,64,2.6164442804383987,0,49.894067796610173,2.6585012144917468,50.124990344884679,-12.685460688890007,-6.1279555516489994,7.405505122896427,19.022482903625363
all,A,ALL,joint_regime,BULL_HIGH,20,141,2005,1859,141,131,62,7,0,77,4.7534501415078223,0.41536863966771248,50.833781603012376,4.1534385175779711,48.566382223546981,-17.045802838195371,-8.4120518966941553,12.737157760326422,29.014294323994385
all,A,ALL,joint_regime,BULL_LOW,5,45,501,498,45,44,0,1,0,2,1.7235631859282359,0.26039409436306998,51.204819277108435,1.5076687178613426,50.917283727936699,-7.6935029644268784,-3.6174572590757514,4.6508782234155666,10.535429825740266
all,A,ALL,joint_regime,BULL_LOW,10,45,501,498,45,44,0,1,0,2,2.1330235313206649,-0.36973124434041549,48.192771084337352,2.0518824720804889,47.888251682879464,-10.510111876075726,-6.0108763595449446,6.7890591455560365,17.324373274434013
all,A,ALL,joint_regime,BULL_LOW,20,45,501,498,45,44,0,1,0,2,5.7042463776739405,1.5430839002267605,54.417670682730922,5.6216697343503821,55.489609885454946,-13.187431773707532,-5.7469999347811909,13.002370822333592,31.44543210604008
all,A,ALL,joint_regime,BULL_UNKNOWN,5,4,0,0,0,0,0,0,0,0,,,,,,,,,
all,A,ALL,joint_regime,BULL_UNKNOWN,10,4,0,0,0,0,0,0,0,0,,,,,,,,,
all,A,ALL,joint_regime,BULL_UNKNOWN,20,4,0,0,0,0,0,0,0,0,,,,,,,,,
all,A,ALL,joint_regime,NEUTRAL_HIGH,5,129,1292,1254,128,123,18,0,0,20,2.1877722407732749,0.15089961347922726,50.398724082934606,2.0858244583032057,50.469029873984638,-8.7224489537657455,-4.3592274622368219,5.5207590258195101,15.194095133952993
all,A,ALL,joint_regime,NEUTRAL_HIGH,10,129,1292,1220,128,118,41,1,0,30,4.0309363559102573,0.7443916707908893,52.377049180327873,3.4878083344102486,51.003010152383986,-10.772183521629797,-5.1691466708633502,9.4304625787210714,22.341643492543636
all,A,ALL,joint_regime,NEUTRAL_HIGH,20,129,1292,1009,128,101,145,3,0,135,8.6473831391430185,2.653399668325052,56.590683845391474,7.0684997726184617,53.582309723674712,-14.537310821450442,-6.7441860465116239,17.58360302049622,40.76196327517718
all,A,ALL,joint_regime,NEUTRAL_LOW,5,82,680,666,82,80,10,1,0,3,0.023184315567435294,-0.50246044222844177,44.894894894894897,0.045233930155270309,44.955247877122879,-8.6872282036575932,-4.9787621359223326,3.3537865512627496,8.410419586778783
all,A,ALL,joint_regime,NEUTRAL_LOW,10,82,680,641,82,76,19,2,0,18,0.96568285286260613,-1.3513513513513489,42.745709828393139,0.61519373445418724,42.652729215229215,-11.350455675227831,-6.9504778453518652,5.5427251732101723,13.753213367609264
all,A,ALL,joint_regime,NEUTRAL_LOW,20,82,680,611,82,72,19,2,0,48,2.14943913603675,-1.3157894736842146,45.662847790507364,1.1789163317420228,43.889372587289252,-15.156507413509058,-8.365899968755258,7.9208521430082719,20.204230488694371
all,A,ALL,joint_regime,NEUTRAL_UNKNOWN,5,31,12,12,1,1,0,0,0,0,2.1652466988898587,0.92975609756097422,58.333333333333336,2.1652466988898591,58.333333333333336,-4.5444496432331274,-2.9430902706052473,5.1321897198487125,12.19403373262503
all,A,ALL,joint_regime,NEUTRAL_UNKNOWN,10,31,12,12,1,1,0,0,0,0,0.12615296245930283,-2.1380384016606131,33.333333333333329,0.12615296245930305,33.333333333333329,-10.971049245525789,-6.5560142862929878,7.1173017053437535,8.7378444484543927
all,A,ALL,joint_regime,NEUTRAL_UNKNOWN,20,31,12,12,1,1,0,0,0,0,-0.92289976804696361,-3.8486136856268454,16.666666666666664,-0.9228997680469635,16.666666666666664,-8.7045629325813927,-5.6539956442849064,-0.72306010928961661,15.307741007194254
all,A,ALL,joint_regime,UNKNOWN_UNKNOWN,5,20,0,0,0,0,0,0,0,0,,,,,,,,,
all,A,ALL,joint_regime,UNKNOWN_UNKNOWN,10,20,0,0,0,0,0,0,0,0,,,,,,,,,
all,A,ALL,joint_regime,UNKNOWN_UNKNOWN,20,20,0,0,0,0,0,0,0,0,,,,,,,,,
all,A,2024,direction,BEAR,5,116,648,631,108,104,0,3,0,14,-0.30697725452735436,-1.100000000000001,44.532488114104595,0.26157209041471191,47.068369664523509,-9.2657342657342703,-5.377187064379557,3.1471077819392401,8.8201603665521091
all,A,2024,direction,BEAR,10,116,648,623,108,103,0,7,0,18,-0.311749076284008,-1.1009174311926606,43.33868378812199,0.26687820806734514,45.001993691314077,-12.985666091479176,-6.9938909520965158,4.8119510621539074,12.714235571378437
all,A,2024,direction,BEAR,20,116,648,592,108,96,0,7,0,49,0.48907521049205821,-1.4679826073631386,44.256756756756758,0.84923647864127627,44.357098341473346,-17.162632836731586,-8.3477619644569003,7.4080453933020101,17.770472328048822
all,A,2024,direction,BULL,5,20,207,207,16,16,0,0,0,0,0.065903299979583829,-1.2658227848101222,42.028985507246375,0.1676576331121184,42.842797521106348,-7.8805003013863768,-4.6076118205344851,2.7054483822043118,8.654742706348042
all,A,2024,direction,BULL,10,20,207,207,16,16,0,0,0,0,0.49859085429155309,-1.9514970388243011,40.579710144927539,0.57759033864080078,40.718428834237656,-9.8354628869462015,-6.3199922800414976,3.9221340603772692,12.131495989487208
all,A,2024,direction,BULL,20,20,207,206,16,16,0,1,0,0,0.55375339524622524,-1.8933246403679382,41.262135922330096,0.89266831523422618,42.15188151309475,-15.594502582140226,-9.2108571728576187,4.7209753111609798,18.137272355046019
all,A,2024,direction,NEUTRAL,5,88,414,410,58,57,0,1,0,3,-1.1034285117523606,-1.0778569740393873,40.975609756097562,-1.0325383758127871,42.635372424846111,-9.4160529220990057,-5.9353819768150879,2.2026692505004721,7.645657391321806
all,A,2024,direction,NEUTRAL,10,88,414,391,58,53,0,2,0,21,-1.1105213216060141,-2.4089635854341762,36.0613810741688,-0.82287339382441405,37.376359489567044,-11.773940345368915,-8.4347051097629624,2.9994642412446759,10.517529215358934
all,A,2024,direction,NEUTRAL,20,88,414,378,58,50,0,2,0,34,0.00061734229770160989,-2.8866567446746814,39.417989417989418,-0.36844603511541962,39.613307803307805,-17.359246421350413,-9.568000572184669,5.281238953693884,17.14288174487341
all,A,2024,direction,UNKNOWN,5,20,0,0,0,0,0,0,0,0,,,,,,,,,
all,A,2024,direction,UNKNOWN,10,20,0,0,0,0,0,0,0,0,,,,,,,,,
all,A,2024,direction,UNKNOWN,20,20,0,0,0,0,0,0,0,0,,,,,,,,,
all,A,2024,volatility_regime,HIGH,5,77,545,537,76,74,0,0,0,8,0.36573766869233881,-1.0404624277456698,42.830540037243949,1.1101788512728135,46.997293556117093,-8.9268291109225633,-5.3604436229205188,3.3727810650887591,10.268400696416279
all,A,2024,volatility_regime,HIGH,10,77,545,532,76,73,0,2,0,11,0.21602122845870705,-1.7651572408691862,41.729323308270679,0.84026866867115413,42.683977675113852,-12.657820612888994,-7.5747790412740272,5.5491699209356984,14.97755820336466
all,A,2024,volatility_regime,HIGH,20,77,545,494,76,65,0,3,0,48,1.7957928344367227,-1.2956521739130422,46.761133603238868,1.6309280989376278,45.90668572252283,-16.10971273501508,-8.8887428638562191,7.6446346510742771,23.041844703108875
all,A,2024,volatility_regime,LOW,5,106,712,699,105,102,0,4,0,9,-1.2229620068725593,-1.2131715771230511,42.775393419170243,-1.110658329230225,43.869395854689969,-9.2231319943058452,-5.6282767364561561,2.525610848141624,6.8107008199174173
all,A,2024,volatility_regime,LOW,10,106,712,677,105,98,0,7,0,28,-0.94780256059686996,-1.8076220308013593,39.734121122599703,-0.6974301510097769,42.02432204983225,-11.784982663038942,-7.2664359861591716,3.1914893617021267,10.488600133796998
all,A,2024,volatility_regime,LOW,20,106,712,670,105,96,0,7,0,35,-0.70478773667854555,-2.4194114846601558,39.253731343283583,-0.28854513984749663,40.758080172142677,-17.429093141952801,-9.0474555776443317,5.3966526240820318,15.720689846263332
all,A,2024,volatility_regime,UNKNOWN,5,61,12,12,1,1,0,0,0,0,2.1652466988898587,0.92975609756097422,58.333333333333336,2.1652466988898591,58.333333333333336,-4.5444496432331274,-2.9430902706052473,5.1321897198487125,12.19403373262503
all,A,2024,volatility_regime,UNKNOWN,10,61,12,12,1,1,0,0,0,0,0.12615296245930283,-2.1380384016606131,33.333333333333329,0.12615296245930305,33.333333333333329,-10.971049245525789,-6.5560142862929878,7.1173017053437535,8.7378444484543927
all,A,2024,volatility_regime,UNKNOWN,20,61,12,12,1,1,0,0,0,0,-0.92289976804696361,-3.8486136856268454,16.666666666666664,-0.9228997680469635,16.666666666666664,-8.7045629325813927,-5.6539956442849064,-0.72306010928961661,15.307741007194254
all,A,2024,joint_regime,BEAR_HIGH,5,49,306,298,48,46,0,0,0,8,0.96182577992245599,-0.9670381048858423,43.959731543624159,1.8954728500675211,47.678897189766758,-8.926687163075492,-4.9918496085527755,3.8602742968349424,10.702593829829048
all,A,2024,joint_regime,BEAR_HIGH,10,49,306,296,48,46,0,2,0,8,0.34246056740919129,-1.4703131968522076,42.905405405405403,1.1281545905455226,44.036464742986482,-13.334343241979884,-8.0103654601515419,6.5734872387098964,15.631661715883283
all,A,2024,joint_regime,BEAR_HIGH,20,49,306,268,48,40,0,2,0,36,1.1714096601234452,-0.65927991155121934,48.507462686567166,1.7511195567623639,48.037677600177602,-19.096739378277721,-9.1635382035364366,7.9777974372877534,19.265693200737982
all,A,2024,joint_regime,BEAR_LOW,5,61,342,333,60,58,0,3,0,6,-1.442422612683641,-1.2131715771230511,45.045045045045043,-1.0342802362064814,46.58415817898576,-9.8836833572049478,-5.5722891566265087,2.7939464493597295,6.7264437260338203
all,A,2024,joint_regime,BEAR_LOW,10,61,342,327,60,57,0,5,0,10,-0.90393884549864745,-0.98684210526315264,43.730886850152906,-0.4281869427045174,45.781192491718805,-11.358219807401415,-6.6310352996920177,3.4005442272207032,10.47157255205015
all,A,2024,joint_regime,BEAR_LOW,20,61,342,324,60,56,0,5,0,13,-0.075324889820323954,-1.8926505028240836,40.74074074074074,0.20503427998335683,41.728113156684579,-15.74324469687191,-7.6996864972133121,7.0506568277199593,17.012399770904928
all,A,2024,joint_regime,BEAR_UNKNOWN,5,6,0,0,0,0,0,0,0,0,,,,,,,,,
all,A,2024,joint_regime,BEAR_UNKNOWN,10,6,0,0,0,0,0,0,0,0,,,,,,,,,
all,A,2024,joint_regime,BEAR_UNKNOWN,20,6,0,0,0,0,0,0,0,0,,,,,,,,,
all,A,2024,joint_regime,BULL_HIGH,5,6,81,81,6,6,0,0,0,0,0.48715436232672549,-1.3118062563067578,40.74074074074074,0.44833133533933217,40.276292335115869,-7.8869047619047663,-4.7385620915032725,2.7874564459930307,11.111111111111116
all,A,2024,joint_regime,BULL_HIGH,10,6,81,81,6,6,0,0,0,0,1.9481888899909889,-0.66030814380043645,46.913580246913575,1.9692056239847302,46.942959001782533,-8.6601307189542513,-5.5499495459132238,6.0747663551401931,14.814814814814811
all,A,2024,joint_regime,BULL_HIGH,20,6,81,80,6,6,0,1,0,0,4.383811021708512,0.69681219681220197,53.75,4.5517564755993289,53.700874289109578,-11.378475806861069,-8.9544600098895444,7.6006634981932883,27.897850352754148
all,A,2024,joint_regime,BULL_LOW,5,10,126,126,10,10,0,0,0,0,-0.20490095438643591,-1.1527441609158031,42.857142857142854,-0.00074658822420974329,44.382700632700633,-7.7297239329595255,-4.5601524017168913,2.6029364634484518,6.7606635482136301
all,A,2024,joint_regime,BULL_LOW,10,10,126,126,10,10,0,0,0,0,-0.43329359722951344,-2.9329865742529826,36.507936507936506,-0.25737883256555666,36.983710733710737,-9.9026743063718321,-7.2327981428913244,3.1240197066026987,9.6517998414173416
all,A,2024,joint_regime,BULL_LOW,20,10,126,126,10,10,0,0,0,0,-1.87802922472983,-3.1467545283349665,33.333333333333329,-1.3027845809848351,35.222485847485849,-17.1092258566472,-9.4694029095082168,2.8475855756082633,9.8387962995045157
all,A,2024,joint_regime,BULL_UNKNOWN,5,4,0,0,0,0,0,0,0,0,,,,,,,,,
all,A,2024,joint_regime,BULL_UNKNOWN,10,4,0,0,0,0,0,0,0,0,,,,,,,,,
all,A,2024,joint_regime,BULL_UNKNOWN,20,4,0,0,0,0,0,0,0,0,,,,,,,,,
all,A,2024,joint_regime,NEUTRAL_HIGH,5,22,158,158,22,22,0,0,0,0,-0.82077504859222006,-1.045767716535434,41.77215189873418,-0.35129564186153528,47.405122655122653,-9.6473891107063157,-5.8593361975313814,2.6433243555213592,8.2078614371208225
all,A,2024,joint_regime,NEUTRAL_HIGH,10,22,158,155,22,21,0,0,0,3,-0.93063441614424902,-2.4757804090419837,36.774193548387096,-0.11289200457181735,38.504535147392296,-11.179140676570713,-8.0692379011770115,2.7058467511082207,11.856728539209946
all,A,2024,joint_regime,NEUTRAL_HIGH,20,22,158,146,22,19,0,0,0,12,1.5238286956299767,-3.0533421268930327,39.726027397260275,0.45552659509764676,38.959064327485379,-15.491925837320576,-8.6083614377297728,6.4755656267860555,21.261355155251522
all,A,2024,joint_regime,NEUTRAL_LOW,5,35,244,240,35,34,0,1,0,3,-1.4529424688648975,-1.3182720953326732,39.583333333333329,-1.5673949999783809,39.087358719711659,-9.435375255802148,-6.1001772091237854,1.8938796813088521,6.8134822167080271
all,A,2024,joint_regime,NEUTRAL_LOW,10,35,244,224,35,31,0,2,0,18,-1.3012470437281449,-2.3763567927170879,35.714285714285715,-1.334442281907906,36.742531661886503,-12.140342919779068,-8.7353064883890799,2.6640902643090825,10.439167037224056
all,A,2024,joint_regime,NEUTRAL_LOW,20,35,244,220,35,30,0,2,0,22,-0.95986744071310026,-2.7482890679012826,40.454545454545453,-0.8718135764859769,40.792550042550047,-19.765184445488721,-10.529330198348102,4.8522738482785828,15.629345230015153
all,A,2024,joint_regime,NEUTRAL_UNKNOWN,5,31,12,12,1,1,0,0,0,0,2.1652466988898587,0.92975609756097422,58.333333333333336,2.1652466988898591,58.333333333333336,-4.5444496432331274,-2.9430902706052473,5.1321897198487125,12.19403373262503
all,A,2024,joint_regime,NEUTRAL_UNKNOWN,10,31,12,12,1,1,0,0,0,0,0.12615296245930283,-2.1380384016606131,33.333333333333329,0.12615296245930305,33.333333333333329,-10.971049245525789,-6.5560142862929878,7.1173017053437535,8.7378444484543927
all,A,2024,joint_regime,NEUTRAL_UNKNOWN,20,31,12,12,1,1,0,0,0,0,-0.92289976804696361,-3.8486136856268454,16.666666666666664,-0.9228997680469635,16.666666666666664,-8.7045629325813927,-5.6539956442849064,-0.72306010928961661,15.307741007194254
all,A,2024,joint_regime,UNKNOWN_UNKNOWN,5,20,0,0,0,0,0,0,0,0,,,,,,,,,
all,A,2024,joint_regime,UNKNOWN_UNKNOWN,10,20,0,0,0,0,0,0,0,0,,,,,,,,,
all,A,2024,joint_regime,UNKNOWN_UNKNOWN,20,20,0,0,0,0,0,0,0,0,,,,,,,,,
all,A,2025,direction,BEAR,5,40,162,162,38,38,0,0,0,0,0.016996337671903495,0,47.530864197530867,-0.082961041229709279,46.992481203007522,-9.8275659824046944,-4.7088152787918371,3.7341417160563219,8.260262807620359
all,A,2025,direction,BEAR,10,40,162,162,38,38,0,0,0,0,1.0196841928569444,0.31809094605584898,51.23456790123457,0.26477574189379527,51.992481203007515,-15.289454427189197,-6.9925677512915811,6.8058268400086774,17.306628508124085
all,A,2025,direction,BEAR,20,40,162,162,38,38,0,0,0,0,4.6979644562676635,2.2156002307995974,55.555555555555557,4.1808037252158563,57.412280701754383,-15.950513624196386,-6.3678358910115911,12.598755059051854,23.05874332462221
all,A,2025,direction,BULL,5,104,1430,1417,104,102,0,2,0,11,1.3761789996926157,-0.25268477574226228,47.918136908962602,1.0970802679981324,47.492129806085146,-7.8688599875087268,-3.9583333333333295,4.5248868778280604,10.717350417303404
all,A,2025,direction,BULL,10,104,1430,1362,104,98,0,2,0,66,2.3053636353779416,-0.099409531925920253,49.265785609397945,2.1212587855255025,49.258432294267635,-10.343731155090182,-5.5673994062282848,6.2921428886633377,16.583207272856857
all,A,2025,direction,BULL,20,104,1430,1347,104,97,0,4,0,79,5.8288879828116453,2.1637426900584789,56.42167780252413,5.5074079692353397,55.643440810673908,-11.647651313982234,-5.1884373798230969,12.717046493045414,27.517182327519382
all,A,2025,direction,NEUTRAL,5,98,1030,1010,98,95,0,0,0,20,1.1862194899078371,0,49.900990099009903,1.3212908446966103,50.54784740475462,-7.8912552630043784,-4.0099297873209014,4.5113577474520721,10.514714993210635
all,A,2025,direction,NEUTRAL,10,98,1030,1003,98,94,0,0,0,27,2.6037236373178496,-0.14925373134327949,49.252243270189432,2.4397868614700244,49.63813813225034,-10.048018619464692,-5.185637891520245,7.144033057307019,16.911320448270263
all,A,2025,direction,NEUTRAL,20,98,1030,880,98,85,0,1,0,149,4.4949223562269482,0.47895844658661924,50.795454545454547,3.564424327922596,48.821241315595707,-14.047344977728843,-7.3299407966199075,11.72322597593215,26.15786297622401
all,A,2025,direction,UNKNOWN,5,0,0,0,0,0,0,0,0,0,,,,,,,,,
all,A,2025,direction,UNKNOWN,10,0,0,0,0,0,0,0,0,0,,,,,,,,,
all,A,2025,direction,UNKNOWN,20,0,0,0,0,0,0,0,0,0,,,,,,,,,
all,A,2025,volatility_regime,HIGH,5,134,1736,1706,133,129,0,1,0,29,1.110835052129606,-0.24059610724373454,47.71395076201641,1.0039402210040544,48.534189348227329,-8.2134000131388767,-4.1239002932551276,4.4277571858171942,10.726338113710277
all,A,2025,volatility_regime,HIGH,10,134,1736,1644,133,124,0,1,0,91,2.2512659678086782,-0.11102955122631594,49.330900243309003,2.2453854161812847,50.817206343373989,-10.320617379440906,-5.2739097480612873,6.2296764135034604,15.824534490678033
all,A,2025,volatility_regime,HIGH,20,134,1736,1532,133,117,0,4,0,200,4.8214800091256524,1.1554354736172945,53.52480417754569,4.482868003109636,52.274929730695121,-12.782447041842957,-6.0066031513957174,11.447117350415709,25.411067585659737
all,A,2025,volatility_regime,LOW,5,108,886,883,107,106,0,1,0,2,1.4221926785289838,0.18939393939394469,50.509626274065688,0.98833971231825912,48.78345852325787,-7.9283626359454944,-3.7014260804583365,4.5223999179865748,10.256227758007141
all,A,2025,volatility_regime,LOW,10,108,886,883,107,106,0,1,0,2,2.5091140065457744,0,49.490373725934319,1.5929906843883623,48.751811777411987,-10.777777777777773,-5.7280899956732796,7.3999602622690226,18.197653654015689
all,A,2025,volatility_regime,LOW,20,108,886,857,107,103,0,1,0,28,6.0462154658831562,2.1943573667711598,55.659276546091021,4.5783458843070282,54.492419015886817,-12.807391813194345,-6.2195781503515457,13.93534002229655,29.72153384635449
all,A,2025,volatility_regime,UNKNOWN,5,0,0,0,0,0,0,0,0,0,,,,,,,,,
all,A,2025,volatility_regime,UNKNOWN,10,0,0,0,0,0,0,0,0,0,,,,,,,,,
all,A,2025,volatility_regime,UNKNOWN,20,0,0,0,0,0,0,0,0,0,,,,,,,,,
all,A,2025,joint_regime,BEAR_HIGH,5,12,68,68,11,11,0,0,0,0,0.081186123293217533,0.062499999999998647,50,1.4980908540203375,59.675324675324667,-10.184737005183687,-4.7978232694428549,3.9596994948203958,8.3436785815387324
all,A,2025,joint_regime,BEAR_HIGH,10,12,68,68,11,11,0,0,0,0,-0.33876573835953899,0.0038019791029409028,50,2.0166833910598378,58.896103896103888,-15.350016572754388,-8.1389488463714699,6.0129136400322807,16.241953425606802
all,A,2025,joint_regime,BEAR_HIGH,20,12,68,68,11,11,0,0,0,0,2.6660016930354988,-1.025980299498036,47.058823529411761,5.3380557068953403,54.047619047619044,-15.873778855613256,-6.4744784887606901,10.163987009342051,23.638528186247505
all,A,2025,joint_regime,BEAR_LOW,5,28,94,94,27,27,0,0,0,0,-0.02943882639457886,-0.23419203747072626,45.744680851063826,-0.72709329485009899,41.825396825396815,-8.9848401621433052,-4.6837912861568167,3.5763950325120475,7.9474684346100171
all,A,2025,joint_regime,BEAR_LOW,10,28,94,94,27,27,0,0,0,0,2.0023926537369539,0.67093810444873725,52.12765957446809,-0.44896441147014815,49.179894179894184,-13.858625666074598,-6.7208714171621304,7.3588689648321051,17.977062890738218
all,A,2025,joint_regime,BEAR_LOW,20,28,94,94,27,27,0,0,0,0,6.1678949658398654,3.726119667847672,61.702127659574465,3.7093306956427341,58.783068783068792,-16.177203521991007,-5.7787870520747715,14.519217219216609,22.915209790209797
all,A,2025,joint_regime,BEAR_UNKNOWN,5,0,0,0,0,0,0,0,0,0,,,,,,,,,
all,A,2025,joint_regime,BEAR_UNKNOWN,10,0,0,0,0,0,0,0,0,0,,,,,,,,,
all,A,2025,joint_regime,BEAR_UNKNOWN,20,0,0,0,0,0,0,0,0,0,,,,,,,,,
all,A,2025,joint_regime,BULL_HIGH,5,69,1055,1045,69,68,0,1,0,9,1.0199939289181668,-0.53251121076233188,45.741626794258373,0.66996026275982823,44.818584742918766,-8.1421484835220479,-4.2389210019267871,4.2857142857142927,10.318224641473888
all,A,2025,joint_regime,BULL_HIGH,10,69,1055,990,69,64,0,1,0,64,2.043499555087017,-0.23422415306301175,48.18181818181818,1.7972928731922213,48.282506220759998,-10.148133897652944,-5.594898773555709,5.8668814506471989,15.070609667996351
all,A,2025,joint_regime,BULL_HIGH,20,69,1055,975,69,63,0,3,0,77,4.8965802404612377,1.393188854489158,54.46153846153846,4.3466231570565537,52.509456859527134,-11.677961302501176,-5.5363984674329512,11.308864069116431,23.65721047299175
all,A,2025,joint_regime,BULL_LOW,5,35,375,372,35,34,0,1,0,2,2.3767526528090119,0.73166131756687847,54.032258064516128,1.9513202784747405,52.83921993241789,-7.607319757842598,-3.1674745746602007,5.6633543611435631,11.570292720691324
all,A,2025,joint_regime,BULL_LOW,10,35,375,372,35,34,0,1,0,2,3.0022599780876607,0.61501867153980205,52.1505376344086,2.7310769734469735,51.095469609105557,-10.559385382059796,-5.3241226964655795,7.7444326146748228,19.067726046358249
all,A,2025,joint_regime,BULL_LOW,20,35,375,372,35,34,0,1,0,2,8.2724365010687642,4.7681700868121411,61.55913978494624,7.6582739447430921,61.450528720151745,-11.555986266808535,-4.5802620802620755,17.014849950252305,33.084230258862206
all,A,2025,joint_regime,BULL_UNKNOWN,5,0,0,0,0,0,0,0,0,0,,,,,,,,,
all,A,2025,joint_regime,BULL_UNKNOWN,10,0,0,0,0,0,0,0,0,0,,,,,,,,,
all,A,2025,joint_regime,BULL_UNKNOWN,20,0,0,0,0,0,0,0,0,0,,,,,,,,,
all,A,2025,joint_regime,NEUTRAL_HIGH,5,53,613,593,53,50,0,0,0,20,1.388988679308069,0.35650623885918881,50.927487352445191,1.3494398249526196,51.136361839485545,-7.8565152643335834,-3.8864898210980825,4.6511627906976827,11.374653927195718
all,A,2025,joint_regime,NEUTRAL_HIGH,10,53,613,586,53,49,0,0,0,27,2.9028204125422672,0.49834024552777301,51.19453924914675,2.8819904167452854,52.31420501209373,-9.7167292430723116,-4.4693200663349915,7.5439888788581939,16.401825717079308
all,A,2025,joint_regime,NEUTRAL_HIGH,20,53,613,489,53,43,0,1,0,123,4.9714796000089532,0.85205267234702564,52.556237218813905,4.4637135975212976,51.477841553890947,-14.382889932185703,-6.9333333333333353,12.445414847161572,27.3363256461848
all,A,2025,joint_regime,NEUTRAL_LOW,5,45,417,417,45,45,0,0,0,0,0.89786905989743571,0,48.441247002398079,1.2900141999677104,49.893942477275814,-7.970802544055652,-4.0847201210287398,4.0527803958529729,9.5254861566314002
all,A,2025,joint_regime,NEUTRAL_LOW,10,45,417,417,45,45,0,0,0,0,2.1834101834053601,-1.0152284263959419,46.522781774580338,1.9582763235036293,46.72419864086531,-10.661867378285287,-5.8626465661641536,6.692913385826782,17.591263753484768
all,A,2025,joint_regime,NEUTRAL_LOW,20,45,417,391,45,42,0,0,0,26,3.8989210973793771,-0.38585209003215709,48.593350383631709,2.6437234090477371,46.101388690674405,-13.231850117096023,-7.5791810889877471,10.47550384206215,22.31204527081649
all,A,2025,joint_regime,NEUTRAL_UNKNOWN,5,0,0,0,0,0,0,0,0,0,,,,,,,,,
all,A,2025,joint_regime,NEUTRAL_UNKNOWN,10,0,0,0,0,0,0,0,0,0,,,,,,,,,
all,A,2025,joint_regime,NEUTRAL_UNKNOWN,20,0,0,0,0,0,0,0,0,0,,,,,,,,,
all,A,2025,joint_regime,UNKNOWN_UNKNOWN,5,0,0,0,0,0,0,0,0,0,,,,,,,,,
all,A,2025,joint_regime,UNKNOWN_UNKNOWN,10,0,0,0,0,0,0,0,0,0,,,,,,,,,
all,A,2025,joint_regime,UNKNOWN_UNKNOWN,20,0,0,0,0,0,0,0,0,0,,,,,,,,,
all,A,2026,direction,BEAR,5,64,173,173,56,56,0,0,0,0,1.2550315112666541,-1.2183692596063778,45.086705202312139,0.62519653829755106,44.900085034013607,-16.795332813639448,-8.6378737541528245,8.4358128374325112,19.349696838733468
all,A,2026,direction,BEAR,10,64,173,173,56,56,0,0,0,0,1.9827765663250065,-0.33222591362126458,49.132947976878611,0.49739145102143206,46.823979591836732,-19.688493671675293,-10.784313725490192,12.729965700031176,26.899247290329676
all,A,2026,direction,BEAR,20,64,173,173,56,56,0,0,0,0,6.4641678574557666,3.227882030556728,57.225433526011557,3.5983997515448429,53.348214285714292,-23.953413389325341,-12.542955326460479,21.311475409836067,38.809409758691466
all,A,2026,direction,BULL,5,66,869,824,66,64,45,0,0,0,2.6684100379713844,0.73711853662953297,53.762135922330103,1.9716546203478438,52.880552167684414,-11.285819196592499,-5.08525873351455,7.2612666269604995,19.099532615322104
all,A,2026,direction,BULL,10,66,869,817,66,63,50,2,0,0,3.3769632091092765,0.78125,52.264381884944925,3.5990267285586004,52.299770852862352,-16.006309834638813,-7.7253218884120196,10.904584882280057,24.72096266950928
all,A,2026,direction,BULL,20,66,869,804,66,62,62,3,0,0,4.6166582050704665,-1.3522807529199765,46.144278606965173,3.9185910976541201,44.062823280641759,-23.017447135327654,-13.216225109881824,16.993382961124905,35.99552697791448
all,A,2026,direction,NEUTRAL,5,56,540,512,55,52,28,0,0,0,3.9828400576090406,0.53536335471057184,51.953125,3.7629312818799372,50.580425121833791,-9.0212696280260438,-4.3724298229930234,7.3093064010330169,19.986754966887421
all,A,2026,direction,NEUTRAL,10,56,540,479,55,48,60,1,0,0,7.0165718725743274,3.1988873435326854,58.872651356993735,5.681553856997887,55.132581547780859,-11.335666406725782,-4.700520573130035,15.298703645893241,31.787114577229019
all,A,2026,direction,NEUTRAL,20,56,540,374,55,39,164,2,0,0,16.234430677617517,9.1156751325317966,68.449197860962556,13.162148385492147,63.026765975682387,-14.339421247595018,-3.6666163027876371,27.652084195488634,51.720376624169901
all,A,2026,direction,UNKNOWN,5,0,0,0,0,0,0,0,0,0,,,,,,,,,
all,A,2026,direction,UNKNOWN,10,0,0,0,0,0,0,0,0,0,,,,,,,,,
all,A,2026,direction,UNKNOWN,20,0,0,0,0,0,0,0,0,0,,,,,,,,,
all,A,2026,volatility_regime,HIGH,5,184,1563,1500,175,171,63,0,0,0,2.9769125890100829,0.56358078255888111,52.333333333333329,2.0936246964417657,49.74690049561228,-10.935701200718873,-5.1448312993539078,7.3148798034742946,19.733233840126868
all,A,2026,volatility_regime,HIGH,10,184,1563,1469,175,167,91,3,0,0,4.3995488187744103,1.3404825737265424,54.050374404356702,3.157528085582578,51.277798414171649,-15.28854669684427,-7.0640176600441524,12.365591397849451,28.302947014811423
all,A,2026,volatility_regime,HIGH,20,184,1563,1351,175,157,207,5,0,0,8.0694088154296466,2.2123893805309658,53.737971872686899,6.1005530011163076,52.085598193957971,-21.486643437862952,-10.619320899091338,20.699413128099231,42.946058091286311
all,A,2026,volatility_regime,LOW,5,2,19,9,2,1,10,0,0,0,-1.140494586860382,-3.9272727272727241,22.222222222222221,-1.140494586860382,22.222222222222221,-6.3670381280822257,-5.5269922879177429,-1.8957345971563957,9.2430357953336948
all,A,2026,volatility_regime,LOW,10,2,19,0,2,0,19,0,0,0,,,,,,,,,
all,A,2026,volatility_regime,LOW,20,2,19,0,2,0,19,0,0,0,,,,,,,,,
all,A,2026,volatility_regime,UNKNOWN,5,0,0,0,0,0,0,0,0,0,,,,,,,,,
all,A,2026,volatility_regime,UNKNOWN,10,0,0,0,0,0,0,0,0,0,,,,,,,,,
all,A,2026,volatility_regime,UNKNOWN,20,0,0,0,0,0,0,0,0,0,,,,,,,,,
all,A,2026,joint_regime,BEAR_HIGH,5,64,173,173,56,56,0,0,0,0,1.2550315112666541,-1.2183692596063778,45.086705202312139,0.62519653829755106,44.900085034013607,-16.795332813639448,-8.6378737541528245,8.4358128374325112,19.349696838733468
all,A,2026,joint_regime,BEAR_HIGH,10,64,173,173,56,56,0,0,0,0,1.9827765663250065,-0.33222591362126458,49.132947976878611,0.49739145102143206,46.823979591836732,-19.688493671675293,-10.784313725490192,12.729965700031176,26.899247290329676
all,A,2026,joint_regime,BEAR_HIGH,20,64,173,173,56,56,0,0,0,0,6.4641678574557666,3.227882030556728,57.225433526011557,3.5983997515448429,53.348214285714292,-23.953413389325341,-12.542955326460479,21.311475409836067,38.809409758691466
all,A,2026,joint_regime,BEAR_LOW,5,0,0,0,0,0,0,0,0,0,,,,,,,,,
all,A,2026,joint_regime,BEAR_LOW,10,0,0,0,0,0,0,0,0,0,,,,,,,,,
all,A,2026,joint_regime,BEAR_LOW,20,0,0,0,0,0,0,0,0,0,,,,,,,,,
all,A,2026,joint_regime,BEAR_UNKNOWN,5,0,0,0,0,0,0,0,0,0,,,,,,,,,
all,A,2026,joint_regime,BEAR_UNKNOWN,10,0,0,0,0,0,0,0,0,0,,,,,,,,,
all,A,2026,joint_regime,BEAR_UNKNOWN,20,0,0,0,0,0,0,0,0,0,,,,,,,,,
all,A,2026,joint_regime,BULL_HIGH,5,66,869,824,66,64,45,0,0,0,2.6684100379713844,0.73711853662953297,53.762135922330103,1.9716546203478438,52.880552167684414,-11.285819196592499,-5.08525873351455,7.2612666269604995,19.099532615322104
all,A,2026,joint_regime,BULL_HIGH,10,66,869,817,66,63,50,2,0,0,3.3769632091092765,0.78125,52.264381884944925,3.5990267285586004,52.299770852862352,-16.006309834638813,-7.7253218884120196,10.904584882280057,24.72096266950928
all,A,2026,joint_regime,BULL_HIGH,20,66,869,804,66,62,62,3,0,0,4.6166582050704665,-1.3522807529199765,46.144278606965173,3.9185910976541201,44.062823280641759,-23.017447135327654,-13.216225109881824,16.993382961124905,35.99552697791448
all,A,2026,joint_regime,BULL_LOW,5,0,0,0,0,0,0,0,0,0,,,,,,,,,
all,A,2026,joint_regime,BULL_LOW,10,0,0,0,0,0,0,0,0,0,,,,,,,,,
all,A,2026,joint_regime,BULL_LOW,20,0,0,0,0,0,0,0,0,0,,,,,,,,,
all,A,2026,joint_regime,BULL_UNKNOWN,5,0,0,0,0,0,0,0,0,0,,,,,,,,,
all,A,2026,joint_regime,BULL_UNKNOWN,10,0,0,0,0,0,0,0,0,0,,,,,,,,,
all,A,2026,joint_regime,BULL_UNKNOWN,20,0,0,0,0,0,0,0,0,0,,,,,,,,,
all,A,2026,joint_regime,NEUTRAL_HIGH,5,54,521,503,53,51,18,0,0,0,4.0745100611880165,0.66152149944873606,52.485089463220682,3.8590768871493553,51.13646831594383,-9.270812787365486,-4.2721274936403102,7.3109204943737289,20.180790960451983
all,A,2026,joint_regime,NEUTRAL_HIGH,10,54,521,479,53,48,41,1,0,0,7.0165718725743274,3.1988873435326854,58.872651356993735,5.681553856997887,55.132581547780859,-11.335666406725782,-4.700520573130035,15.298703645893241,31.787114577229019
all,A,2026,joint_regime,NEUTRAL_HIGH,20,54,521,374,53,39,145,2,0,0,16.234430677617517,9.1156751325317966,68.449197860962556,13.162148385492147,63.026765975682387,-14.339421247595018,-3.6666163027876371,27.652084195488634,51.720376624169901
all,A,2026,joint_regime,NEUTRAL_LOW,5,2,19,9,2,1,10,0,0,0,-1.140494586860382,-3.9272727272727241,22.222222222222221,-1.140494586860382,22.222222222222221,-6.3670381280822257,-5.5269922879177429,-1.8957345971563957,9.2430357953336948
all,A,2026,joint_regime,NEUTRAL_LOW,10,2,19,0,2,0,19,0,0,0,,,,,,,,,
all,A,2026,joint_regime,NEUTRAL_LOW,20,2,19,0,2,0,19,0,0,0,,,,,,,,,
all,A,2026,joint_regime,NEUTRAL_UNKNOWN,5,0,0,0,0,0,0,0,0,0,,,,,,,,,
all,A,2026,joint_regime,NEUTRAL_UNKNOWN,10,0,0,0,0,0,0,0,0,0,,,,,,,,,
all,A,2026,joint_regime,NEUTRAL_UNKNOWN,20,0,0,0,0,0,0,0,0,0,,,,,,,,,
all,A,2026,joint_regime,UNKNOWN_UNKNOWN,5,0,0,0,0,0,0,0,0,0,,,,,,,,,
all,A,2026,joint_regime,UNKNOWN_UNKNOWN,10,0,0,0,0,0,0,0,0,0,,,,,,,,,
all,A,2026,joint_regime,UNKNOWN_UNKNOWN,20,0,0,0,0,0,0,0,0,0,,,,,,,,,
all,B,ALL,direction,BEAR,5,220,2921,2892,209,205,0,0,0,29,-0.75816765876913972,-0.67803622322331614,45.401106500691562,-0.057052955231577565,44.93220936483484,-12.394813587012507,-5.7350066216812765,3.6171882017043688,9.382552766160094
all,B,ALL,direction,BEAR,10,220,2921,2885,209,204,0,6,0,30,-1.1701290258739026,-1.0551948051948037,44.71403812824957,-0.52661273303105194,44.463548998977906,-17.286131326836891,-8.3160083160083165,4.8728813559322015,13.26460820809069
all,B,ALL,direction,BEAR,20,220,2921,2844,209,197,0,12,0,65,-0.61144168196305326,-1.6725758976354976,43.706047819971872,0.092621823020602609,45.228416523810026,-22.695265235277915,-10.550606483390911,7.4133340076857452,19.770709693781203
all,B,ALL,direction,BULL,5,190,2356,2258,184,180,62,0,0,36,1.5347295598771207,-0.13458761766819699,48.538529672276347,1.0512277615302656,46.872020992871548,-8.3423572532836303,-3.8365371757576092,4.7795039631663592,12.404696356275313
all,B,ALL,direction,BULL,10,190,2356,2194,184,175,77,2,0,83,1.9917826903005167,-0.18431181221879028,49.042844120328169,1.0143239900918135,46.03201549969593,-12.012017167381973,-6.0436605616498857,6.6168059070267295,16.199154841322613
all,B,ALL,direction,BULL,20,190,2356,2151,184,173,99,4,0,102,3.8030866558940239,0.14224751066855831,50.2092050209205,2.3526634452580875,46.364849900352588,-15.424430641821951,-7.3824888969455262,10.426125651475473,25.942857142857136
all,B,ALL,direction,NEUTRAL,5,242,3780,3694,212,205,35,1,0,50,1.9180402834010719,0.33278238745061411,51.867893881970758,1.4690980104732383,49.781036704651306,-7.7603375868779141,-3.5452427450577364,5.1543407016517548,12.622999222999226
all,B,ALL,direction,NEUTRAL,10,242,3780,3568,212,196,94,3,0,115,3.8408794273665112,0.7195519589875965,53.25112107623319,3.044055371714542,51.17105122650333,-10.538983040885835,-4.8560597435346047,8.6937194249857175,20.515130515130512
all,B,ALL,direction,NEUTRAL,20,242,3780,3116,212,175,248,13,0,403,6.527816012562611,1.3963161021984472,53.754813863928106,4.2999981196279791,49.311598331300779,-14.523465355125742,-6.9823848893616347,13.181247667831332,32.726959699237554
all,B,ALL,direction,UNKNOWN,5,20,0,0,0,0,0,0,0,0,,,,,,,,,
all,B,ALL,direction,UNKNOWN,10,20,0,0,0,0,0,0,0,0,,,,,,,,,
all,B,ALL,direction,UNKNOWN,20,20,0,0,0,0,0,0,0,0,,,,,,,,,
all,B,ALL,volatility_regime,HIGH,5,395,6057,5888,389,379,88,1,0,80,1.164621254997033,0,49.099864130434781,0.9591276911758515,47.122353135096553,-10.259252211968414,-4.4577665140427989,5.1438291358328492,13.098237751870071
all,B,ALL,volatility_regime,HIGH,10,395,6057,5746,389,369,147,7,0,157,1.9950977765736568,0,49.721545422902892,1.2411602090662222,47.16436339569313,-14.297070179423121,-6.5356048535359674,7.6184626184626119,19.013831974224836
all,B,ALL,volatility_regime,HIGH,20,395,6057,5323,389,344,323,21,0,390,3.8258885918056205,0,49.877888408792039,2.3998257444909377,47.123740653251303,-19.160049423741107,-8.7968432919954882,11.40062668671098,29.340642471241324
all,B,ALL,volatility_regime,LOW,5,216,2988,2944,215,210,9,0,0,35,0.50958604569897592,-0.11026015074154791,48.573369565217391,0.54827065292327637,47.430828816317188,-7.9364249503203803,-3.8803565450284596,3.6913152041451074,8.9076969612359775
all,B,ALL,volatility_regime,LOW,10,216,2988,2889,215,205,24,4,0,71,1.1280681531868071,-0.21505376344086441,48.667358947732779,1.0280923480862791,47.448988564010577,-10.744450180691786,-5.3977272727272716,5.4649265905383437,13.314148681055167
all,B,ALL,volatility_regime,LOW,20,216,2988,2776,215,200,24,8,0,180,2.316651414392644,-0.42826574281638607,48.162824207492797,1.7669408466673897,46.500400056053806,-14.8375439531513,-7.6679663102503044,8.4882563081281983,21.350411295908735
all,B,ALL,volatility_regime,UNKNOWN,5,61,12,12,1,1,0,0,0,0,0.044001330452589117,-1.2010729187363398,33.333333333333329,0.04400133045258927,33.333333333333329,-4.399888070471536,-3.3832898769641546,1.863914178414694,2.5711640460722536
all,B,ALL,volatility_regime,UNKNOWN,10,61,12,12,1,1,0,0,0,0,-2.0344949193402022,-3.8194799295974526,25,-2.0344949193402022,25,-11.635588536810708,-10.059389513603032,0.25150460390452323,7.1982157444664523
all,B,ALL,volatility_regime,UNKNOWN,20,61,12,12,1,1,0,0,0,0,-1.1712793387565437,0.87145245894129086,50,-1.1712793387565437,50,-12.740460600587047,-9.3037628999338793,5.396865951285978,9.6505951774206338
all,B,ALL,joint_regime,BEAR_HIGH,5,125,1610,1596,120,118,0,0,0,14,-1.7132830688080443,-1.702612863327152,39.974937343358398,-0.40556086871465025,41.152717788052868,-16.005801370913215,-8.113601406284328,3.3639453150574097,10.653524246680147
all,B,ALL,joint_regime,BEAR_HIGH,10,125,1610,1593,120,118,0,3,0,14,-2.9417168804603921,-2.9132791327913243,39.296924042686754,-1.507456085922843,40.980758400930213,-20.819190859830609,-11.720226843100187,4.2993630573248334,13.298204180532766
all,B,ALL,joint_regime,BEAR_HIGH,20,125,1610,1555,120,112,0,8,0,47,-2.5256524938835718,-3.2667876588021727,38.456591639871384,-0.84889431499699708,42.353262688671116,-28.766069051122656,-14.532435998585308,6.2992796027323772,19.367213552087534
all,B,ALL,joint_regime,BEAR_LOW,5,89,1311,1296,89,87,0,0,0,15,0.41803928137136348,0.26377470823074622,52.083333333333336,0.41563593891787748,50.058416331044874,-8.2508081306158232,-3.6025320059211303,3.7035141758471282,8.1055885581455378
all,B,ALL,joint_regime,BEAR_LOW,10,89,1311,1292,89,86,0,3,0,16,1.0141894357021639,0.36300629825809505,51.393188854489168,0.81919558837861461,49.2422616800201,-11.212872795387099,-4.9447956457723645,5.7002735898480701,13.211415309236266
all,B,ALL,joint_regime,BEAR_LOW,20,89,1311,1289,89,85,0,4,0,18,1.697788583775043,0.061241154055524598,50.038789759503487,1.3332077931143809,49.016854518346037,-15.566807313642755,-6.9970845481049597,8.7449933244325688,20.081352081927371
all,B,ALL,joint_regime,BEAR_UNKNOWN,5,6,0,0,0,0,0,0,0,0,,,,,,,,,
all,B,ALL,joint_regime,BEAR_UNKNOWN,10,6,0,0,0,0,0,0,0,0,,,,,,,,,
all,B,ALL,joint_regime,BEAR_UNKNOWN,20,6,0,0,0,0,0,0,0,0,,,,,,,,,
all,B,ALL,joint_regime,BULL_HIGH,5,141,1917,1831,140,137,62,0,0,24,1.5502760574741601,-0.23894862604539871,47.951938831239758,1.0204292127418364,46.308774453993266,-8.6575875486381335,-3.9766333628861781,5.0734007148195976,12.829398017567884
all,B,ALL,joint_regime,BULL_HIGH,10,141,1917,1767,140,132,77,2,0,71,2.0047622161076744,-0.26109660574412658,48.330503678551217,0.95359996317916174,45.400631807904382,-12.551955482449671,-6.2392050638821974,6.6813833701250935,16.642873381954402
all,B,ALL,joint_regime,BULL_HIGH,20,141,1917,1724,140,130,99,4,0,90,3.8104007600901393,0,49.825986078886309,2.1025630976763674,45.628419670952489,-16.584428715874619,-7.7604231038602558,10.846987229060211,27.083050847457628
all,B,ALL,joint_regime,BULL_LOW,5,45,439,427,44,43,0,0,0,12,1.4680653043731875,0.1742160278745741,51.053864168618269,1.1493533704608427,48.666550663251208,-7.1685971685971683,-3.1183860251248534,4.1596088482754867,9.8909896099472014
all,B,ALL,joint_regime,BULL_LOW,10,45,439,427,44,43,0,0,0,12,1.9380711631313166,0.36900369003689532,51.99063231850117,1.2007326308469304,47.97021660007929,-9.9847918746122044,-5.3306652002118202,6.308767991394526,14.828755491461452
all,B,ALL,joint_regime,BULL_LOW,20,45,439,427,44,43,0,0,0,12,3.7735561743153294,0.42328042328041432,51.75644028103045,3.1087807751563101,48.591266872957576,-12.503279965013707,-6.3403387425733815,9.0321228439685175,23.692429356515362
all,B,ALL,joint_regime,BULL_UNKNOWN,5,4,0,0,0,0,0,0,0,0,,,,,,,,,
all,B,ALL,joint_regime,BULL_UNKNOWN,10,4,0,0,0,0,0,0,0,0,,,,,,,,,
all,B,ALL,joint_regime,BULL_UNKNOWN,20,4,0,0,0,0,0,0,0,0,,,,,,,,,
all,B,ALL,joint_regime,NEUTRAL_HIGH,5,129,2530,2461,129,124,26,1,0,42,2.7440610589211625,0.91463414634145324,55.871596911824462,2.1900546396640705,53.702008379147429,-7.424593967517402,-3.1103606057304667,6.119951040391669,14.615384615384608
all,B,ALL,joint_regime,NEUTRAL_HIGH,10,129,2530,2386,129,119,70,2,0,72,5.2839781973610132,1.9501648026593821,57.711651299245602,4.2856532785267403,55.252413471072437,-10.513157894736841,-4.2250429828744558,10.873591700091483,23.655228056787656
all,B,ALL,joint_regime,NEUTRAL_HIGH,20,129,2530,2044,129,102,224,9,0,253,8.6709704949974888,3.218517264725806,58.610567514677101,6.3459119283001817,54.267713787877071,-14.154504151652825,-5.9439019456397837,16.42248273261557,36.034493246715662
all,B,ALL,joint_regime,NEUTRAL_LOW,5,82,1238,1221,82,80,9,0,0,8,0.27156308346695063,-0.62472758971379161,43.980343980343974,0.36942894372770602,43.909126901323795,-8.0882352941176521,-4.3539325842696597,3.5067873303167518,9.3333333333333286
all,B,ALL,joint_regime,NEUTRAL_LOW,10,82,1238,1170,82,76,24,1,0,43,0.95820492048924588,-0.96925462597104439,44.444444444444443,1.1667974688251097,45.124853122855647,-10.581737849779083,-5.8118912827667595,4.841329486775436,12.822631913541006
all,B,ALL,joint_regime,NEUTRAL_LOW,20,82,1238,1060,82,72,24,4,0,150,2.4823267504106616,-1.7232845894263216,44.433962264150942,1.4776101887088089,42.280873633530192,-15.022335312411652,-8.9233911983299663,8.0216428253229779,23.084343309423701
all,B,ALL,joint_regime,NEUTRAL_UNKNOWN,5,31,12,12,1,1,0,0,0,0,0.044001330452589117,-1.2010729187363398,33.333333333333329,0.04400133045258927,33.333333333333329,-4.399888070471536,-3.3832898769641546,1.863914178414694,2.5711640460722536
all,B,ALL,joint_regime,NEUTRAL_UNKNOWN,10,31,12,12,1,1,0,0,0,0,-2.0344949193402022,-3.8194799295974526,25,-2.0344949193402022,25,-11.635588536810708,-10.059389513603032,0.25150460390452323,7.1982157444664523
all,B,ALL,joint_regime,NEUTRAL_UNKNOWN,20,31,12,12,1,1,0,0,0,0,-1.1712793387565437,0.87145245894129086,50,-1.1712793387565437,50,-12.740460600587047,-9.3037628999338793,5.396865951285978,9.6505951774206338
all,B,ALL,joint_regime,UNKNOWN_UNKNOWN,5,20,0,0,0,0,0,0,0,0,,,,,,,,,
all,B,ALL,joint_regime,UNKNOWN_UNKNOWN,10,20,0,0,0,0,0,0,0,0,,,,,,,,,
all,B,ALL,joint_regime,UNKNOWN_UNKNOWN,20,20,0,0,0,0,0,0,0,0,,,,,,,,,
all,B,2024,direction,BEAR,5,116,1504,1475,109,105,0,0,0,29,0.25224338682610892,0,49.016949152542374,0.52341147618128026,48.305694367496891,-9.2521856628583485,-4.2587585896136098,3.6291059112524842,8.7071310641977426
all,B,2024,direction,BEAR,10,116,1504,1469,109,104,0,5,0,30,-0.67001357629046177,-1.3913043478260834,43.158611300204221,-0.14061238426412329,43.596824079981303,-13.260108780108775,-7.0440899993935329,4.0735873850197057,11.665378400625366
all,B,2024,direction,BEAR,20,116,1504,1433,109,97,0,6,0,65,-1.2038629914763441,-2.2004889975550168,40.125610607117935,-0.65936443711043125,42.486157079038414,-17.98595494922132,-9.3959731543624141,5.0872093023255793,14.996516687855948
all,B,2024,direction,BULL,5,20,150,150,16,16,0,0,0,0,0.91340956313029509,0.41629034434789158,52.666666666666664,0.63986778050223458,53.793966450216445,-7.280983211868822,-3.5984803357028414,3.4820841551610804,8.898387393874442
all,B,2024,direction,BULL,10,20,150,150,16,16,0,0,0,0,0.23886298070077544,-0.72562553925797912,46.666666666666664,-0.11351789663894768,44.154604076479075,-9.0224199496575537,-5.6442441432350616,4.0904610251744087,11.888157184497453
all,B,2024,direction,BULL,20,20,150,150,16,16,0,0,0,0,0.62085710727705967,-0.61298043472210451,47.333333333333336,0.71893713739898557,48.580109126984127,-14.53075810431379,-7.9841366849125821,6.590486841442611,17.646206771682046
all,B,2024,direction,NEUTRAL,5,88,816,808,58,57,0,0,0,8,-0.094017019515215391,-0.88491706560538386,41.955445544554451,-0.19176931243120193,39.840347054494693,-8.4981791509198779,-4.6267684972773528,2.84394694332582,8.3986367666080533
all,B,2024,direction,NEUTRAL,10,88,816,747,58,53,0,1,0,68,0.35442961532300016,-1.4405762304921963,41.499330655957159,0.024976699853835764,40.514613307312395,-10.877223517944792,-6.0798543161556857,3.8671602689513973,12.311227271547127
all,B,2024,direction,NEUTRAL,20,88,816,635,58,50,0,2,0,179,-0.58932561586505072,-3.3644859813084071,37.480314960629926,-0.25296404462948208,37.712141683304381,-16.774197237447282,-9.7503635965174418,5.6067595968602228,15.766745948337864
all,B,2024,direction,UNKNOWN,5,20,0,0,0,0,0,0,0,0,,,,,,,,,
all,B,2024,direction,UNKNOWN,10,20,0,0,0,0,0,0,0,0,,,,,,,,,
all,B,2024,direction,UNKNOWN,20,20,0,0,0,0,0,0,0,0,,,,,,,,,
all,B,2024,volatility_regime,HIGH,5,77,1043,1029,76,74,0,0,0,14,0.25424410574055922,-0.54446460980036582,45.675413022351798,0.21583517088769785,44.792155669490377,-9.0767136698711788,-4.4529262086513981,3.529411764705892,9.3447250431620219
all,B,2024,volatility_regime,HIGH,10,77,1043,1002,76,73,0,2,0,39,-0.88634707650409394,-1.9040905262386942,40.818363273453095,-0.37259732919162269,41.421250331083051,-13.732981831745491,-7.6792477471594589,4.339162227111415,12.308343227482334
all,B,2024,volatility_regime,HIGH,20,77,1043,903,76,65,0,3,0,137,-1.013892584354918,-2.7577937649880147,38.759689922480625,-0.049416133755132631,42.82368301423822,-17.985954949221323,-10.039826337700575,5.5128376784427733,14.64883881550549
all,B,2024,volatility_regime,LOW,5,106,1415,1392,106,103,0,0,0,23,0.12281571659288421,-0.1552428411097761,47.916666666666671,0.37135373497426621,47.143187388555454,-8.6889208878509301,-4.1278053421342893,3.3160414529271822,8.1645645533556497
all,B,2024,volatility_regime,LOW,10,106,1415,1352,106,99,0,4,0,59,0.1692841241641227,-0.90346696265343196,44.526627218934912,0.14260495689787858,43.828955562224401,-10.627584780810585,-5.6008224185196465,3.9130546287657166,11.588245812719798
all,B,2024,volatility_regime,LOW,20,106,1415,1303,106,97,0,5,0,107,-0.82626900309346119,-2.0151133501259406,40.521872601688415,-0.62598175670063905,40.72687289627018,-17.248159032352547,-9.0965000559096509,5.3179261825335722,15.85104643096826
all,B,2024,volatility_regime,UNKNOWN,5,61,12,12,1,1,0,0,0,0,0.044001330452589117,-1.2010729187363398,33.333333333333329,0.04400133045258927,33.333333333333329,-4.399888070471536,-3.3832898769641546,1.863914178414694,2.5711640460722536
all,B,2024,volatility_regime,UNKNOWN,10,61,12,12,1,1,0,0,0,0,-2.0344949193402022,-3.8194799295974526,25,-2.0344949193402022,25,-11.635588536810708,-10.059389513603032,0.25150460390452323,7.1982157444664523
all,B,2024,volatility_regime,UNKNOWN,20,61,12,12,1,1,0,0,0,0,-1.1712793387565437,0.87145245894129086,50,-1.1712793387565437,50,-12.740460600587047,-9.3037628999338793,5.396865951285978,9.6505951774206338
all,B,2024,joint_regime,BEAR_HIGH,5,49,661,647,48,46,0,0,0,14,0.15343856442527257,-0.66006600660065695,45.440494590417316,0.44622269936521836,44.314023451119127,-10.234637213826698,-4.6075479099604246,3.5402740641711228,8.8693577157977934
all,B,2024,joint_regime,BEAR_HIGH,10,49,661,645,48,46,0,2,0,14,-1.3329078460532799,-1.9955654101995512,40.775193798449614,-0.11794549270160627,42.002523848729531,-16.076844393300089,-8.2224909310761767,4.5597484276729485,11.995073891625619
all,B,2024,joint_regime,BEAR_HIGH,20,49,661,611,48,40,0,3,0,47,-1.0276546923737893,-2.734375,37.479541734860881,0.33019984477105113,42.684898430612016,-18.487394957983195,-9.6102236285843077,4.4834691562831708,14.861032331253554
all,B,2024,joint_regime,BEAR_LOW,5,61,843,828,61,59,0,0,0,15,0.32944957051371926,0.22447396001289416,51.811594202898547,0.58359255641075203,51.417844573486335,-8.7697862821416219,-3.7913912351573016,3.7035141758471282,8.2864217558795463
all,B,2024,joint_regime,BEAR_LOW,10,61,843,824,61,58,0,3,0,16,-0.15112182386689696,-0.78859056924859838,45.024271844660198,-0.15858957412405056,44.861269090974091,-11.074213399653585,-5.7276063354835482,3.7649399824841612,11.597842960559479
all,B,2024,joint_regime,BEAR_LOW,20,61,843,822,61,57,0,3,0,18,-1.3348402065026961,-1.4445586784667286,42.092457420924575,-1.3537955121149801,42.346689463899054,-17.599620909160627,-9.0630797773654912,5.5023068757145186,15.00133337467828
all,B,2024,joint_regime,BEAR_UNKNOWN,5,6,0,0,0,0,0,0,0,0,,,,,,,,,
all,B,2024,joint_regime,BEAR_UNKNOWN,10,6,0,0,0,0,0,0,0,0,,,,,,,,,
all,B,2024,joint_regime,BEAR_UNKNOWN,20,6,0,0,0,0,0,0,0,0,,,,,,,,,
all,B,2024,joint_regime,BULL_HIGH,5,6,47,47,6,6,0,0,0,0,-0.090480474960803983,0.2472187886279453,51.063829787234042,-0.22388787909270946,53.528138528138527,-6.6374575162734262,-3.7929895859791731,3.4456497918036399,5.1974351271170542
all,B,2024,joint_regime,BULL_HIGH,10,6,47,47,6,6,0,0,0,0,-0.97325837873755183,-1.9402985074626895,40.425531914893611,-1.1192121630794571,39.758297258297262,-8.8725039920218194,-6.0450770447855859,2.2801890044235051,8.0601397263885399
all,B,2024,joint_regime,BULL_HIGH,20,6,47,47,6,6,0,0,0,0,2.0198523403023279,0.89552238805969964,59.574468085106382,1.5572770389843502,58.63636363636364,-11.543502071527218,-7.8871908749516706,8.5377094131106404,14.516768737241183
all,B,2024,joint_regime,BULL_LOW,5,10,103,103,10,10,0,0,0,0,1.3714953086670105,0.62272963155163275,53.398058252427184,1.158121176259201,53.953463203463215,-7.7097768409401679,-3.0138110567560439,3.4436122839406891,10.984996738421401
all,B,2024,joint_regime,BULL_LOW,10,10,103,103,10,10,0,0,0,0,0.791966901997876,-0.43596730245231141,49.514563106796118,0.48989866322535802,46.792388167388168,-9.6600778676250343,-4.9719887955182109,4.2173382173382183,12.670382165605096
all,B,2024,joint_regime,BULL_LOW,20,10,103,103,10,10,0,0,0,0,-0.017519358278159702,-1.602564102564108,41.747572815533978,0.21593319644776687,42.546356421356421,-14.937933162792648,-7.9037572407929026,4.320924987717345,19.380619380619379
all,B,2024,joint_regime,BULL_UNKNOWN,5,4,0,0,0,0,0,0,0,0,,,,,,,,,
all,B,2024,joint_regime,BULL_UNKNOWN,10,4,0,0,0,0,0,0,0,0,,,,,,,,,
all,B,2024,joint_regime,BULL_UNKNOWN,20,4,0,0,0,0,0,0,0,0,,,,,,,,,
all,B,2024,joint_regime,NEUTRAL_HIGH,5,22,335,335,22,22,0,0,0,0,0.49729855506579579,-0.54446460980036582,45.373134328358212,-0.14595973866155221,43.409345891908089,-8.3881262470500602,-4.3105912620896643,3.5414739680499241,10.843487850241697
all,B,2024,joint_regime,NEUTRAL_HIGH,10,22,335,310,22,21,0,0,0,25,0.055964302735251457,-1.5875954864477126,40.967741935483872,-0.71708758991608657,40.623113979891471,-11.630858705107498,-6.8614493322859396,3.6250269357226808,14.434931753208529
all,B,2024,joint_regime,NEUTRAL_HIGH,20,22,335,245,22,19,0,0,0,90,-1.5615552923523071,-3.5849056603773577,37.95918367346939,-1.3559844588858823,38.122382993832709,-17.581787005755224,-10.912981455064196,5.9278350515463929,13.463355846381997
all,B,2024,joint_regime,NEUTRAL_LOW,5,35,469,461,35,34,0,0,0,8,-0.52730755679125119,-0.94696969696970157,39.696312364425161,-0.22834523201402809,37.722377622084885,-9.0789473684210531,-5.042613636363634,2.4999999999999911,7.4380165289256173
all,B,2024,joint_regime,NEUTRAL_LOW,10,35,469,425,35,31,0,1,0,43,0.63958571254220165,-1.3013013013013053,42.352941176470587,0.59409998063971992,40.941584248704409,-10.019113589030683,-5.4507337526205397,3.9692701664532759,10.458047104719887
all,B,2024,joint_regime,NEUTRAL_LOW,20,35,469,378,35,30,0,2,0,89,0.059297969886472103,-3.3568841389795603,36.772486772486772,0.47622606087047337,37.04272690941324,-16.417455009551276,-9.2902092186989158,4.8399554832065323,17.270406570613989
all,B,2024,joint_regime,NEUTRAL_UNKNOWN,5,31,12,12,1,1,0,0,0,0,0.044001330452589117,-1.2010729187363398,33.333333333333329,0.04400133045258927,33.333333333333329,-4.399888070471536,-3.3832898769641546,1.863914178414694,2.5711640460722536
all,B,2024,joint_regime,NEUTRAL_UNKNOWN,10,31,12,12,1,1,0,0,0,0,-2.0344949193402022,-3.8194799295974526,25,-2.0344949193402022,25,-11.635588536810708,-10.059389513603032,0.25150460390452323,7.1982157444664523
all,B,2024,joint_regime,NEUTRAL_UNKNOWN,20,31,12,12,1,1,0,0,0,0,-1.1712793387565437,0.87145245894129086,50,-1.1712793387565437,50,-12.740460600587047,-9.3037628999338793,5.396865951285978,9.6505951774206338
all,B,2024,joint_regime,UNKNOWN_UNKNOWN,5,20,0,0,0,0,0,0,0,0,,,,,,,,,
all,B,2024,joint_regime,UNKNOWN_UNKNOWN,10,20,0,0,0,0,0,0,0,0,,,,,,,,,
all,B,2024,joint_regime,UNKNOWN_UNKNOWN,20,20,0,0,0,0,0,0,0,0,,,,,,,,,
all,B,2025,direction,BEAR,5,40,673,673,40,40,0,0,0,0,0.7636623790785132,0.41771094402673897,52.451708766716202,1.2387011820735099,48.214418590314082,-7.1880384956920356,-3.0564784053156102,3.9563437926330094,8.4019757648981859
all,B,2025,direction,BEAR,10,40,673,673,40,40,0,0,0,0,2.8157490913963392,2.1352313167259722,61.515601783060923,3.3839440429933711,58.163510109118441,-11.406646099906327,-3.2467532467532423,7.5431034482758674,16.069017044329062
all,B,2025,direction,BEAR,20,40,673,671,40,40,0,2,0,0,6.3262549296967272,3.6072444244873441,60.953800298062589,6.3866384951389872,59.840856003317576,-10.729613733905571,-3.8005987814272668,12.8364898989899,26.143790849673199
all,B,2025,direction,BULL,5,104,1339,1303,103,101,0,0,0,36,1.2707972365710747,-0.36803364879074418,46.815042210283956,1.0323715154537714,45.216195746279752,-7.2785455138396289,-3.6283828043721207,4.215833903718913,9.9735501378267326
all,B,2025,direction,BULL,10,104,1339,1255,103,97,0,1,0,83,1.9654852522092754,0.1956947162426558,50.677290836653391,1.3661010567675353,48.165162184645425,-10.119489721397834,-5.1126007983854524,6.0911858706134581,13.818990992904041
all,B,2025,direction,BULL,20,104,1339,1235,103,96,0,2,0,102,4.0984614277785223,0.78125,52.226720647773284,3.9402692793963339,50.019668619936574,-12.305908996352047,-5.8100529100529155,9.4926802004522752,22.36164927968208
all,B,2025,direction,NEUTRAL,5,98,1779,1737,98,95,0,0,0,42,1.4784152314252328,0.18939393939394469,50.949913644214163,1.2401058490260843,50.79983115412476,-7.2406851239124039,-3.4168564920273314,4.5161290322580649,11.037778349851985
all,B,2025,direction,NEUTRAL,10,98,1779,1732,98,94,0,0,0,47,3.0773773102429494,0.49100362426570671,52.482678983833722,2.7622493474880985,52.230748972870458,-9.5813520513706969,-4.6371535501038679,7.6308231724333933,17.627098374173087
all,B,2025,direction,NEUTRAL,20,98,1779,1550,98,85,0,5,0,224,4.8275853563162059,0.69498612842265883,51.806451612903224,3.6782234929726005,50.381196869745594,-13.972318010693154,-7.1519834509612989,10.715586786046936,28.702863362596549
all,B,2025,direction,UNKNOWN,5,0,0,0,0,0,0,0,0,0,,,,,,,,,
all,B,2025,direction,UNKNOWN,10,0,0,0,0,0,0,0,0,0,,,,,,,,,
all,B,2025,direction,UNKNOWN,20,0,0,0,0,0,0,0,0,0,,,,,,,,,
all,B,2025,volatility_regime,HIGH,5,134,2242,2176,134,130,0,0,0,66,1.6135118144994625,0.11942550272788785,50.321691176470587,1.550546700450975,48.333364537614912,-7.0260557053009878,-3.2916577735376453,4.6380253310305095,11.170699220256129
all,B,2025,volatility_regime,HIGH,10,134,2242,2123,134,125,0,1,0,118,3.1378162377232091,0.85146641438031956,54.404145077720209,2.6470396981221578,52.162203878105714,-9.528946031043537,-4.2561247106701616,7.1982008995502333,16.468717894766751
all,B,2025,volatility_regime,HIGH,20,134,2242,1983,134,118,0,6,0,253,4.6805957569532728,0.90991810737033318,52.849218356026221,4.5107795576003271,51.935176451715556,-12.748628354965454,-5.9942462875423761,10.580549145170947,24.810704982170332
all,B,2025,volatility_regime,LOW,5,108,1549,1537,107,106,0,0,0,12,0.79817770267192512,0,48.991541964866627,0.6609108956851184,47.528859280554066,-7.5081300813008092,-3.6423841059602609,3.8251366120218626,9.3849462365591521
all,B,2025,volatility_regime,LOW,10,108,1549,1537,107,106,0,0,0,12,1.9714487694774179,0.49019607843137081,52.309694209499028,1.8551041568377098,50.829962782659919,-10.802949777495233,-5.1764705882352935,6.675749318801083,14.772024863701079
all,B,2025,volatility_regime,LOW,20,108,1549,1473,107,103,0,3,0,73,5.0968451034519742,1.4834205933682345,54.921928038017654,4.0204699003246596,51.937605245364594,-12.674170674864881,-6.2639821029082725,11.10132158590309,26.795118047218885
all,B,2025,volatility_regime,UNKNOWN,5,0,0,0,0,0,0,0,0,0,,,,,,,,,
all,B,2025,volatility_regime,UNKNOWN,10,0,0,0,0,0,0,0,0,0,,,,,,,,,
all,B,2025,volatility_regime,UNKNOWN,20,0,0,0,0,0,0,0,0,0,,,,,,,,,
all,B,2025,joint_regime,BEAR_HIGH,5,12,205,205,12,12,0,0,0,0,1.1948786187703033,0.38251366120218838,52.195121951219512,3.9849734521099509,50.595612720612714,-7.4808176430065751,-2.3149675574617889,4.7583081570996999,9.4974313138891286
all,B,2025,joint_regime,BEAR_HIGH,10,12,205,205,12,12,0,0,0,0,2.2445951449571577,1.3157894736842035,59.024390243902438,4.6423954849982545,57.804958929958936,-12.852840453695382,-3.556485355648531,6.8584070796460228,16.781523989673055
all,B,2025,joint_regime,BEAR_HIGH,20,12,205,204,12,12,0,1,0,0,4.7021025666434149,2.0764821271089362,53.921568627450981,5.4147111000236059,53.413575459628085,-13.701806295544738,-6.5053763440860246,10.7441538064738,26.970927601809969
all,B,2025,joint_regime,BEAR_LOW,5,28,468,468,28,28,0,0,0,0,0.57477492365796445,0.4540482966746695,52.564102564102569,0.061727352057892114,47.193906820186086,-6.8245628485182159,-3.2692363678709673,3.6949023545033537,7.7403444324276514
all,B,2025,joint_regime,BEAR_LOW,10,28,468,468,28,28,0,0,0,0,3.0659340465673477,2.5648175954924413,62.606837606837608,2.8446077107055641,58.317174900186806,-11.274055578084239,-2.6133775117796549,7.9251195722269907,15.301729687969445
all,B,2025,joint_regime,BEAR_LOW,20,28,468,467,28,28,0,1,0,0,7.0357347628078095,3.8997214484679743,64.025695931477514,6.8031788073312951,62.595404807755948,-10.13884245190134,-2.8566214359326656,14.040550157806797,26.114258896786964
all,B,2025,joint_regime,BEAR_UNKNOWN,5,0,0,0,0,0,0,0,0,0,,,,,,,,,
all,B,2025,joint_regime,BEAR_UNKNOWN,10,0,0,0,0,0,0,0,0,0,,,,,,,,,
all,B,2025,joint_regime,BEAR_UNKNOWN,20,0,0,0,0,0,0,0,0,0,,,,,,,,,
all,B,2025,joint_regime,BULL_HIGH,5,69,1003,979,69,68,0,0,0,24,1.1953513085571617,-0.45662100456621552,45.658835546475999,0.9768902925530395,44.319245939545361,-7.38611069607426,-3.7262658578247176,4.164010315092348,10.105400487520171
all,B,2025,joint_regime,BULL_HIGH,10,69,1003,931,69,64,0,1,0,71,1.8482279224182054,0,49.946294307196567,1.3403013439419764,48.081645309079356,-10.260586319218245,-4.9895642552692134,5.7774019132935335,13.437703848662764
all,B,2025,joint_regime,BULL_HIGH,20,69,1003,911,69,63,0,2,0,90,3.7853862601220416,0.3937007874015741,51.262349066959388,3.9166287215048312,49.808369463338096,-12.480252764612953,-5.9512384608353894,9.3170040470811681,21.758737316798204
all,B,2025,joint_regime,BULL_LOW,5,35,336,324,34,33,0,0,0,12,1.4987650252303983,0.12106608508043455,50.308641975308646,1.1466964596128555,47.064455954096061,-6.8247503268754981,-3.179127979584079,4.2362235935575026,9.8107908744977461
all,B,2025,joint_regime,BULL_LOW,10,35,336,324,34,33,0,0,0,12,2.3024191226891699,0.42815905209545585,52.777777777777779,1.4161368634595277,48.327134306955408,-9.9898331489924139,-5.6996543723111106,6.7350379754667564,16.19915484132261
all,B,2025,joint_regime,BULL_LOW,20,35,336,324,34,33,0,0,0,12,4.9787437664669634,1.5517715858273107,54.938271604938272,3.9854012535528374,50.423057918897321,-11.473977338198583,-5.433236616032314,9.6639324605553369,24.262516552030995
all,B,2025,joint_regime,BULL_UNKNOWN,5,0,0,0,0,0,0,0,0,0,,,,,,,,,
all,B,2025,joint_regime,BULL_UNKNOWN,10,0,0,0,0,0,0,0,0,0,,,,,,,,,
all,B,2025,joint_regime,BULL_UNKNOWN,20,0,0,0,0,0,0,0,0,0,,,,,,,,,
all,B,2025,joint_regime,NEUTRAL_HIGH,5,53,1034,992,53,50,0,0,0,42,2.1127042947837267,0.65898037172138491,54.536290322580648,1.746456994794013,53.249626267070013,-6.5988517709241927,-2.8439275583552854,4.9076111561502991,12.18038379530917
all,B,2025,joint_regime,NEUTRAL_HIGH,10,53,1034,987,53,49,0,0,0,47,4.5397585331294898,1.5834348355663774,57.649442755825731,3.8651414374082509,56.110013833114913,-8.2073542516767564,-3.6530691414759344,9.2479724748095293,19.363496143958869
all,B,2025,joint_regime,NEUTRAL_HIGH,20,53,1034,868,53,43,0,3,0,163,5.6150985938616405,1.1986441950201154,54.262672811059907,5.1290196544593263,54.638619525502321,-13.276171069429441,-5.9439019456397837,11.193901147307495,29.306312443233459
all,B,2025,joint_regime,NEUTRAL_LOW,5,45,745,745,45,45,0,0,0,0,0.63383167323513068,-0.47244094488189109,46.174496644295303,0.6774934648394968,48.077836584185576,-7.8486573475659327,-4.2502951593860638,3.9766081871345009,9.5962383491555592
all,B,2025,joint_regime,NEUTRAL_LOW,10,45,745,745,45,45,0,0,0,0,1.1399675558952778,-0.86546026750590188,45.63758389261745,1.5613224051306007,48.006660569493164,-11.379143861927476,-6.0606060606060552,5.555555555555558,13.566015583306644
all,B,2025,joint_regime,NEUTRAL_LOW,20,45,745,682,45,42,0,2,0,61,3.8252957812583785,-0.36554053903589673,48.680351906158357,2.1928845657361911,46.022407007899439,-14.715268623024832,-8.6608139499803869,9.2637929797388754,27.961033184920197
all,B,2025,joint_regime,NEUTRAL_UNKNOWN,5,0,0,0,0,0,0,0,0,0,,,,,,,,,
all,B,2025,joint_regime,NEUTRAL_UNKNOWN,10,0,0,0,0,0,0,0,0,0,,,,,,,,,
all,B,2025,joint_regime,NEUTRAL_UNKNOWN,20,0,0,0,0,0,0,0,0,0,,,,,,,,,
all,B,2025,joint_regime,UNKNOWN_UNKNOWN,5,0,0,0,0,0,0,0,0,0,,,,,,,,,
all,B,2025,joint_regime,UNKNOWN_UNKNOWN,10,0,0,0,0,0,0,0,0,0,,,,,,,,,
all,B,2025,joint_regime,UNKNOWN_UNKNOWN,20,0,0,0,0,0,0,0,0,0,,,,,,,,,
all,B,2026,direction,BEAR,5,64,744,744,60,60,0,0,0,0,-4.1379363519471806,-4.9463297940700084,31.85483870967742,-1.9367018017408031,36.840471126523447,-21.200369335295218,-12.864814183429935,1.9710430309413665,12.5543618030737
all,B,2026,direction,BEAR,10,64,744,743,60,60,0,1,0,0,-5.7692751474902497,-5.8823529411764719,32.570659488559897,-3.8027178549100094,36.832564785144996,-26.593303974107286,-16.001714416618018,2.5768826154898949,13.713516771710175
all,B,2026,direction,BEAR,20,64,744,740,60,60,0,4,0,0,-5.7550291007348999,-7.4279054804581524,35,-2.8876781711798167,39.920109639852456,-34.766946741136394,-23.751908275554989,6.1822258459029724,23.475085764749842
all,B,2026,direction,BULL,5,66,867,805,65,63,62,0,0,0,2.0777131832060665,0.12531328320801721,50.559006211180126,1.1859299924854154,47.768643573637476,-11.010804435371794,-4.4576523031203523,7.1656050955414052,16.225129263243176
all,B,2026,direction,BULL,10,66,867,789,65,62,77,1,0,0,2.3668666462504135,-0.61517429938482415,46.894803548795942,0.75501906622321924,43.179166376008318,-15.785538020086083,-7.944732297063906,8.2914572864321698,21.890772128060281
all,B,2026,direction,BULL,20,66,867,766,65,61,99,2,0,0,3.9500143177937486,-0.86017088399605313,47.519582245430811,0.28265460670848108,40.031952446153134,-20.515688360034567,-10.94887511154948,14.160145971712717,33.09367405630843
all,B,2026,direction,NEUTRAL,5,56,1185,1149,56,53,35,1,0,0,3.9975624905711258,1.744966442953011,60.226283724978245,3.6657714584549885,58.645826088782393,-7.7986621209259752,-2.9753265602322165,7.6591154261057106,18.628038628038631
all,B,2026,direction,NEUTRAL,10,56,1185,1089,56,49,94,2,0,0,7.4467230237434725,3.9906103286385002,62.534435261707991,6.8501969204064412,60.664512890964694,-12.147985089686877,-4.0261153427638696,14.560439560439551,30.969003995040648
all,B,2026,direction,NEUTRAL,20,56,1185,931,56,40,248,6,0,0,14.212824016035746,7.9533404029692445,68.098818474758332,11.312471906592481,61.538022247101019,-13.67753623188406,-3.0323968903023859,25,43.375082399472646
all,B,2026,direction,UNKNOWN,5,0,0,0,0,0,0,0,0,0,,,,,,,,,
all,B,2026,direction,UNKNOWN,10,0,0,0,0,0,0,0,0,0,,,,,,,,,
all,B,2026,direction,UNKNOWN,20,0,0,0,0,0,0,0,0,0,,,,,,,,,
all,B,2026,volatility_regime,HIGH,5,184,2772,2683,179,175,88,1,0,0,1.1497096743438926,0,49.42228848304137,0.83409440715046457,47.208085307253526,-13.736467826253127,-5.922539630320089,6.5097822074566265,16.078366078366084
all,B,2026,volatility_regime,HIGH,10,184,2772,2621,179,171,147,4,0,0,2.1710674254723243,-0.080906148867310096,49.332315909958027,0.90238456088394547,45.962709556014545,-18.088737201365191,-8.9560148383677767,9.5291902071563008,23.659003831417635
all,B,2026,volatility_regime,HIGH,20,184,2772,2437,179,161,323,12,0,0,4.9237294180613311,0.97560975609756184,51.57981124333196,1.8414914099511035,45.333394829133717,-24.962254365239442,-11.624203821656051,16.92307692307693,35.730758382692088
all,B,2026,volatility_regime,LOW,5,2,24,15,2,1,9,0,0,0,6.8308474689160761,7.2953736654804304,66.666666666666657,6.8308474689160761,66.666666666666657,-4.0744892116132032,-0.40785153165135418,14.510061275725505,18.031957723246737
all,B,2026,volatility_regime,LOW,10,2,24,0,2,0,24,0,0,0,,,,,,,,,
all,B,2026,volatility_regime,LOW,20,2,24,0,2,0,24,0,0,0,,,,,,,,,
all,B,2026,volatility_regime,UNKNOWN,5,0,0,0,0,0,0,0,0,0,,,,,,,,,
all,B,2026,volatility_regime,UNKNOWN,10,0,0,0,0,0,0,0,0,0,,,,,,,,,
all,B,2026,volatility_regime,UNKNOWN,20,0,0,0,0,0,0,0,0,0,,,,,,,,,
all,B,2026,joint_regime,BEAR_HIGH,5,64,744,744,60,60,0,0,0,0,-4.1379363519471806,-4.9463297940700084,31.85483870967742,-1.9367018017408031,36.840471126523447,-21.200369335295218,-12.864814183429935,1.9710430309413665,12.5543618030737
all,B,2026,joint_regime,BEAR_HIGH,10,64,744,743,60,60,0,1,0,0,-5.7692751474902497,-5.8823529411764719,32.570659488559897,-3.8027178549100094,36.832564785144996,-26.593303974107286,-16.001714416618018,2.5768826154898949,13.713516771710175
all,B,2026,joint_regime,BEAR_HIGH,20,64,744,740,60,60,0,4,0,0,-5.7550291007348999,-7.4279054804581524,35,-2.8876781711798167,39.920109639852456,-34.766946741136394,-23.751908275554989,6.1822258459029724,23.475085764749842
all,B,2026,joint_regime,BEAR_LOW,5,0,0,0,0,0,0,0,0,0,,,,,,,,,
all,B,2026,joint_regime,BEAR_LOW,10,0,0,0,0,0,0,0,0,0,,,,,,,,,
all,B,2026,joint_regime,BEAR_LOW,20,0,0,0,0,0,0,0,0,0,,,,,,,,,
all,B,2026,joint_regime,BEAR_UNKNOWN,5,0,0,0,0,0,0,0,0,0,,,,,,,,,
all,B,2026,joint_regime,BEAR_UNKNOWN,10,0,0,0,0,0,0,0,0,0,,,,,,,,,
all,B,2026,joint_regime,BEAR_UNKNOWN,20,0,0,0,0,0,0,0,0,0,,,,,,,,,
all,B,2026,joint_regime,BULL_HIGH,5,66,867,805,65,63,62,0,0,0,2.0777131832060665,0.12531328320801721,50.559006211180126,1.1859299924854154,47.768643573637476,-11.010804435371794,-4.4576523031203523,7.1656050955414052,16.225129263243176
all,B,2026,joint_regime,BULL_HIGH,10,66,867,789,65,62,77,1,0,0,2.3668666462504135,-0.61517429938482415,46.894803548795942,0.75501906622321924,43.179166376008318,-15.785538020086083,-7.944732297063906,8.2914572864321698,21.890772128060281
all,B,2026,joint_regime,BULL_HIGH,20,66,867,766,65,61,99,2,0,0,3.9500143177937486,-0.86017088399605313,47.519582245430811,0.28265460670848108,40.031952446153134,-20.515688360034567,-10.94887511154948,14.160145971712717,33.09367405630843
all,B,2026,joint_regime,BULL_LOW,5,0,0,0,0,0,0,0,0,0,,,,,,,,,
all,B,2026,joint_regime,BULL_LOW,10,0,0,0,0,0,0,0,0,0,,,,,,,,,
all,B,2026,joint_regime,BULL_LOW,20,0,0,0,0,0,0,0,0,0,,,,,,,,,
all,B,2026,joint_regime,BULL_UNKNOWN,5,0,0,0,0,0,0,0,0,0,,,,,,,,,
all,B,2026,joint_regime,BULL_UNKNOWN,10,0,0,0,0,0,0,0,0,0,,,,,,,,,
all,B,2026,joint_regime,BULL_UNKNOWN,20,0,0,0,0,0,0,0,0,0,,,,,,,,,
all,B,2026,joint_regime,NEUTRAL_HIGH,5,54,1161,1134,54,52,26,1,0,0,3.9600851760427536,1.6347504733980833,60.14109347442681,3.6049046120999679,58.491579154592308,-7.7999045792042265,-3.0181889669555679,7.5555776224817812,18.603425559947304
all,B,2026,joint_regime,NEUTRAL_HIGH,10,54,1161,1089,54,49,70,2,0,0,7.4467230237434725,3.9906103286385002,62.534435261707991,6.8501969204064412,60.664512890964694,-12.147985089686877,-4.0261153427638696,14.560439560439551,30.969003995040648
all,B,2026,joint_regime,NEUTRAL_HIGH,20,54,1161,931,54,40,224,6,0,0,14.212824016035746,7.9533404029692445,68.098818474758332,11.312471906592481,61.538022247101019,-13.67753623188406,-3.0323968903023859,25,43.375082399472646
all,B,2026,joint_regime,NEUTRAL_LOW,5,2,24,15,2,1,9,0,0,0,6.8308474689160761,7.2953736654804304,66.666666666666657,6.8308474689160761,66.666666666666657,-4.0744892116132032,-0.40785153165135418,14.510061275725505,18.031957723246737
all,B,2026,joint_regime,NEUTRAL_LOW,10,2,24,0,2,0,24,0,0,0,,,,,,,,,
all,B,2026,joint_regime,NEUTRAL_LOW,20,2,24,0,2,0,24,0,0,0,,,,,,,,,
all,B,2026,joint_regime,NEUTRAL_UNKNOWN,5,0,0,0,0,0,0,0,0,0,,,,,,,,,
all,B,2026,joint_regime,NEUTRAL_UNKNOWN,10,0,0,0,0,0,0,0,0,0,,,,,,,,,
all,B,2026,joint_regime,NEUTRAL_UNKNOWN,20,0,0,0,0,0,0,0,0,0,,,,,,,,,
all,B,2026,joint_regime,UNKNOWN_UNKNOWN,5,0,0,0,0,0,0,0,0,0,,,,,,,,,
all,B,2026,joint_regime,UNKNOWN_UNKNOWN,10,0,0,0,0,0,0,0,0,0,,,,,,,,,
all,B,2026,joint_regime,UNKNOWN_UNKNOWN,20,0,0,0,0,0,0,0,0,0,,,,,,,,,
all,C,ALL,direction,BEAR,5,220,2384,2334,213,209,0,5,0,45,-0.37909111500581316,-1.2157704183647144,42.844901456726646,0.54563750490335472,44.525683424679315,-14.3814417238173,-7.0588527707239832,4.2972609530061598,13.989657997132925
all,C,ALL,direction,BEAR,10,220,2384,2325,213,208,0,9,0,50,-0.55649253039308222,-1.9900497512437831,42.193548387096776,-0.32928740885288871,43.358230153582454,-18.338045132137225,-9.2964824120603033,5.8823529411764719,17.36617647058824
all,C,ALL,direction,BEAR,20,220,2384,2254,213,201,0,14,0,116,-0.19387607475681135,-2.5756699162062358,41.12688553682343,0.83815504317791878,44.520290541993056,-22.792325395891361,-12.11848702855897,8.4693273878275477,23.394643833120789
all,C,ALL,direction,BULL,5,190,3699,3631,186,182,42,3,0,23,1.4725186830964563,-0.48309178743961562,46.35086752960617,1.0382910968246433,44.612720958232757,-10.169491525423725,-4.9671038393282299,5.3102134339316871,14.166666666666661
all,C,ALL,direction,BULL,10,190,3699,3543,186,177,52,8,0,96,2.1082132510784977,-0.72289156626506035,46.203782105560258,1.8184266928800856,45.317850060995774,-12.801160293420354,-7.0595786453220573,7.123678469541872,19.698761975376097
all,C,ALL,direction,BULL,20,190,3699,3485,186,175,79,16,0,119,4.0671510220666693,-0.14925373134327949,49.23959827833572,3.6011345858030381,47.492107995947649,-17.355199094494822,-8.4837545126353771,11.261261261261255,30.018433179723502
all,C,ALL,direction,NEUTRAL,5,242,3884,3772,212,205,50,4,0,58,2.1766659558115578,0,49.814422057264053,1.7547771900147615,47.766433292131296,-9.0961293230156262,-4.5258478267399589,5.9699272380659192,15.010127638846564
all,C,ALL,direction,NEUTRAL,10,242,3884,3632,212,196,115,8,0,129,3.8684561770835124,0.30154989280044564,50.936123348017624,2.9307850983733599,47.937994986170786,-11.847929067107142,-5.9272012928794524,8.9955621301775128,22.627740838641323
all,C,ALL,direction,NEUTRAL,20,242,3884,3142,212,175,311,18,0,413,5.5506738860921674,0.13813116214224097,50.1591343093571,3.7412243840529409,46.577710735805169,-16.201280794214977,-8.7131526087229219,12.548575129533681,34.453899031503965
all,C,ALL,direction,UNKNOWN,5,20,0,0,0,0,0,0,0,0,,,,,,,,,
all,C,ALL,direction,UNKNOWN,10,20,0,0,0,0,0,0,0,0,,,,,,,,,
all,C,ALL,direction,UNKNOWN,20,20,0,0,0,0,0,0,0,0,,,,,,,,,
all,C,ALL,volatility_regime,HIGH,5,395,7006,6842,394,384,74,8,0,82,1.609485608000482,-0.33812945527716409,47.807658579362759,1.3664706073570521,45.84466051533169,-10.945437099283255,-5.4046287666977326,6.154938811188809,16.185258236540296
all,C,ALL,volatility_regime,HIGH,10,395,7006,6679,394,374,127,17,0,183,2.6140255268761896,-0.372093023255815,48.24075460398263,1.7213049573462023,46.471308964592758,-14.479879015408287,-7.3192508710801345,8.7521043771043736,22.013675859229664
all,C,ALL,volatility_regime,HIGH,20,395,7006,6148,394,349,350,37,0,471,4.0985692586428604,-0.46193318504531011,48.617436564736501,2.959657969524939,46.491598980842099,-19.524639984386543,-9.8272071537967491,12.189347840432568,32.087678505956767
all,C,ALL,volatility_regime,LOW,5,216,2949,2883,216,211,18,4,0,44,0.56076810513773057,-0.60060060060059806,44.571626777662161,0.63690215731760147,45.322996384625057,-9.2268497963762002,-4.7779152201360091,3.7506377871838859,10.576782808730298
all,C,ALL,volatility_regime,LOW,10,216,2949,2809,216,206,40,8,0,92,0.95417830611751442,-1.2062726176115812,44.215023139907437,0.85841542528338532,43.796191572523533,-11.867124979859286,-6.8235294117647065,5.5450236966824606,15.291921866682843
all,C,ALL,volatility_regime,LOW,20,216,2949,2721,216,201,40,11,0,177,2.1741579639693907,-1.2605712462103067,45.056964351341414,2.0655812011057972,45.5318174097021,-16.38341264445955,-8.9030206677265475,8.612553091080688,23.968618963884762
all,C,ALL,volatility_regime,UNKNOWN,5,61,12,12,1,1,0,0,0,0,3.6254736807903511,-0.16678720445063011,50,3.625473680790352,50,-5.7262065784227119,-3.5412036495496539,5.9570232901335451,20.480462688672588
all,C,ALL,volatility_regime,UNKNOWN,10,61,12,12,1,1,0,0,0,0,7.2019912236958783,-2.836302921884315,33.333333333333329,7.2019912236958801,33.333333333333329,-10.971049245525789,-7.6955214430170811,11.546681573659995,28.147257410210148
all,C,ALL,volatility_regime,UNKNOWN,20,61,12,12,1,1,0,0,0,0,5.2795306170888621,-5.1173711835220903,33.333333333333329,5.2795306170888612,33.333333333333329,-12.740460600587047,-8.3579825845494451,13.783621751247653,34.555663826287685
all,C,ALL,joint_regime,BEAR_HIGH,5,125,1395,1371,124,122,0,3,0,21,-0.62133285810661776,-1.9960079840319331,41.575492341356671,0.62042667745887414,42.414599319928911,-17.32673267326733,-8.5210616109188777,5.4141944080111521,16.083916083916083
all,C,ALL,joint_regime,BEAR_HIGH,10,125,1395,1369,124,122,0,5,0,21,-1.0224648151591036,-2.7070063694267565,41.197954711468228,-0.82806933032714003,42.495763951026298,-21.011502782931352,-12.008978675645343,7.1071071071071135,19.729843359579302
all,C,ALL,joint_regime,BEAR_HIGH,20,125,1395,1304,124,116,0,10,0,81,-0.90038842128914498,-3.7799230189465352,39.493865030674847,0.057491614056703458,42.687448247930384,-27.309526102870343,-14.593061059099023,9.4606610972834844,26.953695966907969
all,C,ALL,joint_regime,BEAR_LOW,5,89,989,963,89,87,0,2,0,24,-0.034217356136443708,-0.60060060060059806,44.652128764278295,0.44076073419331563,47.486054238237351,-9.8741718366530105,-5.0549356954262823,3.3488896782171711,10.199804182520658
all,C,ALL,joint_regime,BEAR_LOW,10,89,989,956,89,86,0,4,0,29,0.11078368074152371,-1.3364141468105606,43.619246861924687,0.37828694486639808,44.581728719999312,-12.841226803165835,-6.8374875373878377,4.7153500473036907,13.305614119955766
all,C,ALL,joint_regime,BEAR_LOW,20,89,989,950,89,85,0,4,0,35,0.77590508300967631,-1.6857558139534878,43.368421052631575,1.9035310170374593,47.02158120212566,-17.477846193199461,-9.5701441905630418,7.4456353885033684,20.485272056953974
all,C,ALL,joint_regime,BEAR_UNKNOWN,5,6,0,0,0,0,0,0,0,0,,,,,,,,,
all,C,ALL,joint_regime,BEAR_UNKNOWN,10,6,0,0,0,0,0,0,0,0,,,,,,,,,
all,C,ALL,joint_regime,BEAR_UNKNOWN,20,6,0,0,0,0,0,0,0,0,,,,,,,,,
all,C,ALL,joint_regime,BULL_HIGH,5,141,3024,2966,141,138,42,2,0,14,1.5401925089676964,-0.47633876741486336,46.493594066082267,0.91551078219058346,44.074224476654351,-10.355835053470008,-5.1269541293839405,5.6093841214243936,14.725167630005885
all,C,ALL,joint_regime,BULL_HIGH,10,141,3024,2878,141,133,52,7,0,87,2.2155274239969884,-0.59277850664536935,46.699096594857544,1.7468701219767258,45.524755788925845,-13.437682363717059,-7.0060214985066089,7.332772937733079,19.914436223013915
all,C,ALL,joint_regime,BULL_HIGH,20,141,3024,2821,141,131,79,14,0,110,3.9250144936177693,-0.1871490954460375,49.096065225097483,3.1349751752847865,46.575613066802788,-17.906618778860949,-9.0047393364928947,11.051212938005396,29.302325581395337
all,C,ALL,joint_regime,BULL_LOW,5,45,675,665,45,44,0,1,0,9,1.1706832431955556,-0.48309178743961562,45.714285714285715,1.4233748109041944,46.30164174136506,-9.1510047197806852,-4.3189368770764069,4.4692737430167551,11.921092288046967
all,C,ALL,joint_regime,BULL_LOW,10,45,675,665,45,44,0,1,0,9,1.6437768756508044,-1.5199493350221638,44.060150375939848,2.0347226912925147,44.692430474298064,-10.677781450683517,-7.1978701150518187,6.8301225919439545,18.529549718574124
all,C,ALL,joint_regime,BULL_LOW,20,45,675,664,45,44,0,2,0,9,4.6710172069376741,0,49.849397590361441,4.9890182853005589,50.220763353174426,-15.088253955309485,-7.4262899262899253,12.230890393162948,31.603586537234623
all,C,ALL,joint_regime,BULL_UNKNOWN,5,4,0,0,0,0,0,0,0,0,,,,,,,,,
all,C,ALL,joint_regime,BULL_UNKNOWN,10,4,0,0,0,0,0,0,0,0,,,,,,,,,
all,C,ALL,joint_regime,BULL_UNKNOWN,20,4,0,0,0,0,0,0,0,0,,,,,,,,,
all,C,ALL,joint_regime,NEUTRAL_HIGH,5,129,2587,2505,129,124,32,3,0,47,2.9124698190839449,0.65789473684210165,52.774451097804388,2.602356214780845,51.189722121594684,-9.1757989369381168,-4.3032786885245926,7.1949947862356645,17.367872831846391
all,C,ALL,joint_regime,NEUTRAL_HIGH,10,129,2587,2432,129,119,75,5,0,75,5.132624547572183,1.1230208771192407,54.029605263157897,4.3063763539872797,51.604990174834853,-11.86105159319445,-5.5741946626410437,11.036706349206353,26.725344830329188
all,C,ALL,joint_regime,NEUTRAL_HIGH,20,129,2587,2023,129,102,271,13,0,280,7.5628494399414832,1.5181518151815121,53.830944142362824,6.0349985899148928,50.709987605909831,-16.14750148249674,-8.2239583760312378,15.495067592254287,38.943538858459078
all,C,ALL,joint_regime,NEUTRAL_LOW,5,82,1285,1255,82,80,18,1,0,11,0.69413657716846877,-0.65176908752327944,43.904382470119522,0.41764599549263598,42.432416022614696,-8.9921934447481888,-4.7000904672739932,3.5647058823529476,10.243418019479764
all,C,ALL,joint_regime,NEUTRAL_LOW,10,82,1285,1188,82,76,40,3,0,54,1.246856936689744,-0.93869148697574567,44.781144781144782,0.72069870964469029,42.388419120405182,-11.809027503160239,-6.5564574381898142,5.7601961909366555,15.457482976340332
all,C,ALL,joint_regime,NEUTRAL_LOW,20,82,1285,1107,82,72,40,5,0,133,1.8764395354064169,-1.5873015873015928,43.631436314363143,0.4703455614007882,40.907601522635659,-16.368443293914684,-9.5480076934860634,7.3726699912527227,22.188888888888894
all,C,ALL,joint_regime,NEUTRAL_UNKNOWN,5,31,12,12,1,1,0,0,0,0,3.6254736807903511,-0.16678720445063011,50,3.625473680790352,50,-5.7262065784227119,-3.5412036495496539,5.9570232901335451,20.480462688672588
all,C,ALL,joint_regime,NEUTRAL_UNKNOWN,10,31,12,12,1,1,0,0,0,0,7.2019912236958783,-2.836302921884315,33.333333333333329,7.2019912236958801,33.333333333333329,-10.971049245525789,-7.6955214430170811,11.546681573659995,28.147257410210148
all,C,ALL,joint_regime,NEUTRAL_UNKNOWN,20,31,12,12,1,1,0,0,0,0,5.2795306170888621,-5.1173711835220903,33.333333333333329,5.2795306170888612,33.333333333333329,-12.740460600587047,-8.3579825845494451,13.783621751247653,34.555663826287685
all,C,ALL,joint_regime,UNKNOWN_UNKNOWN,5,20,0,0,0,0,0,0,0,0,,,,,,,,,
all,C,ALL,joint_regime,UNKNOWN_UNKNOWN,10,20,0,0,0,0,0,0,0,0,,,,,,,,,
all,C,ALL,joint_regime,UNKNOWN_UNKNOWN,20,20,0,0,0,0,0,0,0,0,,,,,,,,,
all,C,2024,direction,BEAR,5,116,1402,1355,109,105,0,2,0,45,-0.2446511524481538,-0.96418732782369565,42.952029520295206,0.16972729293764266,44.949295746318946,-10.462508817793267,-5.6253270538984816,3.385397480291763,10.479111793824217
all,C,2024,direction,BEAR,10,116,1402,1348,109,104,0,4,0,50,-0.46456843897658201,-1.9786314329989396,41.246290801186944,-0.38894098601381649,41.521466725749804,-14.208440636989538,-7.5697409440547583,4.4345444136755789,13.522906503319515
all,C,2024,direction,BEAR,20,116,1402,1281,109,97,0,5,0,116,-1.495804859030111,-3.7638376383763879,36.065573770491802,-0.93877066925188546,38.38105103925357,-19.123783031988872,-11.142410500085132,5.0995024875621908,17.257683215130015
all,C,2024,direction,BULL,5,20,302,302,16,16,0,0,0,0,-0.33010371354148527,-1.3896646339602359,40.397350993377486,0.14844144771758583,42.239725430514909,-9.6236151161025898,-4.8948567586747869,2.3422733378897447,10.292617996897819
all,C,2024,direction,BULL,10,20,302,302,16,16,0,0,0,0,-0.32674505587966296,-2.5627858258132852,38.079470198675494,0.0093207128798460381,39.32314691278507,-10.82236192757701,-7.2179196128800118,3.7620400281969939,12.168477441314376
all,C,2024,direction,BULL,20,20,302,301,16,16,0,1,0,0,0.39792740623821665,-2.8083422503078825,39.534883720930232,0.69558495797654785,40.287649059030642,-16.249999999999996,-9.0293453724604955,4.7413793103448176,23.380068207654411
all,C,2024,direction,NEUTRAL,5,88,923,911,58,57,0,1,0,11,-0.56112959707480226,-1.6563146997929601,36.772777167947311,-0.58917411495162908,36.216983150084339,-10.042735042735041,-5.815927831088918,2.469374378446787,8.2840236686390512
all,C,2024,direction,NEUTRAL,10,88,923,844,58,53,0,3,0,76,-1.3644466642310402,-2.8244114886125162,34.834123222748815,-1.1772224220107828,34.646290022137343,-12.582436969514607,-8.3398663263787949,2.8479249377050433,10.559115148202226
all,C,2024,direction,NEUTRAL,20,88,923,774,58,50,0,4,0,145,-2.5149227293601824,-4.7451345132539569,32.299741602067186,-2.0024106223025315,32.966197458484437,-18.203234649676382,-11.570241863042215,3.5818373226950309,14.89545585703911
all,C,2024,direction,UNKNOWN,5,20,0,0,0,0,0,0,0,0,,,,,,,,,
all,C,2024,direction,UNKNOWN,10,20,0,0,0,0,0,0,0,0,,,,,,,,,
all,C,2024,direction,UNKNOWN,20,20,0,0,0,0,0,0,0,0,,,,,,,,,
all,C,2024,volatility_regime,HIGH,5,77,1155,1134,76,74,0,0,0,21,-0.25354365134982926,-1.3103533899334829,41.005291005291006,0.14969295955470133,41.618301057146837,-10.48091109828135,-5.9960106382978768,3.5054933791602965,12.133968269394302
all,C,2024,volatility_regime,HIGH,10,77,1155,1112,76,73,0,0,0,43,-0.4623510603801283,-2.5240121832615872,38.938848920863315,0.0029138322713285285,39.865640944112336,-14.46749226006192,-8.4049424938213164,4.6963092124382433,15.259900990098997
all,C,2024,volatility_regime,HIGH,20,77,1155,1004,76,65,0,1,0,150,-1.1362033654781201,-4.4879414020645108,35.059760956175303,-0.55008847581317899,36.566238984774031,-19.072751947132399,-11.323217144717916,4.8072078421690314,19.072460063897761
all,C,2024,volatility_regime,LOW,5,106,1460,1422,106,103,0,3,0,35,-0.4911180587417015,-1.2603835028891783,39.943741209563996,-0.27271114871987623,42.0400526366764,-9.9885641215121037,-5.4044190175577036,2.6341793218223439,8.217837411207574
all,C,2024,volatility_regime,LOW,10,106,1460,1370,106,99,0,7,0,83,-1.0575166151596616,-2.2785102344431323,38.540145985401459,-1.1122042473276132,38.789203424265523,-12.52399530654151,-7.4858937248243329,3.5031694658827601,10.702947221104942
all,C,2024,volatility_regime,LOW,20,106,1460,1340,106,97,0,9,0,111,-1.9891837732311071,-3.5950636356592183,35.447761194029852,-1.5420175916924426,37.172529292089315,-17.996738536826467,-10.770408902288493,4.2467691120684155,15.090395477053391
all,C,2024,volatility_regime,UNKNOWN,5,61,12,12,1,1,0,0,0,0,3.6254736807903511,-0.16678720445063011,50,3.625473680790352,50,-5.7262065784227119,-3.5412036495496539,5.9570232901335451,20.480462688672588
all,C,2024,volatility_regime,UNKNOWN,10,61,12,12,1,1,0,0,0,0,7.2019912236958783,-2.836302921884315,33.333333333333329,7.2019912236958801,33.333333333333329,-10.971049245525789,-7.6955214430170811,11.546681573659995,28.147257410210148
all,C,2024,volatility_regime,UNKNOWN,20,61,12,12,1,1,0,0,0,0,5.2795306170888621,-5.1173711835220903,33.333333333333329,5.2795306170888612,33.333333333333329,-12.740460600587047,-8.3579825845494451,13.783621751247653,34.555663826287685
all,C,2024,joint_regime,BEAR_HIGH,5,49,668,647,48,46,0,0,0,21,0.12362946341966485,-1.1084401709401726,43.122102009273569,0.72285984673447767,44.190156398380388,-10.675184275184273,-6.1079342751717505,3.96667338768667,13.123849070229284
all,C,2024,joint_regime,BEAR_HIGH,10,49,668,647,48,46,0,0,0,21,0.22702502099567096,-1.9672131147540961,42.040185471406495,0.84567917813305793,43.295861977954246,-14.857415153280035,-8.1614937641723344,6.093109371708227,17.324867501551214
all,C,2024,joint_regime,BEAR_HIGH,20,49,668,586,48,40,0,1,0,81,-0.54791349456547778,-4.1876334248246385,35.494880546075088,0.56121731091106475,38.853390336489682,-19.390876825176178,-11.401788110920695,5.7609715052019954,19.487249445232635
all,C,2024,joint_regime,BEAR_LOW,5,61,734,708,61,59,0,2,0,24,-0.58120137627086343,-0.81465500958207149,42.79661016949153,-0.26152859646327975,45.541167102338839,-9.9143037774616758,-5.1812272234807413,3.0444717410119004,8.3187274586854763
all,C,2024,joint_regime,BEAR_LOW,10,61,734,701,61,58,0,4,0,29,-1.1028865111620993,-2.0051413881748026,40.513552068473608,-1.3681224955096132,40.114187732622128,-12.952135566346248,-7.2614107883817391,3.510351035103509,10.871905274488691
all,C,2024,joint_regime,BEAR_LOW,20,61,734,695,61,57,0,4,0,35,-2.295034124607485,-3.443526170798894,36.546762589928058,-1.9913938132258857,38.049584865754547,-18.133069655020876,-10.650653639118833,4.7223630831643044,14.919172285812552
all,C,2024,joint_regime,BEAR_UNKNOWN,5,6,0,0,0,0,0,0,0,0,,,,,,,,,
all,C,2024,joint_regime,BEAR_UNKNOWN,10,6,0,0,0,0,0,0,0,0,,,,,,,,,
all,C,2024,joint_regime,BEAR_UNKNOWN,20,6,0,0,0,0,0,0,0,0,,,,,,,,,
all,C,2024,joint_regime,BULL_HIGH,5,6,110,110,6,6,0,0,0,0,0.76083935228886368,-0.72649873346467553,46.36363636363636,1.2522192245137183,47.892964735069995,-7.9165596094552972,-4.5870532041427525,3.3002987082578041,12.455080804363108
all,C,2024,joint_regime,BULL_HIGH,10,6,110,110,6,6,0,0,0,0,1.1173801469849278,-1.719917071369742,44.545454545454547,1.9634777691279286,47.606858054226471,-10.34441995039956,-6.1179728238115185,6.293036899799298,14.53335939026775
all,C,2024,joint_regime,BULL_HIGH,20,6,110,110,6,6,0,0,0,0,2.7030321630777028,0.20338665023087452,50.909090909090907,3.6475508019540803,52.433900407584609,-12.721794460189528,-8.2427396308025003,6.341853939653225,28.070122580112862
all,C,2024,joint_regime,BULL_LOW,5,10,192,192,10,10,0,0,0,0,-0.95512317834012272,-1.7138289613076674,36.979166666666671,-0.51382521836009376,38.847781847781846,-10.600702207514427,-5.5957153255331438,1.9324129144219162,8.6688213339103122
all,C,2024,joint_regime,BULL_LOW,10,10,192,192,10,10,0,0,0,0,-1.1541084533541681,-2.9677468765816895,34.375,-1.1631735208690035,34.352920227920229,-12.083854732610986,-8.0284304127916482,3.3984548913263524,10.790971900421708
all,C,2024,joint_regime,BULL_LOW,20,10,192,191,10,10,0,1,0,0,-0.92961983592064967,-3.5714285714285694,32.984293193717278,-1.0755945484099716,32.999898249898251,-18.315018315018321,-9.8002269973465843,2.7039007092198641,21.539243078486159
all,C,2024,joint_regime,BULL_UNKNOWN,5,4,0,0,0,0,0,0,0,0,,,,,,,,,
all,C,2024,joint_regime,BULL_UNKNOWN,10,4,0,0,0,0,0,0,0,0,,,,,,,,,
all,C,2024,joint_regime,BULL_UNKNOWN,20,4,0,0,0,0,0,0,0,0,,,,,,,,,
all,C,2024,joint_regime,NEUTRAL_HIGH,5,22,377,377,22,22,0,0,0,0,-1.1968145682095612,-2.1015761821366001,35.809018567639257,-1.3494358768100176,34.529513431497669,-10.456821389216463,-6.4648263579697218,2.7079303675048294,9.3646932918227712
all,C,2024,joint_regime,NEUTRAL_HIGH,10,22,377,355,22,21,0,0,0,22,-2.2082574194232225,-3.4904013961605584,31.549295774647888,-2.4033047168133925,30.140047124235537,-14.453671703539266,-9.4781129088272191,1.9346407674937893,11.086580086580089
all,C,2024,joint_regime,NEUTRAL_HIGH,20,22,377,308,22,19,0,0,0,69,-3.6266376917636687,-5.616272527322641,28.571428571428569,-4.2152499040012481,26.740343058169358,-19.4719925307833,-11.958333333333336,1.6892026923322923,15.18762284400521
all,C,2024,joint_regime,NEUTRAL_LOW,5,35,534,522,35,34,0,1,0,11,-0.19826753810272907,-1.3981066762546126,37.164750957854409,-0.22120026303567131,36.903492472407613,-9.8314273649376531,-5.5135839709792549,2.2842747658245734,7.8279499011206291
all,C,2024,joint_regime,NEUTRAL_LOW,10,35,534,477,35,31,0,3,0,54,-0.95196120628952718,-2.5210084033613467,37.316561844863735,-0.61694775926406831,37.741259620354846,-11.933483370842712,-7.6746849942726172,3.4416826003824008,9.8887377173091444
all,C,2024,joint_regime,NEUTRAL_LOW,20,35,534,454,35,30,0,4,0,76,-1.9667404204110954,-4.1919576502632223,34.801762114537446,-0.84367711853972382,36.897000716189041,-17.749673983916541,-11.377122352529319,4.1245606600692986,14.016538354798591
all,C,2024,joint_regime,NEUTRAL_UNKNOWN,5,31,12,12,1,1,0,0,0,0,3.6254736807903511,-0.16678720445063011,50,3.625473680790352,50,-5.7262065784227119,-3.5412036495496539,5.9570232901335451,20.480462688672588
all,C,2024,joint_regime,NEUTRAL_UNKNOWN,10,31,12,12,1,1,0,0,0,0,7.2019912236958783,-2.836302921884315,33.333333333333329,7.2019912236958801,33.333333333333329,-10.971049245525789,-7.6955214430170811,11.546681573659995,28.147257410210148
all,C,2024,joint_regime,NEUTRAL_UNKNOWN,20,31,12,12,1,1,0,0,0,0,5.2795306170888621,-5.1173711835220903,33.333333333333329,5.2795306170888612,33.333333333333329,-12.740460600587047,-8.3579825845494451,13.783621751247653,34.555663826287685
all,C,2024,joint_regime,UNKNOWN_UNKNOWN,5,20,0,0,0,0,0,0,0,0,,,,,,,,,
all,C,2024,joint_regime,UNKNOWN_UNKNOWN,10,20,0,0,0,0,0,0,0,0,,,,,,,,,
all,C,2024,joint_regime,UNKNOWN_UNKNOWN,20,20,0,0,0,0,0,0,0,0,,,,,,,,,
all,C,2025,direction,BEAR,5,40,384,384,40,40,0,0,0,0,1.4311861695651531,-0.2347529291362726,47.916666666666671,2.2608411836345992,49.189467087182123,-9.8052785923753678,-4.9687189645924166,4.8575600925649498,15.209135938359932
all,C,2025,direction,BEAR,10,40,384,384,40,40,0,0,0,0,2.6237827646069949,0.50289671032264227,51.302083333333336,3.5965215507735935,53.03540197276736,-14.546458062167565,-6.6282174419150959,9.0373939005132247,19.774171506974195
all,C,2025,direction,BEAR,20,40,384,383,40,40,0,1,0,0,7.152631500268515,2.3479188900747072,57.441253263707573,7.9731096819052878,60.466154918091576,-15.396903389935053,-6.813662756313871,15.403929598751887,35.453394554352556
all,C,2025,direction,BULL,5,104,1968,1942,104,102,0,3,0,23,1.2698264530156325,-0.62385022500212051,44.902162718846547,1.1372807798747675,43.793739405119084,-8.6956521739130483,-4.5560076088277341,4.8742064608937703,12.290045030770585
all,C,2025,direction,BULL,10,104,1968,1868,104,98,0,4,0,96,1.8439186576630031,-0.70251890163254838,45.931477516059957,2.0709228685376537,46.252279774099634,-10.969612991054069,-6.277633789678438,6.2325628447041366,17.040617022779177
all,C,2025,direction,BULL,20,104,1968,1843,104,97,0,6,0,119,4.8467222875601905,1.0088272383354413,53.282691264243084,4.8689087752144582,52.547327426373101,-12.487153134635149,-6.0973090994925094,10.89712365400295,26.352673450735754
all,C,2025,direction,NEUTRAL,5,98,1811,1764,98,95,0,0,0,47,2.1086774684246952,0.45512733142516465,52.324263038548757,1.7221419126602595,50.288036795767802,-8.0853922843519737,-3.8887004345879741,5.7293094311349826,13.399245003700957
all,C,2025,direction,NEUTRAL,10,98,1811,1758,98,94,0,0,0,53,3.6918584601275182,0.59232838264530185,52.445961319681459,2.7079004197731362,49.401453606978571,-11.083677282901087,-5.2052321577785587,8.7997439696402502,20.668275646396861
all,C,2025,direction,NEUTRAL,20,98,1811,1540,98,85,0,3,0,268,4.9941395555032013,0.54556276854968999,51.558441558441558,3.0980780164447546,47.974155496202918,-14.826588009329122,-8.0059133844641277,11.465109899338255,30.708980904742582
all,C,2025,direction,UNKNOWN,5,0,0,0,0,0,0,0,0,0,,,,,,,,,
all,C,2025,direction,UNKNOWN,10,0,0,0,0,0,0,0,0,0,,,,,,,,,
all,C,2025,direction,UNKNOWN,20,0,0,0,0,0,0,0,0,0,,,,,,,,,
all,C,2025,volatility_regime,HIGH,5,134,2714,2651,134,130,0,2,0,61,1.7103712265952771,-0.24271844660194161,48.132780082987551,1.6364980996524965,46.480870357427051,-8.5106382978723421,-4.3641622175415407,5.5788392850008357,13.39748334566988
all,C,2025,volatility_regime,HIGH,10,134,2714,2571,134,125,0,3,0,140,2.6500097947782644,-0.16017084890549421,49.124854142357059,2.5152971560999808,48.927934487127054,-11.319058947924932,-5.7277679616185573,7.1238692400640069,18.817204301075275
all,C,2025,volatility_regime,HIGH,20,134,2714,2385,134,118,0,8,0,321,4.5205668259793743,0.64766839378238572,52.20125786163522,4.1507427292659811,51.24898488340375,-13.497760632681649,-6.9255663430420666,10.53511705685619,25.385409217232286
all,C,2025,volatility_regime,LOW,5,108,1449,1439,108,107,0,1,0,9,1.5295979106785684,0,48.85337039610841,1.4700468751449574,48.312060298522013,-8.7206314749874085,-4.1431748043932295,4.7253875157101,12.200737167036831
all,C,2025,volatility_regime,LOW,10,108,1449,1439,108,107,0,1,0,9,2.8694125258185088,0,49.617790132036141,2.681699047605711,48.428825466706193,-11.361592748889507,-6.0064214827787499,7.759592050544672,20.017094017094021
all,C,2025,volatility_regime,LOW,20,108,1449,1381,108,104,0,2,0,66,6.2138957828315684,1.6566265060240948,54.380883417813173,5.4303608443887716,53.328461134783254,-14.35483870967742,-7.08902496467263,14.399999999999991,34.375
all,C,2025,volatility_regime,UNKNOWN,5,0,0,0,0,0,0,0,0,0,,,,,,,,,
all,C,2025,volatility_regime,UNKNOWN,10,0,0,0,0,0,0,0,0,0,,,,,,,,,
all,C,2025,volatility_regime,UNKNOWN,20,0,0,0,0,0,0,0,0,0,,,,,,,,,
all,C,2025,joint_regime,BEAR_HIGH,5,12,129,129,12,12,0,0,0,0,1.3258622377724243,-1.5042511445389153,44.186046511627907,3.0547730232693326,43.601735316552251,-9.9117840684660976,-5.1383399209486207,5.9553349875930417,13.020473890039103
all,C,2025,joint_regime,BEAR_HIGH,10,12,129,129,12,12,0,0,0,0,0.99612355422912924,0,49.612403100775197,2.6647566694063261,51.167524790236463,-16.56010833116445,-10.466582597730136,8.5610200364298663,18.695883767614742
all,C,2025,joint_regime,BEAR_HIGH,20,12,129,128,12,12,0,1,0,0,3.18202593079255,-0.74145389736826051,48.4375,3.6345669561793308,49.219844324249365,-16.714285714285712,-10.998385999088415,10.914761058999828,27.445719602977661
all,C,2025,joint_regime,BEAR_LOW,5,28,255,255,28,28,0,0,0,0,1.4844676880014744,0,49.803921568627452,1.920584680933999,51.58420927459494,-9.2746522819821227,-4.7549936945131659,4.0742872922487905,16.086017683252397
all,C,2025,joint_regime,BEAR_LOW,10,28,255,255,28,28,0,0,0,0,3.4471868357393269,0.56818181818181213,52.156862745098046,3.9958493570738502,53.835920765280612,-12.239534198742437,-4.9784172871076677,9.1289757805660852,20.285608722961271
all,C,2025,joint_regime,BEAR_LOW,20,28,255,255,28,28,0,0,0,0,9.1457197861231148,3.4482758620689724,61.96078431372549,9.8324851357878398,65.286002315452535,-13.51648701312476,-3.5032057381618404,17.662048423238787,37.429224342819538
all,C,2025,joint_regime,BEAR_UNKNOWN,5,0,0,0,0,0,0,0,0,0,,,,,,,,,
all,C,2025,joint_regime,BEAR_UNKNOWN,10,0,0,0,0,0,0,0,0,0,,,,,,,,,
all,C,2025,joint_regime,BEAR_UNKNOWN,20,0,0,0,0,0,0,0,0,0,,,,,,,,,
all,C,2025,joint_regime,BULL_HIGH,5,69,1485,1469,69,68,0,2,0,14,1.0239039923689655,-0.83472454090149906,43.498978897208985,0.70935140711530564,41.443632370292676,-8.6956521739130483,-4.6808510638297829,4.6060606060606135,12.303921568627464
all,C,2025,joint_regime,BULL_HIGH,10,69,1485,1395,69,64,0,3,0,87,1.5266950588979959,-0.71620411817368002,45.232974910394262,1.590482929548898,45.465401238622668,-11.155502867676214,-6.0344246265888906,5.652622253206097,15.362080241762737
all,C,2025,joint_regime,BULL_HIGH,20,69,1485,1370,69,63,0,5,0,110,4.1265666875226072,0.52070637306681489,52.116788321167881,3.8414508120393345,51.069462782817446,-12.201207069567342,-6.2034187026791319,9.7202097068267328,22.565314200890665
all,C,2025,joint_regime,BULL_LOW,5,35,483,473,35,34,0,1,0,9,2.0335898667364658,0,49.260042283298098,1.9931395253936912,48.493953474771878,-8.7185427864059246,-4.069175991861651,5.3054662379421247,12.286236988077897
all,C,2025,joint_regime,BULL_LOW,10,35,483,473,35,34,0,1,0,9,2.7794935419699476,-0.60150375939849166,47.991543340380552,2.9752804007517839,47.733462899703319,-10.630083362096025,-6.973365617433414,7.8083407275953745,21.073561794980431
all,C,2025,joint_regime,BULL_LOW,20,35,483,473,35,34,0,1,0,9,6.9325852305865956,2.7573529411764719,56.659619450317123,6.7727279422742441,55.28572367766742,-13.321516501874628,-5.8362369337979123,16.135265700483092,34.516692909792106
all,C,2025,joint_regime,BULL_UNKNOWN,5,0,0,0,0,0,0,0,0,0,,,,,,,,,
all,C,2025,joint_regime,BULL_UNKNOWN,10,0,0,0,0,0,0,0,0,0,,,,,,,,,
all,C,2025,joint_regime,BULL_UNKNOWN,20,0,0,0,0,0,0,0,0,0,,,,,,,,,
all,C,2025,joint_regime,NEUTRAL_HIGH,5,53,1100,1053,53,50,0,0,0,47,2.7151404826604235,0.89430894308943898,55.080721747388417,2.5570316198350351,54.022506429739749,-7.8895365649493989,-3.6729857819905232,6.4899451553930501,14.991646545737712
all,C,2025,joint_regime,NEUTRAL_HIGH,10,53,1100,1047,53,49,0,0,0,53,4.3504638364055932,0.98684210526316363,54.250238777459401,3.6866154487447389,52.901955798697806,-10.65828015482791,-4.7730177251764205,9.6160373574154328,21.255736337088024
all,C,2025,joint_regime,NEUTRAL_HIGH,20,53,1100,887,53,43,0,2,0,211,5.3222730540173488,0.81300813008129413,52.874859075535511,4.7479404051338525,52.078277419375631,-14.423506556580865,-7.518650394104359,12.218504928412123,30.95642682964889
all,C,2025,joint_regime,NEUTRAL_LOW,5,45,711,711,45,45,0,0,0,0,1.2104980675945656,-0.093457943925234696,48.241912798874829,0.79448668246606569,46.13862609135451,-8.1313526192337768,-4.1608744727618383,4.4676698484792166,11.222444889779547
all,C,2025,joint_regime,NEUTRAL_LOW,10,45,711,711,45,45,0,0,0,0,2.7220134123593822,0,49.789029535864984,1.6421884993373901,45.589795664884292,-11.642949547218628,-5.7554563620792534,7.3958784098898995,18.236714975845398
all,C,2025,joint_regime,NEUTRAL_LOW,20,45,711,653,45,42,0,1,0,57,4.5484206991754075,0,49.770290964777949,1.4089331899297246,43.772316384383231,-14.926822199681204,-8.2851637764932544,10.747051114023588,30.456634909586604
all,C,2025,joint_regime,NEUTRAL_UNKNOWN,5,0,0,0,0,0,0,0,0,0,,,,,,,,,
all,C,2025,joint_regime,NEUTRAL_UNKNOWN,10,0,0,0,0,0,0,0,0,0,,,,,,,,,
all,C,2025,joint_regime,NEUTRAL_UNKNOWN,20,0,0,0,0,0,0,0,0,0,,,,,,,,,
all,C,2025,joint_regime,UNKNOWN_UNKNOWN,5,0,0,0,0,0,0,0,0,0,,,,,,,,,
all,C,2025,joint_regime,UNKNOWN_UNKNOWN,10,0,0,0,0,0,0,0,0,0,,,,,,,,,
all,C,2025,joint_regime,UNKNOWN_UNKNOWN,20,0,0,0,0,0,0,0,0,0,,,,,,,,,
all,C,2026,direction,BEAR,5,64,598,595,64,64,0,3,0,0,-1.8535661175955269,-3.6541889483065919,39.327731092436977,0.0903628972025734,40.91582967042504,-22.717087756889182,-14.539665171244121,7.5588710798335068,19.39610966281834
all,C,2026,direction,BEAR,10,64,598,593,64,64,0,5,0,0,-2.824855748790168,-5.8007566204287482,38.448566610455309,-2.6859809457329318,40.294738336819933,-28.206321170608426,-17.495506291192331,8.0135440180586937,21.56114753099077
all,C,2026,direction,BEAR,20,64,598,590,64,64,0,8,0,0,-2.1361500215035951,-4.6142780677104263,41.525423728813557,-0.92803857312526494,43.858910178271017,-35.40202068708416,-21.974873843566023,12.607150308833017,32.388401023040991
all,C,2026,direction,BULL,5,66,1429,1387,66,64,42,0,0,0,2.1488130411365551,0,49.675558759913478,1.102988701740272,46.511221690437154,-12.647107480447463,-5.9390966031766359,7.1690465198816273,18.39517587939698
all,C,2026,direction,BULL,10,66,1429,1373,66,63,52,4,0,0,3.0033769140074922,-0.28268551236748651,48.361252731245443,1.8851103510636105,45.38675702110995,-16.163356640354596,-8.4124830393487056,10.159118727050176,24.560733558475917
all,C,2026,direction,BULL,20,66,1429,1341,66,62,79,9,0,0,3.8193407805005286,-1.6169154228855676,45.861297539149888,2.3675006772920075,41.442350870776743,-23.479640401903762,-13.132694938440492,14.374034003091186,37.443609022556394
all,C,2026,direction,NEUTRAL,5,56,1150,1097,56,53,50,3,0,0,4.5595861385188492,1.4250309789343163,56.60893345487694,4.3341276755197011,55.66768471196545,-9.4443398232238884,-4.1456016177957578,9.7046413502109647,20.591817079117146
all,C,2026,direction,NEUTRAL,10,56,1150,1030,56,49,115,5,0,0,8.4578045115282858,4.1728274387656139,61.553398058252426,7.8017148610015354,59.507285858371603,-11.668992918289486,-4.1748259355961688,16.097272727272728,35.179724620550921
all,C,2026,direction,NEUTRAL,20,56,1150,828,56,40,311,11,0,0,14.125353414434107,6.5056688590125358,64.251207729468589,12.287454173164679,60.624657216610821,-15.710069956406034,-6.5738994419161507,25.532391200971432,54.992408906882616
all,C,2026,direction,UNKNOWN,5,0,0,0,0,0,0,0,0,0,,,,,,,,,
all,C,2026,direction,UNKNOWN,10,0,0,0,0,0,0,0,0,0,,,,,,,,,
all,C,2026,direction,UNKNOWN,20,0,0,0,0,0,0,0,0,0,,,,,,,,,
all,C,2026,volatility_regime,HIGH,5,184,3137,3057,184,180,74,6,0,0,2.2130928717258507,0.0528820729772672,50.049067713444551,1.6716815625735308,47.122678962183244,-14.253853543635639,-6.5182829888712268,8.203125,19.885518860405465
all,C,2026,volatility_regime,HIGH,10,184,3137,2996,184,176,127,14,0,0,3.7249785349712465,0.47095877447211887,50.934579439252339,1.8701318169271313,47.466397459923918,-17.519675789326442,-8.6705202312138727,12.008627916832936,27.51698542515275
all,C,2026,volatility_regime,HIGH,20,184,3137,2759,184,166,350,28,0,0,5.6387097140686935,0.31315240083507051,50.453062703878217,3.4872815677028588,46.996278879891172,-24.524518833767388,-12.552974345235818,18.208529240516626,41.049377254809436
all,C,2026,volatility_regime,LOW,5,2,40,22,2,1,18,0,0,0,5.1805878716507578,5.9310239031601268,63.636363636363633,5.180587871650757,63.636363636363633,-7.8583227006744112,-3.4193881947436422,9.4819340833709731,17.920485787428966
all,C,2026,volatility_regime,LOW,10,2,40,0,2,0,40,0,0,0,,,,,,,,,
all,C,2026,volatility_regime,LOW,20,2,40,0,2,0,40,0,0,0,,,,,,,,,
all,C,2026,volatility_regime,UNKNOWN,5,0,0,0,0,0,0,0,0,0,,,,,,,,,
all,C,2026,volatility_regime,UNKNOWN,10,0,0,0,0,0,0,0,0,0,,,,,,,,,
all,C,2026,volatility_regime,UNKNOWN,20,0,0,0,0,0,0,0,0,0,,,,,,,,,
all,C,2026,joint_regime,BEAR_HIGH,5,64,598,595,64,64,0,3,0,0,-1.8535661175955269,-3.6541889483065919,39.327731092436977,0.0903628972025734,40.91582967042504,-22.717087756889182,-14.539665171244121,7.5588710798335068,19.39610966281834
all,C,2026,joint_regime,BEAR_HIGH,10,64,598,593,64,64,0,5,0,0,-2.824855748790168,-5.8007566204287482,38.448566610455309,-2.6859809457329318,40.294738336819933,-28.206321170608426,-17.495506291192331,8.0135440180586937,21.56114753099077
all,C,2026,joint_regime,BEAR_HIGH,20,64,598,590,64,64,0,8,0,0,-2.1361500215035951,-4.6142780677104263,41.525423728813557,-0.92803857312526494,43.858910178271017,-35.40202068708416,-21.974873843566023,12.607150308833017,32.388401023040991
all,C,2026,joint_regime,BEAR_LOW,5,0,0,0,0,0,0,0,0,0,,,,,,,,,
all,C,2026,joint_regime,BEAR_LOW,10,0,0,0,0,0,0,0,0,0,,,,,,,,,
all,C,2026,joint_regime,BEAR_LOW,20,0,0,0,0,0,0,0,0,0,,,,,,,,,
all,C,2026,joint_regime,BEAR_UNKNOWN,5,0,0,0,0,0,0,0,0,0,,,,,,,,,
all,C,2026,joint_regime,BEAR_UNKNOWN,10,0,0,0,0,0,0,0,0,0,,,,,,,,,
all,C,2026,joint_regime,BEAR_UNKNOWN,20,0,0,0,0,0,0,0,0,0,,,,,,,,,
all,C,2026,joint_regime,BULL_HIGH,5,66,1429,1387,66,64,42,0,0,0,2.1488130411365551,0,49.675558759913478,1.102988701740272,46.511221690437154,-12.647107480447463,-5.9390966031766359,7.1690465198816273,18.39517587939698
all,C,2026,joint_regime,BULL_HIGH,10,66,1429,1373,66,63,52,4,0,0,3.0033769140074922,-0.28268551236748651,48.361252731245443,1.8851103510636105,45.38675702110995,-16.163356640354596,-8.4124830393487056,10.159118727050176,24.560733558475917
all,C,2026,joint_regime,BULL_HIGH,20,66,1429,1341,66,62,79,9,0,0,3.8193407805005286,-1.6169154228855676,45.861297539149888,2.3675006772920075,41.442350870776743,-23.479640401903762,-13.132694938440492,14.374034003091186,37.443609022556394
all,C,2026,joint_regime,BULL_LOW,5,0,0,0,0,0,0,0,0,0,,,,,,,,,
all,C,2026,joint_regime,BULL_LOW,10,0,0,0,0,0,0,0,0,0,,,,,,,,,
all,C,2026,joint_regime,BULL_LOW,20,0,0,0,0,0,0,0,0,0,,,,,,,,,
all,C,2026,joint_regime,BULL_UNKNOWN,5,0,0,0,0,0,0,0,0,0,,,,,,,,,
all,C,2026,joint_regime,BULL_UNKNOWN,10,0,0,0,0,0,0,0,0,0,,,,,,,,,
all,C,2026,joint_regime,BULL_UNKNOWN,20,0,0,0,0,0,0,0,0,0,,,,,,,,,
all,C,2026,joint_regime,NEUTRAL_HIGH,5,54,1110,1075,54,52,32,3,0,0,4.5468772658408003,1.3250194855806807,56.465116279069768,4.3178495948248736,55.514440886496253,-9.4951457984116665,-4.1561341422312106,9.6963272432499803,20.754208531093564
all,C,2026,joint_regime,NEUTRAL_HIGH,10,54,1110,1030,54,49,75,5,0,0,8.4578045115282858,4.1728274387656139,61.553398058252426,7.8017148610015354,59.507285858371603,-11.668992918289486,-4.1748259355961688,16.097272727272728,35.179724620550921
all,C,2026,joint_regime,NEUTRAL_HIGH,20,54,1110,828,54,40,271,11,0,0,14.125353414434107,6.5056688590125358,64.251207729468589,12.287454173164679,60.624657216610821,-15.710069956406034,-6.5738994419161507,25.532391200971432,54.992408906882616
all,C,2026,joint_regime,NEUTRAL_LOW,5,2,40,22,2,1,18,0,0,0,5.1805878716507578,5.9310239031601268,63.636363636363633,5.180587871650757,63.636363636363633,-7.8583227006744112,-3.4193881947436422,9.4819340833709731,17.920485787428966
all,C,2026,joint_regime,NEUTRAL_LOW,10,2,40,0,2,0,40,0,0,0,,,,,,,,,
all,C,2026,joint_regime,NEUTRAL_LOW,20,2,40,0,2,0,40,0,0,0,,,,,,,,,
all,C,2026,joint_regime,NEUTRAL_UNKNOWN,5,0,0,0,0,0,0,0,0,0,,,,,,,,,
all,C,2026,joint_regime,NEUTRAL_UNKNOWN,10,0,0,0,0,0,0,0,0,0,,,,,,,,,
all,C,2026,joint_regime,NEUTRAL_UNKNOWN,20,0,0,0,0,0,0,0,0,0,,,,,,,,,
all,C,2026,joint_regime,UNKNOWN_UNKNOWN,5,0,0,0,0,0,0,0,0,0,,,,,,,,,
all,C,2026,joint_regime,UNKNOWN_UNKNOWN,10,0,0,0,0,0,0,0,0,0,,,,,,,,,
all,C,2026,joint_regime,UNKNOWN_UNKNOWN,20,0,0,0,0,0,0,0,0,0,,,,,,,,,
